"x","y","NPP","bio1","bio2","bio3","bio4","bio5","bio6","bio7","bio8","bio9","bio10","bio11","bio12","bio13","bio14","bio15","bio16","bio17","bio18","bio19","geosif","LSIF.mean","LSIF.max","lai.max","lc","years","dem","bdod_0-5","bdod_100-200","bdod_15-30","bdod_30-60","bdod_5-15","bdod_60-100","cec_0-5","cec_100-200","cec_15-30","cec_30-60","cec_5-15","cec_60-100","cfvo_0-5","cfvo_100-200","cfvo_15-30","cfvo_30-60","cfvo_5-15","cfvo_60-100","clay_0-5","clay_100-200","clay_15-30","clay_30-60","clay_5-15","clay_60-100","nitrogen_0-5","nitrogen_100-200","nitrogen_15-30","nitrogen_30-60","nitrogen_5-15","nitrogen_60-100","ocd_0-5","ocd_100-200","ocd_15-30","ocd_30-60","ocd_5-15","ocd_60-100","ocs_0-30","phh2o_0-5","phh2o_100-200","phh2o_15-30","phh2o_30-60","phh2o_5-15","phh2o_60-100","sand_0-5","sand_100-200","sand_15-30","sand_30-60","sand_5-15","sand_60-100","silt_0-5","silt_100-200","silt_15-30","silt_30-60","silt_5-15","silt_60-100","soc_0-5","soc_100-200","soc_15-30","soc_30-60","soc_5-15","soc_60-100","site"
97.5166156675947,39.1171390469846,54.4999986886978,-7.15955638885498,-12.2594404220581,-88.4921569824219,978.588073730469,-1.42528808116913,-15.2866630554199,13.8613748550415,3.39175605773926,-16.5929412841797,4.51680660247803,-19.5657634735107,217.69612121582,68.6005477905273,0.5,125.565483093262,157.676055908203,2.20000004768372,105.327224731445,2.20000004768372,-0.018765754699707,0.0245804190635681,0.107532076537609,0.266666680574417,10,2001,4159.330078125,111.942649841309,148.246994018555,124.695663452148,139.246994018555,116.942649841309,145.399154663086,222.402435302734,175.511581420898,177.910720825195,171.037475585938,179.163269042969,164.227111816406,217.069763183594,329.884338378906,244.961578369141,269.14990234375,226.65168762207,301.753387451172,189.771926879883,198.171081542969,195.659515380859,193.196502685547,190.918548583984,210.746505737305,237.617126464844,70.815544128418,156.917236328125,122.827003479004,196.31184387207,84.7197723388672,269.242767333984,42.1401138305664,210.881072998047,111.041061401367,240.49397277832,74.4685516357422,42.6689262390137,74.9051818847656,77.3418045043945,76,77.2469863891602,76,77.3418045043945,446,432.102630615234,432.416748046875,428.296508789062,441.511566162109,421.774200439453,364.228057861328,369.726287841797,371.923736572266,377.848785400391,367.569885253906,367.726287841797,255.439361572266,71.7993087768555,190.815948486328,141.785339355469,230.291015625,86.5412292480469,2.49293833964864
97.5255988204359,39.1171390469846,54.4999986886978,-7.30824136734009,-12.1702861785889,-88.8908081054688,972.504272460938,-1.62672543525696,-15.3451337814331,13.7184085845947,3.20242309570312,-16.645092010498,4.32874631881714,-19.6114864349365,220.906661987305,69.6527328491211,0.5,125.231842041016,159.518646240234,2.19024586677551,106.303245544434,2.20000004768372,-0.017880451965332,0.026498032733798,0.107532076537609,0.225000008940697,10,2001,4117.4677734375,111.83927154541,148.658157348633,124.081634521484,139.558670043945,116.938758850098,146.515274047852,219.683700561523,172.750106811523,177.061248779297,169.645462036133,179.173416137695,161.750106811523,222.805847167969,325.653228759766,245.612213134766,264.278228759766,227.533111572266,305.834014892578,194.890029907227,203.410461425781,202.566024780273,199.583877563477,195.696212768555,213.323837280273,226.291259765625,63.280948638916,154.571533203125,121.278060913086,185.023345947266,78.7272644042969,271.852020263672,45.5840454101562,211.579132080078,118.767608642578,237.834350585938,73.7449417114258,34.8778533935547,75,77.8571166992188,76.0994873046875,77.7576370239258,76.0994873046875,77.8571166992188,445.204132080078,436.2421875,431.242370605469,425.7705078125,440.142883300781,427.594177246094,359.806365966797,360.247863769531,366.191619873047,374.403259277344,364.061401367188,359.740142822266,251.193710327148,66.4107971191406,181.699172973633,141.731918334961,218.954406738281,81.1378936767578,2.49316798713974
97.5435651261183,39.1171390469846,53.1999990344048,-6.36276197433472,-12.9244956970215,-99.6078414916992,975.805358886719,-1.10529732704163,-14.0928153991699,12.9875183105469,4.08678913116455,-15.7214384078979,5.2636604309082,-18.8045310974121,208.838088989258,65.8657150268555,0.5,125.509452819824,151.569137573242,2.1381516456604,101.476486206055,2.20000004768372,-0.0170693740844727,0.0272208973765373,0.107532076537609,0.300000011920929,10,2001,3954.51611328125,117.462600708008,148,128.537399291992,138.925201416016,123.925201416016,147.462600708008,218.224395751953,155.299194335938,177.939010620117,166.775604248047,187.326812744141,145.686996459961,221.060989379883,279.135803222656,222.747985839844,236.434982299805,213.822784423828,273.734191894531,215.373992919922,222.775604248047,217.911392211914,218.775604248047,203.060989379883,228.313003540039,190.673187255859,52.6121978759766,137.047180175781,102.822784423828,141.19677734375,66.2991943359375,225.883773803711,52.1495971679688,167.19677734375,116.074798583984,188.808975219727,68.0747985839844,30.5373992919922,76.8504028320312,79.9252014160156,78.8504028320312,78.9252014160156,78.8504028320312,79.9252014160156,437.537414550781,447.238189697266,432.387786865234,424.387786865234,439.462585449219,423.68701171875,347.013793945312,329.448791503906,349.238189697266,356.373992919922,356.938995361328,348,253.667434692383,73.4764099121094,161.551208496094,154.013809204102,201.102416992188,87.4764099121094,2.49362728212194
97.5525482789594,39.1171390469846,52.2000007331371,-6.19860363006592,-13.1453428268433,-103.705055236816,973.389953613281,-1.08354878425598,-13.7694978713989,12.6859483718872,4.2265944480896,-15.5210886001587,5.41527557373047,-18.6070346832275,205.723190307617,64.279411315918,0.5,125.183959960938,149.203964233398,2.09999990463257,100.693801879883,2.20000004768372,-0.016663835144043,0.0275493767112494,0.114525087177753,0.300000011920929,10,2001,3894.44140625,120.178924560547,147.369781494141,128.972198486328,139.631149291992,126.206718444824,147.027801513672,215.791427612305,151.845153808594,186.542343139648,170.469024658203,196.516418457031,143.449447631836,220.020355224609,276.758972167969,219.784912109375,229.343673706055,208.893295288086,260.667938232422,218.776702880859,230.250381469727,223.954696655273,230.661956787109,204.541259765625,236.852813720703,181.168472290039,50.1352615356445,118.970893859863,90.960823059082,123.914375305176,61.5847015380859,206.994033813477,49.1621246337891,149.914367675781,115.053733825684,164.322937011719,69.8897476196289,28.766414642334,79.207649230957,81.2613830566406,80.8925399780273,80.2613830566406,80.8925399780273,81.2613830566406,430.409515380859,444.824798583984,428.247375488281,422.138061523438,433.670867919922,417.037872314453,351.760070800781,324.89794921875,347.139923095703,346.857086181641,361.760986328125,346.109313964844,275.847564697266,79.3634262084961,164.211364746094,159.390289306641,216.19123840332,91.4727478027344,2.49385692961304
97.5615314318006,39.1171390469846,54.9999997019768,-6.07820701599121,-13.3488092422485,-108.36986541748,969.669250488281,-1.10000002384186,-13.4276580810547,12.327657699585,4.32809638977051,-15.3462829589844,5.5256199836731,-18.4319896697998,203.953048706055,63.1616821289062,0.5,124.504638671875,147.441314697266,2.09999990463257,100.024215698242,2.20000004768372,-0.0162582962036133,0.0278584770858288,0.11645545065403,0.275000005960464,10,2001,3868.9296875,124.114646911621,146.181106567383,130.644515991211,139.006729125977,128.470138549805,145.355484008789,217.489471435547,153.321823120117,189.818023681641,172.992401123047,198.341156005859,145.166778564453,228.996917724609,283.327209472656,230.989318847656,237.861206054688,218.344802856445,261.213439941406,231.453582763672,236.888137817383,241.206878662109,243.440994262695,217.769546508789,245.848602294922,177.492080688477,48.0202026367188,111.25431060791,87.839958190918,121.020202636719,59.6781806945801,206.838226318359,47.5231323242188,146.684921264648,112.485343933105,153.164855957031,74.5982437133789,27.0327968597412,79.6579818725586,81.8256225585938,81,80.8256225585938,81,81.8256225585938,419.997222900391,435.313171386719,419.474090576172,415.254302978516,424.158111572266,410.602203369141,349.549194335938,327.798675537109,338.977020263672,341.788299560547,358.072326660156,343.549194335938,270.390014648438,76.8592910766602,160.762237548828,159.038665771484,219.921813964844,85.234977722168,2.49408657710415
97.5705145846418,39.1171390469846,53.5000003874302,-5.97440004348755,-13.5479021072388,-112.563804626465,966.270263671875,-1.10000002384186,-13.1417465209961,12.0417461395264,4.42442417144775,-15.1941061019897,5.62442398071289,-18.2774391174316,203.326629638672,63.4617500305176,0.5,124.47484588623,146.964584350586,2.09999990463257,99.1403198242188,2.20000004768372,-0.0158527572631836,0.0281498674303293,0.11645545065403,0.275000005960464,10,2001,3846.59399414062,126.356262207031,145.382446289062,131.718521118164,138.362258911133,129.698318481445,144.362258911133,220.63298034668,156.015426635742,194.56640625,177.647171020508,202.56640625,149.727951049805,228.817291259766,277.660766601562,235.363494873047,241.605819702148,221.624786376953,249.638381958008,233.528579711914,237.166320800781,243.292236328125,242.794616699219,219.152114868164,246.306442260742,169.190307617188,45.9454154968262,106.52857208252,82.9170227050781,119.127166748047,57.2672843933105,209.431045532227,46.9596099853516,143.528579711914,104.908828735352,151.256530761719,76.6983261108398,27.2956771850586,79.3218688964844,82,81,81,81,82,417.6591796875,432.242340087891,417.780334472656,411.094024658203,423.156799316406,409.6591796875,349.792053222656,330.591369628906,338.249298095703,346.413055419922,357.691101074219,344.034393310547,262.487213134766,73.4074096679688,163.853607177734,162.364456176758,217.240127563477,78.7958602905273,2.49431622459525
97.579497737483,39.1171390469846,53.5000003874302,-5.87203502655029,-13.7658214569092,-117.616912841797,962.723937988281,-1.10000002384186,-12.8109788894653,11.7109785079956,4.51346683502197,-15.0398292541504,5.72900247573853,-18.1193199157715,203.429656982422,64.0658264160156,0.5,124.859992980957,147.269561767578,2.09999990463257,98.6638412475586,2.20000004768372,-0.0155973129272461,0.028399495407939,0.11645545065403,0.25,10,2001,3826.6357421875,127,146.59196472168,133.061309814453,139.061309814453,130.530654907227,145.061309814453,228.367874145508,164.959854125977,200.714599609375,185.837219238281,208.714599609375,159.959854125977,232.367874145508,285.327728271484,244.551818847656,256.919708251953,228.959854125977,256.450347900391,229.877380371094,232.816055297852,233.57080078125,228.856201171875,214.346710205078,237.040145874023,165.061309814453,44.4693450927734,102.877372741699,80.5306549072266,122.245254516602,55.4693450927734,212.061309814453,45.9386863708496,139.877380371094,102.122627258301,157.837219238281,77.5306549072266,26.4080295562744,79,82,81,81,81,82,425.959838867188,438.367889404297,429.143798828125,421.735748291016,435.674438476562,417.959838867188,344.632110595703,328.816070556641,336.285400390625,348.877380371094,349.978820800781,345,265.959838867188,66.6934356689453,152.080291748047,163.40803527832,223.02116394043,73.3467178344727,2.49454587208635
97.5884808903242,39.1171390469846,57.3999993503094,-5.78020620346069,-13.9005308151245,-120.373916625977,962.9169921875,-1.10000002384186,-12.6497955322266,11.5497951507568,4.61523962020874,-14.9437303543091,5.83738231658936,-18.0257987976074,201.792816162109,62.5745544433594,0.5,123.209869384766,144.922622680664,2.09999990463257,97.6722564697266,3.04600834846497,-0.015491552734375,0.0286197848618031,0.11645545065403,0.300000011920929,10,2001,3800.76489257812,127.383201599121,148.383209228516,134.383209228516,140.766403198242,131.383209228516,146.383209228516,230.16796875,163.186340332031,199.018371582031,184.102355957031,209.317581176758,159.335952758789,230.719146728516,291.868743896484,241.120712280273,260.270324707031,226.036727905273,263.719146728516,219.186340332031,220.803131103516,218.569534301758,210.952743530273,203.569534301758,223.485549926758,164.850387573242,44,102.916015625,81.7664031982422,124.850395202637,56.1496086120605,209.934371948242,45.3832015991211,137.233596801758,102.083984375,157.635162353516,76.8503952026367,25.7664051055908,79,82,81,81,81,82,437.215240478516,452.430450439453,443.215240478516,434.532806396484,448.299224853516,430.748046875,343.598419189453,326.766418457031,337.598419189453,353.897644042969,348.131256103516,345.766418457031,268.018371582031,61.2335929870605,141.065628051758,156.635162353516,226.401565551758,71.3832015991211,2.49477551957745
97.5974640431654,39.1171390469846,53.8999997079372,-5.71161603927612,-14.0071105957031,-122.041946411133,964.298156738281,-1.07251560688019,-12.5506362915039,11.4781198501587,4.70804309844971,-14.8771476745605,5.93018531799316,-17.974422454834,200.870651245117,62.1053695678711,0.5,122.596328735352,143.849273681641,2.15617108345032,97.1015090942383,3.35617113113403,-0.015385791015625,0.0288400743156672,0.116593293845654,0.275000005960464,10,2001,3796.90991210938,128.129348754883,148.657806396484,134.893569946289,141.315612792969,131.893569946289,146.893569946289,221.527725219727,150.976226806641,189.082763671875,172.557968139648,202.208450317383,148.185424804688,224.322814941406,283.938568115234,230.486053466797,248.33757019043,217.482406616211,257.55859375,208.155075073242,207.139587402344,208.048645019531,202.121063232422,193.52018737793,215.988052368164,165.205413818359,44.7073020935059,104.76057434082,83.0229187011719,121.433128356934,57.4449577331543,205.85139465332,45.4220390319824,138.098999023438,99.7678909301758,151.668792724609,74.8477401733398,26.5513820648193,79.2357711791992,82,81.2357711791992,80.7642288208008,81,82,441.178955078125,464.130187988281,446.943176269531,434.688171386719,449.475311279297,437.696319580078,350.665985107422,328.494445800781,344.665985107422,362.848602294922,357.004516601562,346.315612792969,253.838943481445,60.684383392334,144.441299438477,149.018417358398,211.553680419922,71.8935775756836,2.49500516706855
97.6064471960066,39.1171390469846,57.9000003635883,-5.72112464904785,-14.0691137313843,-122.413391113281,964.251770019531,-1.09696459770203,-12.5927171707153,11.4957523345947,4.69720935821533,-14.8679847717285,5.93489742279053,-17.9924297332764,199.920623779297,62.0353088378906,0.5,123.645263671875,143.974197387695,2.13732695579529,97.337287902832,2.36877369880676,-0.0152800308227539,0.0290603619068861,0.117088630795479,0.225000008940697,10,2001,3795.7822265625,128.481063842773,148.430587768555,135,140.772827148438,131.911651611328,147.088348388672,211.482971191406,147.066009521484,178.345565795898,163.948486328125,191.334381103516,143.13200378418,229.799041748047,283.983062744141,238.061157226562,249.931060791016,224.127166748047,263.633514404297,206.531539916992,200.639770507812,207.680114746094,204.764099121094,193.818939208984,217.172348022461,169.940811157227,46.3267021179199,105.70539855957,84.3645858764648,118.267997741699,57.4305877685547,206.236938476562,44.596118927002,142.499053955078,100.011177062988,152.907287597656,73.772819519043,26.3422355651855,79.7461166381836,81.9116439819336,81.5694122314453,80.3422317504883,80.9116439819336,81.9116439819336,438.953887939453,467.138824462891,442.882476806641,430.147552490234,445.766021728516,436.524719238281,354.602935791016,331.563629150391,348.779632568359,364.430572509766,360.415069580078,346.302947998047,236.91943359375,61.3155288696289,143.850006103516,142.178512573242,191.216979980469,71.558235168457,2.49523481455965
96.8698286630286,39.1081558941434,53.5000003874302,-6.97354888916016,-11.7420091629028,-80.7590713500977,974.666748046875,-0.783762991428375,-15.3241767883301,14.5404138565063,3.6712019443512,-16.3089847564697,4.85685300827026,-19.3092403411865,194.858520507812,65.4391784667969,0.699999988079071,129.758605957031,140.642471313477,2.7645845413208,93.5731048583984,3.75833821296692,-0.0212271270751953,0.023205928504467,0.104241751134396,0.275000005960464,10,2001,4160.568359375,112.635124206543,150.514572143555,125.674407958984,142.514572143555,120.661308288574,146.866363525391,222.13298034668,170.768646240234,180.224914550781,165.892440795898,189.156463623047,158.110305786133,221.991363525391,293.577911376953,234.66455078125,253.919296264648,223.587478637695,265.899322509766,238.974090576172,263.597320556641,244.821136474609,262.030364990234,230.172927856445,269.704772949219,243.444274902344,65.780647277832,158.756210327148,103.913070678711,193.727890014648,81.1324310302734,311.828277587891,54.2279930114746,237.505935668945,126.230964660645,264.150268554688,81.6059646606445,60.0785636901855,73.1627960205078,78.8241119384766,75.1627960205078,79.1627960205078,74.9869079589844,78.8241119384766,431.713409423828,424.33544921875,422.639038085938,417.303314208984,431.681274414062,420.883361816406,330.136596679688,311.230041503906,333.025268554688,320.490417480469,337.484497070312,309.249053955078,282.612457275391,81.7517623901367,209.694931030273,136.055068969727,221.450866699219,96.4098281860352,2.47697255082118
97.5076325147535,39.1081558941434,47.1000000834465,-7.45285034179688,-11.9739904403687,-82.6093597412109,988.073181152344,-1.43375611305237,-15.9369707107544,14.5032148361206,3.22972464561462,-17.0629005432129,4.30779361724854,-19.965030670166,221.196395874023,68.126106262207,0.595771014690399,123.211753845215,158.037338256836,2.67885518074036,106.111228942871,3.63656520843506,-0.0202629043579102,0.0225534494966269,0.107532076537609,0.225000008940697,10,2001,4098.216796875,111.316513061523,148.665176391602,127.323440551758,140.658248901367,118.432731628418,146.432739257812,238.61328125,177.841278076172,180.600479125977,174.898681640625,186.807693481445,164.968887329102,193.763092041016,342.965728759766,221.633026123047,276.689361572266,217.379791259766,304.702178955078,199.503051757812,210.390243530273,195.210739135742,202.693939208984,200.992141723633,220.189956665039,279.982238769531,66.469352722168,169.113204956055,135.974761962891,223.653305053711,90.4624252319336,274.454437255859,39.2072143554688,223.298751831055,112.793334960938,243.749237060547,70.5015106201172,48.1231536865234,74,78.2255172729492,75.6582565307617,78,75.6582565307617,78.2255172729492,428.409484863281,420.134521484375,415.302642822266,411.302642822266,419.444122314453,408.974761962891,372.31298828125,368.816986083984,389.261077880859,386.00341796875,379.563751220703,371.493530273438,315.597442626953,109.131675720215,211.121231079102,180.63801574707,266.218536376953,118.465065002441,2.49328126794533
97.5345819732771,39.1081558941434,51.1999987065792,-7.1957540512085,-12.1536903381348,-87.0172271728516,977.575866699219,-1.41761708259583,-15.3951787948608,13.9775619506836,3.34606838226318,-16.6046485900879,4.45794200897217,-19.5953330993652,220.787933349609,69.6328430175781,0.546969056129456,124.803146362305,159.240051269531,2.4348452091217,106.05012512207,3.17376065254211,-0.0182489669799805,0.0266775265336037,0.107532076537609,0.233333334326744,10,2001,4124.111328125,111,148.117294311523,124,139,117.558647155762,145.441360473633,225.469161987305,174.882705688477,178.675933837891,171.234588623047,182.675933837891,164.558639526367,213.475204467773,327.620300292969,240.212814331055,270.74365234375,226.70979309082,301.564697265625,182.351867675781,192.145095825195,193.324066162109,189.675933837891,180.324066162109,202.586456298828,233.876663208008,68.9383316040039,153.296249389648,128.586456298828,193.793228149414,83.8210372924805,279.938323974609,39.3240623474121,222.25634765625,119.379684448242,244.379684448242,73.3518753051758,37.7037506103516,74.4413528442383,78,76.4413528442383,78,75.8827056884766,78,459.178955078125,446.061676025391,440.737609863281,439.972198486328,454.737609863281,434.737609863281,358.469177246094,361.234588623047,365.938323974609,370.351867675781,364.938323974609,362.675933837891,267.876678466797,87.4075012207031,191.703750610352,160.145095825195,222.172912597656,103.82103729248,2.49397036866889
97.5435651261183,39.1081558941434,52.4000003933907,-6.7928295135498,-12.479531288147,-91.7106323242188,977.024963378906,-1.19880354404449,-14.8226871490479,13.6238842010498,3.70384287834167,-16.1773872375488,4.84251976013184,-19.2213802337646,214.333282470703,66.7022094726562,0.5,124.45125579834,154.51953125,2.18872618675232,104.064949035645,2.61984491348267,-0.017811149597168,0.0268394183367491,0.107532076537609,0.275000005960464,10,2001,4039.00366210938,112.763511657715,147.683837890625,126.351348876953,139.293914794922,118.811508178711,146.24592590332,220.796142578125,172.083053588867,175.380477905273,166.252807617188,181.143997192383,160.22705078125,222.343276977539,311.178680419922,241.317291259766,268.879272460938,223.542037963867,290.787719726562,176.936630249023,184.764465332031,193.092498779297,189.613586425781,180.386413574219,197.47998046875,212.833221435547,58.1226921081543,151.194305419922,118.777275085449,180.071075439453,72.8510208129883,258.835540771484,42.3255996704102,192.671432495117,113.777397155762,223.19970703125,70.8758239746094,31.2820529937744,75.5398406982422,78.5878372192383,77.5398406982422,78.2939224243164,77.1979217529297,78.5878372192383,463.976684570312,455.701629638672,448.551696777344,442.804504394531,459.612518310547,439.318603515625,359.086669921875,359.485900878906,358.355804443359,367.875823974609,360.294982910156,363.495330810547,248.596740722656,75.1519393920898,173.231384277344,158.348922729492,211.666030883789,95.7902069091797,2.49420006891007
97.5525482789594,39.1081558941434,56.4000010490417,-6.48772525787354,-12.7908573150635,-96.8226013183594,975.713073730469,-1.10000002384186,-14.3196773529053,13.2196769714355,3.97134017944336,-15.840648651123,5.14017915725708,-18.9156551361084,210.07112121582,65.0761795043945,0.5,124.194618225098,151.376647949219,2.17389154434204,102.472061157227,2.20000004768372,-0.0173733306884766,0.0269782189279795,0.114525087177753,0.300000011920929,10,2001,3950.36791992188,116.413269042969,148.755584716797,130.436340332031,139.951049804688,122.26676940918,146.951049804688,219.68391418457,166.566452026367,172.465744018555,161.394073486328,181.439514160156,154.126953125,216.81086730957,273.836517333984,213.146270751953,228.983734130859,202.360931396484,248.035491943359,172.417144775391,183.077270507812,190.026245117188,192.022720336914,177.684280395508,196.413986206055,202.101791381836,52.4661064147949,134.982238769531,107.636764526367,156.618286132812,64.3689193725586,233.842071533203,45.1692199707031,178.662643432617,114.580764770508,197.965484619141,71.3160781860352,30.3419589996338,76.9020919799805,79.7555923461914,78.7555923461914,78.951042175293,78.2440490722656,79.7555923461914,459.0986328125,457.411193847656,449.899658203125,438.854217529297,455.854217529297,435.489196777344,368.484222412109,359.511535644531,360.074096679688,369.927612304688,367.119537353516,368.608367919922,241.661560058594,74.5860137939453,152.088195800781,168.414627075195,209.169937133789,93.4398651123047,2.49442976915126
97.5615314318006,39.1081558941434,58.2999996840954,-6.30908203125,-13.0354404449463,-101.586936950684,971.992370605469,-1.10000002384186,-13.9427671432495,12.8427667617798,4.12350702285767,-15.607346534729,5.2969913482666,-18.6923236846924,208.277923583984,64.569938659668,0.5,123.961212158203,149.90168762207,2.17389154434204,101.383415222168,2.20000004768372,-0.0169355133056641,0.0270985420793295,0.11645545065403,0.300000011920929,10,2001,3918.32739257812,119.628410339355,149.657104492188,132,140.657104492188,124.971313476562,147.657104492188,220.314208984375,167.599716186523,172.314208984375,160.971313476562,182.971313476562,153.62841796875,216.942626953125,271.084686279297,209.827865600586,221.484970092773,202.484970092773,242.427581787109,170.342895507812,188.542343139648,188.342895507812,193,175.685791015625,194.37158203125,195.400283813477,49.6857948303223,120.829238891602,95.8292388916016,135.915313720703,57.7431716918945,219.114761352539,46.6571044921875,167.800552368164,108.800552368164,185.400283813477,70.685791015625,30.6571025848389,78.314208984375,80.6571044921875,79.6571044921875,79.6571044921875,79.9713134765625,80.6571044921875,452.428955078125,452.771850585938,446.086059570312,433.086059570312,450.086059570312,431.057373046875,377.228149414062,358.685791015625,365.571044921875,374.913940429688,374.571044921875,374.2568359375,238.685791015625,76.6284103393555,146.942626953125,184.741790771484,205.400283813477,92.3428955078125,2.49465946939244
97.5705145846418,39.1081558941434,55.5000007152557,-6.1587233543396,-13.2563238143921,-106.146537780762,968.59912109375,-1.10000002384186,-13.595760345459,12.4957599639893,4.24912214279175,-15.4026556015015,5.44011211395264,-18.4983043670654,207.298919677734,64.6682357788086,0.5,124.416458129883,149.532287597656,2.12703084945679,100.78572845459,2.20000004768372,-0.0164976959228516,0.0272038448601961,0.11645545065403,0.275000005960464,10,2001,3896.39135742188,121.50968170166,151.01936340332,132,142.01936340332,126,149.01936340332,217.432220458984,166.432220458984,171.98063659668,161.490310668945,182.98063659668,152.451583862305,221.548416137695,283.567779541016,222.116195678711,229.529052734375,211.548416137695,256.606506347656,170,188.92253112793,189.529052734375,193.509689331055,177.548416137695,193.509689331055,190.961273193359,48.4903182983398,109.903175354004,87.4515838623047,121.393493652344,56.0193672180176,211.432220458984,45.4709510803223,161.98063659668,106.038734436035,176.883804321289,70,30.4903163909912,79,81.5096817016602,80.5096817016602,80,81,81.5096817016602,450.019378662109,456.135559082031,446.567779541016,434.587158203125,449.548400878906,434.606506347656,379.470947265625,355.451599121094,363.903167724609,372.393493652344,373.412841796875,371.393493652344,255.329208374023,68.8257141113281,149,174.122375488281,213.193649291992,84.8644409179688,2.49488916963363
97.579497737483,39.1081558941434,53.3999986946583,-6.03879404067993,-13.4839878082275,-111.377075195312,963.972045898438,-1.10000002384186,-13.2149095535278,12.1149091720581,4.3483099937439,-15.2222013473511,5.55136299133301,-18.3005695343018,206.665420532227,64.8559494018555,0.5,124.329124450684,149.094024658203,2.1518452167511,99.9492568969727,2.25184535980225,-0.0162067398071289,0.0273996852338314,0.11645545065403,0.300000011920929,10,2001,3868.333984375,122.724563598633,151.637725830078,132.362274169922,142.637725830078,126.362281799316,149.637725830078,216.53596496582,160.46403503418,177.158782958984,166.071929931641,188.158782958984,150.724563598633,226.173690795898,289.535980224609,231.622817993164,236.434219360352,216.898254394531,263.086853027344,177.245620727539,195.868438720703,198.245620727539,201.60791015625,185.071929931641,203.419311523438,184.652633666992,46.913158416748,106.086845397949,84.2754364013672,119.62281036377,57.3622817993164,206.550872802734,45.086841583252,152.667526245117,107.637718200684,167.377182006836,73.2605285644531,27.8263130187988,79.3622817993164,82,81,80.3622817993164,81,82,449.188598632812,457.928070068359,446.377197265625,434.652618408203,448.014892578125,437.101745605469,372.928070068359,346.478942871094,355.377197265625,363.739471435547,367.550872802734,359.478942871094,260.044708251953,60.7245635986328,152.985092163086,150.652633666992,219.377182006836,76.9131546020508,2.49511886987481
97.5884808903242,39.1081558941434,53.3999986946583,-5.96236658096313,-13.6139850616455,-114.267234802246,963.699951171875,-1.10000002384186,-13.0186567306519,11.9186563491821,4.43481397628784,-15.1459426879883,5.63916540145874,-18.2169609069824,205.492477416992,64.2070388793945,0.5,123.65404510498,147.824493408203,2.17389154434204,99.239128112793,2.49477124214172,-0.0160622451782227,0.0276953428983688,0.11645545065403,0.300000011920929,10,2001,3842.69775390625,123.315742492676,150.69743347168,132.013168334961,141.482528686523,126.442970275879,148.912338256836,217.315689086914,154.096939086914,181.324188232422,168.920776367188,192.539077758789,148.951858520508,220.855560302734,283.868743896484,228.5615234375,240.438247680664,213.245788574219,257.096832275391,189.389450073242,210.538345336914,207.380874633789,208.674850463867,192.21875,214.542984008789,179.171478271484,46.4561882019043,105.684219360352,83.8991622924805,122.363800048828,57.8727684020996,205.798324584961,45.9736099243164,139.207138061523,105.193145751953,162.917007446289,74.6314315795898,25.193187713623,79.6578674316406,81.7851028442383,81,80.6578674316406,80.7851028442383,81.7851028442383,443.627563476562,448.84716796875,439.98291015625,428.526794433594,441.969757080078,430.439056396484,366.855743408203,340.298767089844,352.636199951172,362.798370361328,365.938720703125,354.803039550781,247.926422119141,61.1008415222168,156.881256103516,147.750259399414,213.842514038086,75.8114929199219,2.495348570116
97.5974640431654,39.1081558941434,53.3999986946583,-5.89233827590942,-13.7229347229004,-116.223037719727,964.259216308594,-1.10000002384186,-12.9119110107422,11.8119106292725,4.52193021774292,-15.0730075836182,5.72628164291382,-18.1579685211182,204.875183105469,64.0211791992188,0.5,123.828170776367,147.608779907227,2.19573283195496,99.2929229736328,2.58292579650879,-0.0159177490234375,0.0279910005629063,0.116593293845654,0.300000011920929,10,2001,3834.53637695312,122.414207458496,149.684341430664,130.098556518555,140.026519775391,125.549278259277,148.342178344727,211.232604980469,146.435211181641,172.497253417969,160.290145874023,184.020004272461,142.502746582031,206.235763549805,265.443298339844,214.623443603516,235.627380371094,200.006622314453,241.976058959961,197.406219482422,213.229125976562,208.31867980957,204.08708190918,195.215637207031,214.299697875977,179.513763427734,48.5592765808105,102.349700927734,85.1760864257812,118.08854675293,57.8649291992188,208.554779052734,44.8914489746094,133.547821044922,100.471740722656,164.054046630859,68.794921875,25.5182609558105,79.2746353149414,81.2746353149414,81,80.2746353149414,80.2746353149414,81.2746353149414,435.844940185547,442.269134521484,434.904937744141,425.91943359375,439.009002685547,422.890441894531,366.748840332031,344.884918212891,356.7763671875,370.061004638672,365.775360107422,362.152038574219,253.53971862793,59.1485557556152,155.27766418457,151.921905517578,211.819412231445,75.302619934082,2.49557827035718
97.6064471960066,39.1081558941434,48.200000077486,-5.87667942047119,-13.815113067627,-117.607818603516,964.861572265625,-1.10276877880096,-12.8512191772461,11.7484502792358,4.53991508483887,-15.0478630065918,5.75955629348755,-18.1547584533691,204.238082885742,63.9266700744629,0.5,124.127372741699,147.427795410156,2.20000004768372,99.2228012084961,2.3265335559845,-0.0157732543945313,0.0282866582274437,0.117088630795479,0.300000011920929,10,2001,3828.28662109375,120.844047546387,150.155944824219,129,140.733932495117,125,148.577972412109,205.110122680664,141.844055175781,164.688095092773,153.266067504883,174.954177856445,138.422027587891,229.724365234375,273.541046142578,235.834487915039,245.761291503906,221.25651550293,250.229141235352,206.513687133789,215.467849731445,214.091659545898,210.137481689453,204.403564453125,223.293441772461,182.889877319336,49.4220237731934,106.513679504395,86,115.577972412109,56.8440475463867,211.733932495117,44.5779762268066,141.559509277344,98,171.513687133789,69.7797546386719,26.5779762268066,79,81,81,80,80,81,432,438.266082763672,427.642272949219,417.752380371094,434.376190185547,416.532135009766,361.486328125,346.688110351562,358.266082763672,372.688110351562,361.220245361328,359.752380371094,248.862518310547,53.2202453613281,161.247604370117,141.238708496094,213.311904907227,67.1744155883789,2.49580797059837
97.5525482789594,39.0991727413022,54.2000010609627,-6.78522109985352,-12.4629173278809,-91.1930084228516,977.972900390625,-1.18063735961914,-14.8534069061279,13.6727695465088,3.70667433738708,-16.1788692474365,4.85317182540894,-19.2337131500244,212.703109741211,64.9694366455078,0.5,123.122344970703,152.3759765625,2.24025964736938,103.696846008301,2.24025964736938,-0.0180828262329102,0.0262870751321316,0.104865647852421,0.300000011920929,10,2001,4017.18579101562,115.179237365723,151,128.90754699707,144.271697998047,122.815086364746,149,225.826431274414,171.103790283203,176.554733276367,166.011337280273,181.826431274414,160.011337280273,205.901870727539,317.756652832031,224.826431274414,263.652862548828,200.549057006836,295.739654541016,177.630172729492,188.739639282227,192.543395996094,189.277359008789,180.815093994141,204.190582275391,247.484954833984,61.6358489990234,147.641525268555,114.90754699707,183.571746826172,78.6358489990234,256.179229736328,39.092456817627,208.554733276367,101.456604003906,224.109466552734,67.4566040039062,32.5490608215332,75.6358489990234,79.6358489990234,78.6358489990234,78.3641510009766,77.6358489990234,79,466.722625732422,454.884857177734,444.081115722656,439.260345458984,459.630187988281,431.439605712891,355.647186279297,356.37548828125,363.37548828125,371.462280273438,359.554718017578,364.733978271484,245.328384399414,93.6528549194336,186.115127563477,189.005676269531,228.409515380859,109.73397064209,2.49500287191269
97.5615314318006,39.0991727413022,52.7999997138977,-6.67732238769531,-12.6496810913086,-94.8684158325195,973.928161621094,-1.22633647918701,-14.5678949356079,13.3415584564209,3.78698468208313,-16.0195121765137,4.9402117729187,-19.0687789916992,214.010131835938,66.1422653198242,0.5,123.852958679199,153.721237182617,2.28063726425171,103.846054077148,2.28063726425171,-0.0176127304077148,0.0262531619518995,0.104565411806107,0.300000011920929,10,2001,4000.46313476562,119.442398071289,151.488479614258,130.976959228516,143.534561157227,125.976959228516,149.488479614258,220,163.465438842773,171.465438842773,159.953918457031,177.465438842773,153.953918457031,213.930877685547,286.253448486328,222.907836914062,242.718872070312,200.930877685547,278.207366943359,177.60368347168,182.442398071289,193.023040771484,191.373275756836,180.557601928711,202.39631652832,225.023040771484,60.5345611572266,139.60368347168,113.557601928711,160.60368347168,77.0460815429688,256.534545898438,41.419361114502,196.626724243164,107.81568145752,207.580642700195,68.4423980712891,30.4884796142578,76.4884796142578,80,79,78.4884796142578,78.4884796142578,79.4884796142578,462.184326171875,466.138244628906,447.092163085938,441.649749755859,457.649749755859,435.161285400391,360.212005615234,351.907836914062,360.373291015625,367.465454101562,361.792633056641,362.442413330078,233.354888916016,82,158.253433227539,178.161285400391,204.304153442383,103.534561157227,2.4952326249282
97.5705145846418,39.0991727413022,54.4999986886978,-6.64406967163086,-12.7653198242188,-97.7791595458984,969.466979980469,-1.31241345405579,-14.3764839172363,13.0640707015991,3.80719780921936,-15.9141149520874,4.96451807022095,-18.960355758667,215.058197021484,67.0260696411133,0.5,124.484710693359,154.96696472168,2.26835775375366,104.182807922363,2.28063726425171,-0.0171426345825195,0.0262258481234312,0.104565411806107,0.300000011920929,10,2001,3988.01342773438,121.995529174805,151.999099731445,131.99821472168,142.343811035156,127.339340209961,149.999099731445,219.317733764648,164.997314453125,172.997314453125,162.337554931641,178.656188964844,154.631896972656,219.382553100586,274.678558349609,223.24040222168,235.404907226562,205.700286865234,262.193481445312,171.643524169922,183.28987121582,190.637268066406,194.943374633789,177.322204589844,202.557250976562,217.520294189453,58.6615524291992,132.279006958008,108.275421142578,154.302398681641,72.6156616210938,255.684951782227,45.3348693847656,190.668701171875,115.303428649902,203.324005126953,70.3132629394531,30.9991054534912,76.9991073608398,80,79,78.9991073608398,78.6579742431641,79.9991073608398,458.449005126953,457.963958740234,446.077331542969,436.035034179688,454.081817626953,430.741577148438,369.907470703125,359.404144287109,363.943359375,370.020721435547,368.595977783203,366.701171875,264.337829589844,82,152.136642456055,169.989135742188,212.643661499023,96.2034530639648,2.49546237794371
97.579497737483,39.0991727413022,53.5999983549118,-6.51240634918213,-12.9803457260132,-101.834434509277,965.435546875,-1.28533351421356,-14.0450801849365,12.7597465515137,3.91115069389343,-15.7174711227417,5.08969163894653,-18.7686138153076,213.751770019531,66.9264068603516,0.5,124.292678833008,153.950592041016,2.21828198432922,103.055603027344,2.29422283172607,-0.0168161666870117,0.0263998750597239,0.104565411806107,0.275000005960464,10,2001,3935.724609375,121.806198120117,152,132,143.045532226562,127.464126586914,149.806198120117,216.746124267578,162.868179321289,173.193801879883,162.464126586914,178.14826965332,151.81787109375,220.636520385742,272.210266113281,214.917724609375,231.403884887695,204.964050292969,248.864517211914,171.143478393555,178.997131347656,187.236465454102,190.145385742188,177.265533447266,193.601852416992,206.266662597656,58.148265838623,129.93034362793,104.379936218262,147.283905029297,69.2316741943359,251.277038574219,45.851734161377,187.822647094727,114.102729797363,199.970916748047,69.6841354370117,30.8061981201172,77.3876037597656,80.1938018798828,79.3876037597656,79.1938018798828,78.5358734130859,80.1938018798828,462.165496826172,454.502014160156,449.696594238281,436.779998779297,456.727569580078,434.232452392578,366.691009521484,366.649139404297,363.215209960938,373.880798339844,366.006866455078,372.165679931641,260.597686767578,80.0619888305664,159.388397216797,166.119186401367,212.923477172852,88.4895477294922,2.49569213095922
97.5884808903242,39.0991727413022,52.4999983608723,-6.32051658630371,-13.2055292129517,-106.024291992188,965.409729003906,-1.19925665855408,-13.6627721786499,12.4635152816772,4.09099006652832,-15.5305509567261,5.2775502204895,-18.5941143035889,212.214767456055,66.8816757202148,0.5,123.964279174805,152.474258422852,2.20000004768372,101.596504211426,2.29999995231628,-0.0166329376220703,0.0267709009349346,0.104565411806107,0.300000011920929,10,2001,3906.90600585938,121.295623779297,152,131.953506469727,143.704376220703,126.591239929199,149.249130249023,211.900054931641,156.786926269531,173.378952026367,161.219314575195,177.721054077148,148.764068603516,216.244812011719,268.071990966797,207.114990234375,214.109878540039,198.141326904297,238.892196655273,174.728012084961,174.26496887207,182.976364135742,184.61408996582,179.568389892578,185.779907226562,200.620208740234,58.2789421081543,133.618362426758,103.657890319824,136.658889770508,68.9368286132812,238.71858215332,45.9070205688477,182.151824951172,113.621055603027,194.244812011719,70.4552459716797,30.2491302490234,78.3622665405273,80.6578903198242,80.3622665405273,79.7043762207031,79.4087600708008,80.6578903198242,456.10888671875,452.079833984375,448.199157714844,434.903533935547,452.44482421875,433.561431884766,369.163116455078,373.655181884766,368.870971679688,380.777984619141,367.98681640625,380.705169677734,242.88444519043,75.653564453125,160.451766967773,159.87287902832,215.142944335938,88.5218963623047,2.49592188397473
97.5974640431654,39.0991727413022,52.4999983608723,-6.19231367111206,-13.3510932922363,-108.423530578613,966.823913574219,-1.18063735961914,-13.500168800354,12.3195314407349,4.21216487884521,-15.4147138595581,5.40996837615967,-18.4953231811523,208.840545654297,64.9883880615234,0.5,123.792579650879,150.294784545898,2.20000004768372,101.142768859863,2.29999995231628,-0.01644970703125,0.0271419286727905,0.106313355267048,0.225000008940697,10,2001,3885.51538085938,121,152,131.442947387695,144,126,148.442947387695,204.429550170898,148.429550170898,170.100677490234,156.543640136719,174.657730102539,142.986587524414,220.355682373047,277.369079589844,213.697952270508,219.939529418945,205.369079589844,246.926132202148,178.11408996582,178.241592407227,179.88591003418,181.442947387695,181.557052612305,184.785232543945,212.040222167969,61.3422698974609,139.342269897461,103.44295501709,150.281799316406,71.7852249145508,246.268402099609,44.8859100341797,185.241592407227,116.899314880371,198.355682373047,71.5570449829102,29.4429550170898,78.4429550170898,80.4429550170898,80.4429550170898,80,80,80.4429550170898,448.100677490234,445.872497558594,443.65771484375,430.65771484375,443.872497558594,429.100677490234,373.785217285156,375.885894775391,377.013397216797,387.899322509766,374.570465087891,386.671142578125,238.798629760742,80.3556747436523,158.328857421875,159.899322509766,219.899322509766,90,2.49615163699024
97.6064471960066,39.0991727413022,51.1000007390976,-6.04592752456665,-13.5101928710938,-112.005752563477,966.310424804688,-1.18136286735535,-13.2466878890991,12.0653257369995,4.35262823104858,-15.2507419586182,5.55505323410034,-18.3493232727051,206.936614990234,64.5278778076172,0.5,123.439880371094,148.648986816406,2.20000004768372,99.9211044311523,2.29999995231628,-0.0162664764404297,0.0275129545480013,0.112594619393349,0.200000002980232,10,2001,3867.7431640625,120.590270996094,152,130.590270996094,144.819458007812,126,148.819458007812,197.951354980469,142.770812988281,164.541625976562,151.361083984375,170.361083984375,138.180541992188,234.375137329102,293.736206054688,236.930816650391,244.014053344727,224.60432434082,268.652984619141,183.507034301758,192.194595336914,188.014053344727,187.145950317383,185.687576293945,196.014053344727,209.249725341797,60.7221603393555,136.67350769043,100.541618347168,155.298370361328,71.541618347168,243.610794067383,46.0486488342285,186.902694702148,114.67350769043,202.131896972656,72,29,78,80.8194580078125,80.4097290039062,80,80,80.4097290039062,443.361083984375,436.902709960938,436.083251953125,423.902709960938,439,420.673522949219,373.131896972656,370.902709960938,376.492980957031,388.951354980469,374.902709960938,383.902709960938,240.902694702148,84.9513473510742,154.541625976562,162.590270996094,222.180541992188,90,2.49638139000574
97.5525482789594,39.090189588461,47.6000010967255,-7.18315601348877,-12.1159801483154,-85.6643371582031,980.421447753906,-1.33303701877594,-15.4816770553589,14.1486406326294,3.38462114334106,-16.651159286499,4.48238468170166,-19.6241722106934,218.672576904297,67.2478561401367,0.587492525577545,124.152473449707,157.139389038086,2.38122963905334,106.455322265625,2.38122963905334,-0.0187923233032227,0.025433698669076,0.096373975276947,0.300000011920929,10,2001,4098.5224609375,113.401145935059,152,128.401153564453,145.467056274414,121.401145935059,149.467056274414,228.862457275391,186.532943725586,187.131805419922,181.065902709961,191.730651855469,170,223.27507019043,338.131805419922,244.412612915039,279.472778320312,235.071640014648,297.269348144531,185.934097290039,201.197708129883,186.065902709961,193.934097290039,191.065902709961,201.79655456543,306.077362060547,64.4670486450195,166.730651855469,116.395416259766,216.934097290039,81,261.191986083984,46.203441619873,220.994262695312,108.928367614746,226.527221679688,72.8681945800781,34.3295097351074,75,79,77,79,76.4670486450195,79,444.395416259766,431.664764404297,426.197692871094,416.060180664062,433.664764404297,412.730651855469,370.670501708984,367.137542724609,388.269348144531,390.005737304688,374.802307128906,385.472778320312,272.252136230469,86.8681945800781,192.659027099609,175.071640014648,247.04296875,110.269340515137,2.49557623807882
97.5615314318006,39.090189588461,48.9000007510185,-7.12736225128174,-12.2339105606079,-87.6057052612305,978.265563964844,-1.34491634368896,-15.315749168396,13.970832824707,3.41754817962646,-16.5395736694336,4.53183937072754,-19.5415592193604,218.211273193359,67.3891067504883,0.538399696350098,124.58610534668,157.301528930664,2.33839964866638,106.473419189453,2.33839964866638,-0.0182899475097656,0.0253070667386055,0.096373975276947,0.275000005960464,10,2001,4076.16723632812,115.892623901367,152,129.293869018555,145.977783203125,123.572868347168,149.977783203125,220.046798706055,180.266662597656,182.211074829102,175.248138427734,185.277709960938,165.203720092773,230.674331665039,339.286376953125,260.627532958984,287.964385986328,236.914962768555,305.960571289062,180.880279541016,195.575241088867,182.80615234375,193.356811523438,186.846893310547,196.560394287109,308.227508544922,63.6987800598145,160.597457885742,113.464057922363,210.281524658203,80.3604965209961,249.187423706055,48.2420806884766,208.217132568359,101.329483032227,216.117111206055,73.9518966674805,29.541862487793,75.6395034790039,79.3197555541992,77.9592590332031,79.3197555541992,77.6172943115234,79.3197555541992,440.824554443359,430.390075683594,424.412261962891,408.656585693359,432.709808349609,409.794982910156,378.975402832031,374.034698486328,392.803771972656,397.986572265625,379.785247802734,393.644622802734,263.076110839844,89.2309112548828,184.362731933594,179.792739868164,219.853622436523,111.926010131836,2.49580604389291
97.5705145846418,39.090189588461,52.9999993741512,-6.97017955780029,-12.4158153533936,-90.8261032104492,976.620483398438,-1.33938837051392,-15.0180444717407,13.678656578064,3.53800773620605,-16.3540859222412,4.67705011367798,-19.372875213623,217.289260864258,67.456787109375,0.500867068767548,124.556632995605,156.710647583008,2.30086708068848,105.537956237793,2.30086708068848,-0.0177875717163086,0.0252142231911421,0.096373975276947,0.300000011920929,10,2001,4038.45361328125,117.663879394531,152,129.028961181641,145.827529907227,125.005889892578,150,218.834716796875,177.950561523438,183.734878540039,174.441970825195,185.527557373047,164.441970825195,227.621505737305,338.26806640625,257.579467773438,285.036010742188,230.577819824219,308.940765380859,171.910995483398,189.631500244141,179.359191894531,189.122909545898,183.247589111328,192.924407958984,285.647735595703,61.8506011962891,156.701202392578,117.269836425781,197.20637512207,79.8564910888672,250.817520141602,44.5287246704102,202.127151489258,101.750770568848,213.39404296875,71.9911651611328,29.8304691314697,76.6609344482422,79.6579971313477,79.1464538574219,79.6579971313477,78.4884643554688,79.6579971313477,441.711669921875,430.252166748047,424.252166748047,409.287017822266,432.737701416016,410.143524169922,386.546875,380.116333007812,396.388641357422,401.762542724609,383.845184326172,396.932067871094,278.230041503906,95.8670959472656,189.742416381836,185.813415527344,231.318237304688,112.639167785645,2.496035849707
97.579497737483,39.090189588461,55.3000010550022,-6.67032337188721,-12.710262298584,-95.3732681274414,975.249145507812,-1.24269318580627,-14.5758237838745,13.3331308364868,3.79294061660767,-16.0259017944336,4.95560550689697,-19.0765476226807,215.299819946289,67.358512878418,0.500258684158325,124.318908691406,155.041885375977,2.29148292541504,103.783889770508,2.30025863647461,-0.0174255935668945,0.0254000630229712,0.096373975276947,0.300000011920929,10,2001,3979.45336914062,118.708381652832,152.02522277832,130.732666015625,145.342056274414,126.366333007812,150.02522277832,228.942123413086,194.418899536133,199.988830566406,191.645858764648,198.357971191406,181.544998168945,232.869262695312,321.105651855469,248.66584777832,273.289459228516,230.670318603516,294.964416503906,170.682235717773,183.269195556641,178.708389282227,183.24397277832,186.022430419922,185.612167358398,267.819000244141,61.5822982788086,155.962860107422,115.850555419922,190.432861328125,80.8225479125977,262.673431396484,43.6579513549805,206.614791870117,107.855964660645,215.933471679688,69.975715637207,30,77,79.3168334960938,78.6588821411133,79.3168334960938,78.3168334960938,79.3168334960938,434.865264892578,425.079376220703,419.381988525391,407.354888916016,426.914764404297,409.303527832031,394.452484130859,391.626220703125,401.909637451172,410.05908203125,387.062805175781,405.084289550781,282.608459472656,112.498725891113,197.997665405273,209.15202331543,249.964553833008,121.186546325684,2.49626565552109
97.5884808903242,39.090189588461,51.1000007390976,-6.49974918365479,-12.893404006958,-98.6111297607422,975.237670898438,-1.20308828353882,-14.2840480804443,13.0809602737427,3.95053911209106,-15.856388092041,5.11882352828979,-18.9333553314209,213.586639404297,67.3352508544922,0.5,123.972969055176,153.38786315918,2.28749251365662,102.150321960449,2.29999995231628,-0.017203630065918,0.0258464608341455,0.096373975276947,0.225000008940697,10,2001,3957.7353515625,119.535888671875,152.535888671875,132,145.535888671875,127,150.535888671875,227.354049682617,188.708099365234,199.138732910156,190.531066894531,198.354049682617,178.38752746582,229.961700439453,290.100433349609,235.425827026367,252.531066894531,223.889938354492,267.779876708984,170.92822265625,182.143539428711,179.535888671875,181.607666015625,186.320571899414,184.751205444336,257.78466796875,59.8564567565918,148.425827026367,112.928230285645,185.784683227539,77.1770248413086,275.894744873047,43.4641151428223,212.07177734375,111.464111328125,221.215316772461,69.535888671875,30,77,79,78.535888671875,79,78,79,439.181823730469,426.894744873047,427.325378417969,414.645965576172,432.181823730469,415.502410888672,389.889923095703,390.425811767578,393.138732910156,404.210510253906,381.497589111328,399.746398925781,281.464111328125,94.9903717041016,184.172210693359,191.095626831055,248.674621582031,104.349235534668,2.49649546133517
97.6154303488478,39.090189588461,50.9999990463257,-6.22173881530762,-13.2118673324585,-104.597961425781,974.967346191406,-1.14217925071716,-13.7785081863403,12.6363286972046,4.2170877456665,-15.5578289031982,5.38575220108032,-18.6676578521729,208.131942749023,64.7688827514648,0.5,123.169456481934,149.438110351562,2.20011377334595,100.528053283691,2.29999995231628,-0.0165377349853516,0.0271856486797333,0.109498552978039,0.275000005960464,10,2001,3907.40356445312,119.623374938965,153.436370849609,131,146.436370849609,126.563621520996,151.18830871582,219.295822143555,165.699111938477,188.449737548828,175.664703369141,189.168579101562,160.85302734375,236.2880859375,282.988830566406,235.280349731445,237.555877685547,230.869323730469,262.692169189453,182.106643676758,201.240325927734,184.081298828125,194.021545410156,191.062377929688,200.825485229492,244.561874389648,62.5511360168457,143.263549804688,106.315559387207,167.769912719727,76.799201965332,252.535659790039,47.394229888916,194.726089477539,114.657783508301,209.507675170898,74.5558853149414,31.2558059692383,77.8460922241211,80,80,79.6577835083008,79.0941543579102,80,445.052001953125,425.772155761719,426.499572753906,409.003448486328,432.063171386719,410.461730957031,373.089416503906,373.081665039062,388.761352539062,396.975036621094,376.626373291016,388.464721679688,277.11181640625,82.6238784790039,168.880996704102,167.986328125,236.779586791992,96.5537567138672,2.49718487877743
97.5525482789594,39.0812064356198,48.200000077486,-7.81902265548706,-11.5999717712402,-78.5096893310547,981.662719726562,-1.60375237464905,-16.3917045593262,14.7879514694214,2.83138203620911,-19.857852935791,3.90129780769348,-20.2216968536377,228.02001953125,70.8232116699219,0.600000023841858,124.137580871582,163.447875976562,2.45038509368896,109.45288848877,2.49357223510742,-0.0195018188476563,0.0243533700704575,0.096373975276947,0.300000011920929,10,2001,4193.97802734375,113.956245422363,151.912490844727,129.403717041016,144.341903686523,122.298141479492,149,239.315704345703,206.405471801758,215.96614074707,207.922393798828,216.22868347168,192.562438964844,213.940444946289,320.187072753906,234.096923828125,270.035125732422,227.22053527832,283.101837158203,220.954483032227,233.568832397461,214.857070922852,223.471420288086,221.129516601562,235.32209777832,292.645446777344,65.5886383056641,160.295394897461,116.683303833008,206.925537109375,80.8944320678711,256.365356445312,41.2625350952148,214.7451171875,107.552536010742,236.789367675781,76.342399597168,37.946834564209,74.2981414794922,78.0437545776367,76.2543869018555,78,75.2981414794922,78,431.323364257812,430.307556152344,422.719421386719,416.061309814453,428.763153076172,415.140686035156,347.72216796875,336.781707763672,361.765411376953,360.765411376953,350.765411376953,349.537231445312,286.985321044922,99.3752593994141,197.123123168945,187.354064941406,252.845901489258,118.304801940918,2.49614986783128
97.5615314318006,39.0812064356198,48.200000077486,-7.54156589508057,-11.8410978317261,-81.3624038696289,983.317260742188,-1.4819461107254,-16.0487613677979,14.5668153762817,3.09078168869019,-18.1474189758301,4.17108488082886,-19.9998435974121,224.525436401367,70.546630859375,0.596857249736786,125.088478088379,161.933258056641,2.42684626579285,107.909538269043,2.47819185256958,-0.0189671646118164,0.0242411196231842,0.096373975276947,0.333333343267441,10,2001,4123.5361328125,114.150917053223,152.150924682617,128.532974243164,145.110824584961,122.808975219727,149.301834106445,242.044876098633,206.478591918945,215.23112487793,207.683883666992,215.23112487793,193.754608154297,215.577209472656,335.146911621094,240.817886352539,276.584686279297,230.96403503418,295.4296875,217.488723754883,229.377914428711,213.01220703125,221.354141235352,217.790573120117,233.422790527344,298.736267089844,63.6131744384766,166.736251831055,120.828025817871,216.17951965332,82.7287673950195,262.160491943359,40.6981582641602,217.552017211914,107.561508178711,235.738265991211,72.9952239990234,34.6532783508301,75.1108169555664,78.1509170532227,77.1108169555664,78.1509170532227,76.2617340087891,78.1509170532227,436.898742675781,432.646484375,423.370483398438,415.821166992188,431.030609130859,415.630157470703,345.612548828125,338.317535400391,363.275360107422,363.482727050781,351.369842529297,350.947052001953,279.910888671875,102.580558776855,194.790573120117,183.719207763672,250.040100097656,122.951683044434,2.49637972646822
97.5705145846418,39.0812064356198,55.3999990224838,-7.11776876449585,-12.1757650375366,-85.5545883178711,986.283813476562,-1.2937091588974,-15.5353384017944,14.2416296005249,3.4774911403656,-16.7871971130371,4.58065223693848,-19.6656742095947,219.348983764648,68.6565475463867,0.5944544672966,124.772880554199,158.23893737793,2.39972066879272,105.812728881836,2.42078542709351,-0.0184325103759766,0.0241672098636627,0.096373975276947,0.349999994039536,10,2001,4045.9091796875,114.672874450684,152.654296875,128.661727905273,146.312316894531,123.01114654541,150.312316894531,242.895980834961,208.851486206055,214.226821899414,208.193435668945,214.241683959961,196.178619384766,226.848037719727,336.9404296875,254.520904541016,285.204742431641,243.53205871582,298.338226318359,206.434555053711,217.16682434082,205.412353515625,214.085220336914,207.791442871094,222.151962280273,297.505584716797,62.3308410644531,165.620742797852,120.981384277344,219.803115844727,84.2937393188477,265.881164550781,39.7211227416992,217.624542236328,104.408767700195,233.940521240234,71.3382720947266,32.6691131591797,76.3234558105469,78.6654434204102,78.3234558105469,78.6654434204102,77.9851837158203,78.6654434204102,439.059448242188,429.728454589844,420.419921875,408.453216552734,433.672912597656,408.46435546875,354.506011962891,353.762725830078,373.509735107422,377.799835205078,358.53564453125,369.383666992188,267.847137451172,99.3418579101562,184.724578857422,181.925704956055,249.327133178711,106.571746826172,2.49660958510516
97.5884808903242,39.0812064356198,54.4000007212162,-6.97635364532471,-12.3965606689453,-88.8598251342773,985.907165527344,-1.24672722816467,-15.2094507217407,13.9627227783203,3.60541868209839,-16.7175884246826,4.71826982498169,-19.5317897796631,218.796447753906,70.0079803466797,0.507197856903076,125.156745910645,158.099151611328,2.30719780921936,104.304763793945,2.30719780921936,-0.0177743225097656,0.0249220188707113,0.096373975276947,0.300000011920929,10,2001,4011.92163085938,119.101867675781,151.367294311523,130.101867675781,144.367294311523,126.734573364258,149.101867675781,218.305603027344,181.203735351562,186.203735351562,176.93830871582,189.469146728516,165.571014404297,213.512191772461,291.308471679688,239.370147705078,256.002868652344,226.962692260742,275.002868652344,186.3486328125,210.981338500977,190.450500488281,200.981338500977,199.552368164062,212.3486328125,243.203735351562,58.5308456420898,141.836441040039,110.265426635742,171.407455444336,76.2654266357422,241.93830871582,48.4289817810059,207.040176391602,114.101867675781,213.734573364258,72.1018676757812,29.6327114105225,77,80,79,79.6327133178711,79,80,455.367279052734,438.142028808594,434.938293457031,419.876617431641,440.898132324219,423.243896484375,358.284088134766,350.876617431641,374.611206054688,379.142028808594,359.549499511719,364.407470703125,266.981353759766,81.3271179199219,172.509323120117,160.898132324219,233.512191772461,100.327117919922,2.49706930237904
97.5974640431654,39.0812064356198,54.9000017344952,-6.7755389213562,-12.5921993255615,-91.6096038818359,986.034301757812,-1.14859855175018,-14.9051666259766,13.7565679550171,3.77929377555847,-16.3310222625732,4.90672302246094,-19.349983215332,215.398895263672,67.8884353637695,0.501176416873932,124.488258361816,155.341079711914,2.29653716087341,103.595832824707,2.30117630958557,-0.017513623046875,0.0254437830299139,0.0992311760783195,0.400000005960464,10,2001,3990.4736328125,119.973655700684,152.098083496094,131.193756103516,145.098083496094,126.87557220459,150.633941650391,224.222427368164,183.607604980469,189.047790527344,181.464050292969,191.952117919922,169.806167602539,203.411819458008,277.043426513672,223.000457763672,233.179840087891,204.904861450195,254.160720825195,173.079193115234,197.421310424805,179.373428344727,189.182098388672,189.347091674805,198.418899536133,243.846817016602,57.5885581970215,148.131576538086,109.464134216309,178.856369018555,76.3445205688477,249.105224609375,46.1747093200684,213.098007202148,116.294242858887,218.93782043457,73.6339492797852,29.7823104858398,77.220100402832,80,79,79.1220169067383,79,80,456.098083496094,443.971160888672,439.243957519531,427.387420654297,440.90673828125,430.164916992188,370.602630615234,358.827606201172,381.382598876953,383.430480957031,369.746185302734,371.196075439453,246.598281860352,76.6603698730469,178.849151611328,163.107711791992,219.670166015625,95.0000762939453,2.49729916101598
97.6064471960066,39.0812064356198,52.4999983608723,-6.73002004623413,-12.6483135223389,-93.0202865600586,983.457763671875,-1.19135439395905,-14.7961931228638,13.6048383712769,3.78470945358276,-16.2032318115234,4.92943000793457,-19.2690963745117,213.822296142578,67.289176940918,0.5,124.662086486816,154.717788696289,2.29118490219116,103.530815124512,2.29999995231628,-0.0172529235839844,0.0259655490517616,0.109498552978039,0.200000002980232,10,2001,3976.20434570312,118.953544616699,152.730773925781,130.757247924805,145.730773925781,125.295707702637,150.92707824707,228.457534790039,183.026473999023,189.560928344727,183.461532592773,193.753234863281,172.338150024414,215.531936645508,288.430480957031,235.673782348633,234.933013916016,216.260208129883,260.874542236328,173.042449951172,197.700286865234,181.526458740234,193.546432495117,190.115371704102,197.214767456055,240.857620239258,59.3621368408203,156.985504150391,109.730766296387,183.603378295898,78.5809097290039,256.136871337891,48.092903137207,212.982055664062,118.192306518555,226.915588378906,74.2187805175781,31.1923027038574,77.7307662963867,80,79.0729293823242,79.0729293823242,79.0729293823242,80,455.491027832031,441.156890869141,439.053466796875,425.838714599609,442.802703857422,427.059967041016,370.808685302734,361.800659179688,379.420074462891,380.614868164062,367.081909179688,375.067413330078,234.255218505859,79.9619750976562,180.386581420898,172.37109375,220.702331542969,96.9155197143555,2.49752901965291
97.6154303488478,39.0812064356198,52.4999983608723,-6.4401593208313,-12.8889064788818,-96.7763061523438,985.337646484375,-1.11633777618408,-14.4406719207764,13.3243341445923,4.0673041343689,-15.9295892715454,5.21692895889282,-19.0363903045654,212.4892578125,67.1096115112305,0.5,124.070732116699,152.972747802734,2.21864366531372,101.8359375,2.29999995231628,-0.0169922241210937,0.0264873132109642,0.109498552978039,0.200000002980232,10,2001,3935.51220703125,119.167144775391,153,131.750717163086,146,125.750717163086,150.416427612305,230.583572387695,183.750717163086,191.334289550781,184,196.334289550781,174.167144775391,220.331420898438,309.756439208984,243.082138061523,256.008605957031,218.07926940918,286.926452636719,174.416427612305,198.832855224609,185.750717163086,196.832855224609,192,200.334289550781,251.172882080078,58.6657104492188,158.498565673828,110,186.750717163086,79.4164276123047,252.24641418457,47.6657104492188,196.158538818359,119,218.243545532227,75.7507171630859,32,78,80,79.5835723876953,79.5835723876953,79.5835723876953,80,447.079284667969,429.328552246094,427.577850341797,411.243560791016,435.495697021484,417.246429443359,378.087860107422,372.255004882812,386.671447753906,391.923583984375,372.504302978516,382.002868652344,249.510040283203,105.011474609375,198.175750732422,183.586441040039,204.073532104492,122.178619384766,2.49775887828985
97.5884808903242,39.0722232827786,47.2999997437,-7.87782192230225,-11.6686582565308,-78.2284927368164,990.804504394531,-1.61568629741669,-16.5517101287842,14.9360237121582,2.84912180900574,-20.0194225311279,3.90764951705933,-20.4213066101074,231.836563110352,73.496955871582,0.600000023841858,124.714302062988,166.523513793945,2.46851396560669,109.947975158691,2.5768096446991,-0.0182754898071289,0.0242872089147568,0.096373975276947,0.25,10,2001,4143.1142578125,114.169624328613,151.540634155273,127.801414489746,146.198593139648,122.882690429688,148.739227294922,246.000640869141,200.429580688477,203.166000366211,196.592132568359,206.280517578125,189.279052734375,214.88200378418,338.51220703125,251.463623046875,281.802764892578,221.808486938477,310.57373046875,170.365417480469,194.114501953125,183.363952636719,198.959701538086,177.097564697266,203.93782043457,285.387298583984,60.3201599121094,156.21565246582,111.953414916992,205.402130126953,80.7201309204102,257.959716796875,43.3682136535645,230.689712524414,117.826110839844,246.270645141602,72.9159164428711,53.2537078857422,76.3420562744141,79.1985855102539,78,79.1985855102539,78.1985855102539,79.1985855102539,441.656494140625,428.6982421875,416.030426025391,406.291198730469,427.411315917969,413.724395751953,387.978118896484,377.043792724609,400.605621337891,394.892547607422,395.491119384766,382.337799072266,312.532928466797,101.489784240723,225.676345825195,192.324295043945,268.766845703125,121.096878051758,2.49764340728819
97.5974640431654,39.0722232827786,46.9999983906746,-7.72550630569458,-11.8092374801636,-80.0952606201172,988.795104980469,-1.56713497638702,-16.3271427154541,14.7600069046021,2.96949887275696,-17.7365894317627,4.0305323600769,-20.2545433044434,228.684280395508,72.7898712158203,0.528362512588501,124.742790222168,164.556228637695,2.40019369125366,108.588607788086,2.5271418094635,-0.0180259429931641,0.0248421225696802,0.0992311760783195,0.325000017881393,10,2001,4106.22998046875,115.076644897461,152.47021484375,127.239158630371,146.760833740234,123.973709106445,150.179580688477,234.03466796875,187.745147705078,193.471588134766,187.317184448242,196.735931396484,179.137603759766,206.977035522461,327.959350585938,250.610595703125,280.1748046875,219.258438110352,309.109313964844,173.641677856445,195.139282226562,185.888946533203,203.06852722168,184.265182495117,205.991882324219,289.637512207031,58.9929962158203,153.996047973633,109.908233642578,214.621292114258,78.8648834228516,262.377349853516,45.0433540344238,227.964752197266,118.180686950684,241.292846679688,72.7093734741211,54.0584716796875,76.7608413696289,79.7093734741211,78.1029357910156,79.7093734741211,78.7093734741211,79.7093734741211,439.199737548828,422.883941650391,414.841430664062,403.455993652344,422.038360595703,409.114990234375,387.158569335938,381.92529296875,399.269622802734,393.475494384766,393.747924804688,384.893127441406,324.173828125,100.194702148438,218.373443603516,186.014282226562,268.817993164062,117.570083618164,2.49787331877227
97.6064471960066,39.0722232827786,58.2000017166138,-7.25325632095337,-12.1763563156128,-84.8859252929688,991.354125976562,-1.32637345790863,-15.6848430633545,14.3584699630737,3.40680837631226,-16.8794994354248,4.48320245742798,-19.8626594543457,221.349243164062,69.8659973144531,0.514366209506989,124.391815185547,159.524841308594,2.3861973285675,106.178886413574,2.51549339294434,-0.0177763977050781,0.0254085082560778,0.109498552978039,0.300000011920929,10,2001,4038.79516601562,115.437774658203,153.562225341797,126.437774658203,147.562225341797,123.313316345215,151.562225341797,224.875549316406,179.68669128418,188.248916625977,180.562225341797,190.562225341797,171,208.746734619141,342.673645019531,260.244567871094,286.682342529297,222.622283935547,322.115753173828,178.811141967773,202.871200561523,187.562225341797,206.124450683594,191.248916625977,208.68669128418,284.442108154297,62.4978294372559,167.055709838867,115.746742248535,214.815490722656,81.4978256225586,268.497833251953,48.2489128112793,222.064407348633,120.37336730957,242.622283935547,73,51.0643997192383,77.5622253417969,80,79.1244583129883,80,79,80,422.133148193359,406.257598876953,402.944274902344,388.133148193359,406.944274902344,394.382049560547,399.055725097656,390.308959960938,409.493469238281,405.742401123047,402.369018554688,396.931243896484,298.081787109375,95.3777160644531,207.004348754883,171.8798828125,242.390747070312,110.128799438477,2.49810323025635
97.6154303488478,39.0722232827786,54.2999990284443,-6.73318433761597,-12.5656023025513,-89.2643356323242,993.962890625,-1.01906311511993,-15.1016597747803,14.0825967788696,3.86020636558533,-16.38671875,4.9828896522522,-19.4377746582031,214.956619262695,66.9544372558594,0.514366209506989,122.753829956055,153.632308959961,2.383225440979,103.219398498535,2.51549339294434,-0.0175268508911133,0.0259867291897535,0.109498552978039,0.300000011920929,10,2001,3963.69091796875,117.075523376465,154.415100097656,128.490631103516,148,124.075523376465,152.415100097656,236.868240356445,188.471878051758,202.453140258789,190.547409057617,205.943771362305,179.302093505859,217.735946655273,342.999450683594,260.282806396484,277.565612792969,229.07551574707,314.999450683594,180.169784545898,209.830215454102,196.717193603516,212.396362304688,195.905731201172,213.735946655273,276.584899902344,65.169792175293,172.188537597656,117.679161071777,210,84.5848922729492,275.735931396484,50.830207824707,216.094268798828,127.981254577637,239.943222045898,75.0755233764648,42.6036376953125,77.5848922729492,80,79.5848922729492,79.5848922729492,79,80,416.471893310547,399.811462402344,394.905731201172,379.981262207031,403.886993408203,387.566162109375,403.358337402344,390.188537597656,408.377075195312,407.622375488281,401.207275390625,398.697906494141,289.000549316406,92.6604156494141,197.92448425293,161.92448425293,242.73649597168,107.320838928223,2.49833314174043
97.624413501689,39.0722232827786,54.2999990284443,-6.83337640762329,-12.5235395431519,-89.7132568359375,989.2373046875,-1.159548163414,-15.123366355896,13.9638175964355,3.73894476890564,-16.4145946502686,4.86344623565674,-19.4513912200928,216.399017333984,67.1845703125,0.514366209506989,123.138534545898,155.130233764648,2.35746479034424,104.525939941406,2.51549339294434,-0.0172773040771484,0.0265771578997374,0.109498552978039,0.275000005960464,10,2001,4010.77514648438,118.824882507324,154.657775878906,131.286651611328,147.464004516602,126.360877990723,152.389770507812,253.771041870117,204.899963378906,221.793273925781,207.652847290039,226.739929199219,195.947509765625,225.279983520508,305.749877929688,249.558715820312,260.405426025391,234.040878295898,283.109893798828,184.508453369141,216.747543334961,210.121292114258,222.251083374023,198.408432006836,222.619979858398,270.17822265625,61.7364501953125,164.503143310547,113.057792663574,203.300003051758,80.3222274780273,280.063995361328,51.047550201416,211.98356628418,128.481307983398,232.869812011719,77.3608779907227,35.4289131164551,77.0742263793945,79.7320022583008,79.0742263793945,79.0742263793945,79,79.7320022583008,427.003967285156,409.104858398438,399.820434570312,387.985321044922,418.413726806641,395.595520019531,388.487579345703,374.731140136719,389.790283203125,389.763610839844,384.177825927734,381.784484863281,311.510101318359,99.7951049804688,189.207122802734,163.39111328125,273.326110839844,113.014205932617,2.49856305322451
97.6154303488478,39.0632401299374,55.7000003755093,-7.20271921157837,-12.1222314834595,-82.1503143310547,1000.11492919922,-1.07849156856537,-15.8479852676392,14.7694931030273,3.5297589302063,-16.9847393035889,4.58613634109497,-19.9408187866211,224.312515258789,67.4085845947266,0.60117119550705,119.389152526855,157.316131591797,2.96056437492371,106.773506164551,4.06616687774658,-0.0182405990600586,0.0259143877774477,0.109498552978039,0.300000011920929,10,2001,4026.75317382812,113.397438049316,151.95964050293,126.095626831055,146.110549926758,120.493064880371,149.864013671875,231.353729248047,184.559906005859,188.832931518555,183.751159667969,192.737289428711,176.284591674805,232.455276489258,359.545989990234,271.159118652344,301.343414306641,244.265274047852,330.582977294922,180.002304077148,208.13493347168,199.192504882812,211.386077880859,190.056533813477,217.495574951172,303.038330078125,66.1072006225586,182.589736938477,114.515151977539,219.197387695312,88.1994781494141,264.234191894531,51.2187919616699,226.568130493164,139.436737060547,240.321594238281,78.8617095947266,53.588695526123,76.5622100830078,79.7534637451172,77.9043731689453,79.4113082885742,77.9043731689453,79.7534637451172,420.094573974609,408.629058837891,395.354766845703,384.885894775391,411.861724853516,391.395141601562,400.054016113281,382.578186035156,405.452697753906,403.72802734375,398.081756591797,391.520599365234,369.377014160156,97.3020706176758,214.257263183594,173.653442382812,292.923034667969,118.724678039551,2.49890766931126
97.624413501689,39.0632401299374,50.9000010788441,-7.17284345626831,-12.1700716018677,-83.380989074707,996.810424804688,-1.13121330738068,-15.7406158447266,14.6094017028809,3.5234637260437,-16.9001979827881,4.59561061859131,-19.8591861724854,221.812606811523,67.2149887084961,0.600000023841858,120.641632080078,156.803527832031,2.7422239780426,106.388710021973,3.79999995231628,-0.0181137115478516,0.02657076343894,0.109498552978039,0.300000011920929,10,2001,4022.77709960938,114.116592407227,152.657791137695,126.198997497559,147.31559753418,121.514587402344,150.558288574219,233.305572509766,187.919662475586,193.650344848633,186.521667480469,198.04833984375,179.477966308594,236.281036376953,348.796722412109,269.458801269531,294.9345703125,242.453308105469,319.371612548828,180.99951171875,207.181411743164,197.35124206543,207.863265991211,188.213043212891,211.734588623047,305.138336181641,66.4537887573242,186.759857177734,113.375900268555,212.200958251953,86.8954925537109,265.152374267578,55.2186546325684,227.621170043945,135.61653137207,239.868881225586,80.8472747802734,53.9175910949707,76.2427062988281,79.3422012329102,78,78.5849075317383,78,79.3422012329102,414.665252685547,405.871795654297,395.575866699219,387.816131591797,411.658294677734,391.714080810547,404.993041992188,386.604553222656,407.072875976562,404.221099853516,400.228179931641,396.036743164062,355.644470214844,102.60871887207,207.96728515625,176.498596191406,285.588317871094,121.642776489258,2.49913763366678
97.6423798073714,39.0632401299374,47.800000756979,-7.23097038269043,-12.1742687225342,-86.3924789428711,979.512329101562,-1.41799938678741,-15.5196104049683,14.1016120910645,3.31653952598572,-16.6594181060791,4.42411327362061,-19.6663284301758,224.151153564453,69.4240112304688,0.600000023841858,122.779159545898,159.947357177734,2.42918705940247,107.589385986328,3.1603627204895,-0.0180277328491211,0.0271557942032814,0.109498552978039,0.275000005960464,10,2001,4080.9345703125,111.926399230957,151.536804199219,127.536796569824,145.536804199219,122,149,253.242401123047,215.727203369141,219.264007568359,211.190414428711,226.337600708008,204.800811767578,249.450378417969,326.424041748047,259.588806152344,296.601623535156,254.471984863281,305.696807861328,200.36799621582,235.147201538086,224.294403076172,237.220794677734,207.294403076172,235.978393554688,309.346405029297,70.2207946777344,179.978393554688,124.904792785645,226.757598876953,91.2943954467773,294.978393554688,49.6839981079102,235.125595092773,123.441596984863,241.36799621582,79.2424011230469,42.515193939209,76,79.5367965698242,78,79.4632034301758,78,79.5367965698242,406.727203369141,391.580017089844,376.653594970703,376.653594970703,398.580017089844,381.116821289062,392.90478515625,373.199188232422,399.052001953125,385.588806152344,394.662384033203,382.831207275391,332.121551513672,131.030395507812,230.523971557617,225.134384155273,307.723175048828,141.978393554688,2.49959756237783
97.5974640431654,39.0542569770962,56.0999996960163,-8.07058620452881,-11.3659191131592,-71.8832550048828,1007.51531982422,-1.36046433448792,-17.1770038604736,15.8165397644043,2.87669634819031,-17.9762210845947,3.86507391929626,-20.8307991027832,239.75212097168,72.9406433105469,0.800000011920929,118.575202941895,166.48469543457,3.70000004768372,110.843879699707,6.16695404052734,-0.0189628021240234,0.0247225202620029,0.0991921424865723,0.450000017881393,10,2001,4229.88623046875,114,150,128.256332397461,141.743667602539,121.62816619873,147,234.39714050293,197.628158569336,218.447769165039,210.678787231445,218.306945800781,190.256332397461,217.873443603516,361.166137695312,250.642425537109,305.090209960938,229.476303100586,337.231018066406,215.382873535156,241.216751098633,238.523696899414,237.216751098633,227.639205932617,241.819595336914,372.653472900391,97.6028518676758,200.844909667969,148.281631469727,296.473083496094,114.808563232422,315.425689697266,56,254.2958984375,148.526916503906,286.386108398438,86.090202331543,46.4367256164551,73.7436752319336,79,75.3718338012695,77.3718338012695,75.3718338012695,79,405.053833007812,386.963653564453,383.194671630859,378.84814453125,394.310180664062,375.501617431641,380.563262939453,372.44775390625,378.281646728516,384.191436767578,378.050628662109,382.678771972656,430.946166992188,118.436721801758,239,183.079162597656,335.317993164062,104.859184265137,2.499022426682
97.6064471960066,39.0542569770962,57.9999983310699,-7.66377639770508,-11.682822227478,-75.462890625,1007.52612304688,-1.14115035533905,-16.6256256103516,15.4844760894775,3.21966123580933,-17.5665645599365,4.23797225952148,-20.4538860321045,233.455673217773,70.4981918334961,0.744025409221649,118.282424926758,162.076538085938,3.41193509101868,108.584457397461,5.29910230636597,-0.0189585754394531,0.025211613625288,0.109498552978039,0.600000023841858,10,2001,4113.298828125,113.775161743164,150.224838256836,127.234527587891,142.990310668945,121.117263793945,147.449676513672,233.968551635742,198.466278076172,209.395095825195,204.241836547852,210.459762573242,191.482894897461,230.889862060547,353.400238037109,260.143768310547,304.189849853516,246.293853759766,336.474212646484,192.800872802734,224.377105712891,214.961044311523,222.850311279297,202.911224365234,229.905288696289,355.014862060547,95.1085662841797,184.618545532227,135.753021240234,268.718811035156,117.668190002441,325.578430175781,53.9764709472656,259.199127197266,160.317779541016,289.264801025391,89.2369003295898,54.8560409545898,75.2151489257812,79.2248382568359,76.3324127197266,78.1075744628906,76.3324127197266,79,433.357116699219,414.368591308594,408.044097900391,400.223663330078,422.266174316406,395.426727294922,374.842010498047,361.596405029297,376.994842529297,376.385406494141,374.822631835938,374.667999267578,399.270324707031,123.258659362793,233.379089355469,194.029876708984,298.082458496094,108.537864685059,2.4992524439333
97.624413501689,39.0542569770962,52.7999997138977,-7.78947257995605,-11.6855201721191,-76.5147247314453,998.797668457031,-1.3411055803299,-16.6195850372314,15.2784786224365,3.030686378479,-17.5544815063477,4.03776454925537,-20.4414024353027,229.397415161133,69.6856842041016,0.600000023841858,120.764259338379,161.901382446289,2.90000009536743,109.324035644531,3.79999995231628,-0.0189501205444336,0.0265605207532644,0.109498552978039,0.25,10,2001,4099.08740234375,111.822578430176,151,126.411293029785,144.588714599609,120.411293029785,149,245.17741394043,206.532257080078,217.766128540039,211.17741394043,217.120971679688,200.766128540039,205.879028320312,346.23388671875,230.524200439453,283.588714599609,220.524200439453,321.645172119141,189.887084960938,218.709671020508,211,220.411285400391,198.241928100586,223.82258605957,312.532257080078,73.2338714599609,183.298385620117,110.177421569824,220.467742919922,93.5887069702148,259.943542480469,48.7661285400391,235,137.637100219727,235.879028320312,83.7661285400391,51,76.4112930297852,80,78,79.5887069702148,78,79,429.588714599609,423.23388671875,405.887084960938,400.887084960938,421.76611328125,401.177429199219,380.935485839844,359.056457519531,382.524200439453,378.701629638672,379.991943359375,375,378.459686279297,101.701614379883,217.532257080078,168.314498901367,280.008056640625,115.354835510254,2.49971247843588
97.6783124187362,39.0542569770962,59.3000017106533,-6.73073101043701,-12.6546640396118,-97.3520431518555,961.185424804688,-1.35611546039581,-14.3779420852661,13.0218267440796,3.68207192420959,-16.36110496521,4.8324294090271,-18.8995800018311,220.668472290039,68.0621032714844,0.527857780456543,123.194526672363,158.068099975586,2.35133671760559,107.024795532227,2.45699214935303,-0.0185953872680664,0.0281415116041899,0.115128718316555,0.300000011920929,10,2001,3932.92919921875,114.187858581543,152.364639282227,126.093933105469,146,122.187858581543,150.729293823242,224.447494506836,182.988922119141,184.447494506836,177.082855224609,191.082855224609,174.353561401367,236.027481079102,322.309265136719,254.602127075195,286.602142333984,239.403198242188,303.872833251953,179.917144775391,199.812133789062,193.718215942383,208.906066894531,185.552505493164,209.729293823242,282.07177734375,59.6353569030762,170.906066894531,110.906066894531,215.707138061523,79.9060668945312,264.872833251953,48.7292861938477,217.497131347656,110.176780700684,231.955703735352,73.7182083129883,33.2707138061523,77,80,78.3646469116211,79.6353530883789,78.3646469116211,80,440.845367431641,426.657501220703,418.8564453125,409.668579101562,430.116088867188,414.574645996094,379.237487792969,372.894989013672,387.060699462891,380.789978027344,383.696075439453,375.696075439453,350.110321044922,99.9889221191406,205.530349731445,188.552505493164,274.309265136719,114.447494506836,2.50109258194365
96.5554183135868,39.045273824255,63.7999996542931,-8.07865333557129,-12.9029226303101,-77.519157409668,1106.33825683594,-1.25196576118469,-17.8981437683105,16.6461772918701,3.67563199996948,-19.1099605560303,4.79860019683838,-22.3363857269287,181.682434082031,63.3679885864258,0.699999988079071,128.392288208008,127.362327575684,3.20000004768372,86.6324234008789,4.40000009536743,-0.0167690124511719,0.0285428818315268,0.130403876304626,0.325000017881393,10,2001,4117.89892578125,121.832992553711,149.81884765625,132.461517333984,141.47721862793,128.237838745117,149.072387695312,242.650283813477,199.882064819336,215.283386230469,211.09765625,227.070831298828,194.559173583984,252.973175048828,299.826446533203,250.86784362793,282.91796875,242.138626098633,284.503570556641,213.771606445312,234.922027587891,230.401214599609,241.405792236328,229.4345703125,239.920486450195,236.252532958984,80.660400390625,178.760208129883,126.151298522949,222.223205566406,91.3830718994141,239.615921020508,67.6426773071289,174.782455444336,115.910430908203,202.664505004883,87.3592834472656,41.2849426269531,77,79,79,79.8598175048828,78.8598175048828,79,424.963531494141,412.127044677734,414.114837646484,411.187225341797,413.739868164062,414.187225341797,361.264862060547,352.810760498047,356.287109375,347.406982421875,356.825561523438,345.892303466797,355.638763427734,159.046157836914,275.726837158203,280.637420654297,323.411102294922,179.595764160156,2.47290923731738
96.564401466428,39.045273824255,62.3999983072281,-8.3867826461792,-12.7263011932373,-75.8138809204102,1108.8349609375,-1.47257614135742,-18.2590427398682,16.7864665985107,3.41748356819153,-19.4546909332275,4.52985763549805,-22.6671257019043,185.699844360352,64.5188827514648,0.759840905666351,128.950607299805,130.720077514648,3.259840965271,88.3851013183594,4.45984077453613,-0.0163320129394531,0.0287263318896294,0.130403876304626,0.350000023841858,10,2001,4155.34423828125,119.379768371582,151,132.310119628906,142.310119628906,126.344940185547,149.344940185547,236.759536743164,201.275283813477,211.724716186523,208.689880371094,222.724716186523,192,251.034820556641,296.449432373047,242.06965637207,272.484252929688,238.034820556641,277.174133300781,237.683212280273,253.927001953125,251.132629394531,262.167449951172,253.02815246582,254.306777954102,254.651718139648,95.0314865112305,179.759536743164,127.620231628418,213.864028930664,100.135971069336,250.170806884766,66.3101119995117,177.689880371094,123.860687255859,206.965179443359,89.5854034423828,42.3449440002441,77,79,79,79.3449401855469,78.3449401855469,79,412.864013671875,396.968505859375,403.484252929688,400.829193115234,399.898864746094,403.829193115234,349.452758789062,348.449432373047,346.383117675781,337.003326416016,347.072998046875,341.864013671875,352.519073486328,141.797714233398,273.864013671875,261.04150390625,302.93701171875,163.452758789062,2.47313930748878
96.5733846192692,39.045273824255,59.2000000178814,-8.57120895385742,-12.6324710845947,-74.6002426147461,1113.48913574219,-1.53264474868774,-18.4669017791748,16.9342575073242,3.29632544517517,-19.701587677002,4.40827178955078,-22.9278202056885,188.84504699707,65.4589080810547,0.764859199523926,130.054641723633,133.807418823242,3.26485919952393,89.5339965820312,4.46485900878906,-0.0158950119018555,0.028909781947732,0.130403876304626,0.300000011920929,10,2001,4194.54345703125,117.493003845215,151.506988525391,133,143,125.493003845215,149.506988525391,243.632873535156,215.167846679688,225.209808349609,222.195816040039,231.646865844727,205.688827514648,243.409088134766,297.055938720703,246.590911865234,270.534973144531,242.069931030273,280.111907958984,258.013977050781,273.097900390625,270.548950195312,286.125885009766,275.548950195312,274.632873535156,270.069946289062,103.493003845215,177.506988525391,125.451042175293,215.604904174805,107.520980834961,268.181823730469,69.5349655151367,180.548950195312,130.534973144531,215.604904174805,94.0279769897461,39.4650344848633,76.4930038452148,78.4930038452148,78.4930038452148,79,77.4930038452148,78.4930038452148,405.479034423828,380.902099609375,394.944061279297,383.832153320312,388.944061279297,385.818176269531,336.506988525391,345.506988525391,335,330.041961669922,335.506988525391,339.548950195312,324.692291259766,145.744766235352,271.548950195312,246.083923339844,301.730773925781,161.153854370117,2.47336937766019
96.5823677721104,39.045273824255,60.6000013649464,-8.59355735778809,-12.6196336746216,-73.9100952148438,1119.81774902344,-1.50771594047546,-18.5818500518799,17.0741329193115,3.31443691253662,-19.8103218078613,4.4419960975647,-23.0497379302979,188.384582519531,65.2473754882812,0.704681158065796,129.78694152832,133.378646850586,3.2046811580658,89.4495315551758,4.40468120574951,-0.0160414199829102,0.0277923122048378,0.130403876304626,0.325000017881393,10,2001,4218.912109375,118.076843261719,151.282104492188,133.358947753906,142.641052246094,125.358947753906,149.282104492188,251.564208984375,224.487350463867,237.128402709961,233.487350463867,240.923156738281,216.846313476562,245.973724365234,305.666351318359,253.358947753906,271.923156738281,250.230545043945,291.948425292969,249.308380126953,272.462066650391,261.077850341797,283.513641357422,265.0009765625,275.026275634766,272.12841796875,106.948440551758,183.025283813477,134.922164916992,244.53694152832,115.461082458496,273.103118896484,69.846305847168,181.128402709961,130.846313476562,218.692611694336,95.6410522460938,43.1021308898926,76.3589477539062,78.3589477539062,78.3589477539062,79.3589477539062,77.3589477539062,78.3589477539062,413.332672119141,382.973724365234,403.922149658203,385.640075683594,397.922149658203,383.768463134766,337.717895507812,344.564208984375,335,330.846313476562,337.076843261719,341.205261230469,318.434814453125,157.974716186523,281.820037841797,248.410507202148,316.564208984375,164.821014404297,2.47359944783159
96.5913509249516,39.045273824255,55.9000000357628,-8.36228656768799,-12.8319234848022,-74.8753890991211,1128.70275878906,-1.287224650383,-18.4250049591064,17.1377811431885,3.58868169784546,-19.7033138275146,4.7229790687561,-22.9939079284668,184.306015014648,63.801025390625,0.734603583812714,128.062088012695,129.301452636719,3.23460364341736,87.6754760742188,4.43460369110107,-0.016315739440918,0.026389617472887,0.130403876304626,0.300000011920929,10,2001,4164.69970703125,119.199279785156,150.252578735352,133.451858520508,142.12629699707,125.662788391113,148.252578735352,248.239624023438,217.720169067383,230.057388305664,226.720169067383,236.636856079102,209.96110534668,268.756164550781,310.670837402344,263.998046875,276.706573486328,263.300354003906,296.767120361328,231.824127197266,261.230255126953,242.757354736328,266.619415283203,242.394226074219,261.946319580078,259.151519775391,106.704940795898,183.904220581055,147.336776733398,263.610870361328,118.609985351562,256.716217041016,68.2342071533203,172.369995117188,124.593879699707,206.609603881836,95.1262893676758,48.0564422607422,77.0846328735352,79.0846328735352,79.0846328735352,80.0846328735352,78.0846328735352,79.0846328735352,428.614776611328,399.006622314453,422.875396728516,406.044677734375,418.773712158203,401.531463623047,340.434814453125,339.763153076172,334.367218017578,327.335906982422,338.621124267578,336.522216796875,336.561981201172,144.440338134766,278.945068359375,242.841049194336,316.403472900391,156.00227355957,2.47382951800299
96.7081319118871,39.045273824255,52.9000014066696,-8.07151031494141,-13.1010808944702,-75.6315078735352,1151.77917480469,-1.17279541492462,-18.4997787475586,17.3269824981689,4.01083755493164,-19.7278423309326,5.19637489318848,-23.1452713012695,186.074356079102,63.3015670776367,0.800000011920929,125.340545654297,129.039749145508,3.29999995231628,87.474365234375,4.59999990463257,-0.0165316482543945,0.0291595831513405,0.126926764845848,0.275000005960464,10,2001,4118.24169921875,121.4619140625,148.112167358398,134.874496459961,140.850479125977,129.186889648438,145.837142944336,254.073440551758,204.452667236328,218.615524291992,211.528747558594,229.889190673828,197.065475463867,264.173736572266,322.423370361328,265.875946044922,287.487487792969,256.476776123047,303.1015625,241.054779052734,252.588775634766,256.667572021484,269.391204833984,254.879852294922,243.642105102539,244.866455078125,103.806327819824,169.546081542969,129.735595703125,218.477905273438,112.144104003906,260.292449951172,75.3764953613281,174.933181762695,111.979965209961,205.572738647461,103.140106201172,35.7877235412598,77.8745040893555,78.8745040893555,79.8117523193359,79.662223815918,78.8745040893555,78.8745040893555,409.12548828125,407.222961425781,401.050689697266,396.176177978516,399.838409423828,406.623504638672,349.756988525391,339.913208007812,342.006713867188,334.707641601562,345.28173828125,349.734405517578,337.691040039062,144.275131225586,258.455383300781,285.228668212891,323.607299804688,162.897262573242,2.47682043023122
96.7260982175695,39.045273824255,58.2999996840954,-8.22672176361084,-13.1628293991089,-75.5483245849609,1155.99401855469,-1.31206750869751,-18.739049911499,17.4269828796387,3.89006280899048,-19.9183597564697,5.07715225219727,-23.3837394714355,186.205368041992,63.6771926879883,0.800000011920929,125.935234069824,129.742584228516,3.23158168792725,88.4095840454102,4.34913301467896,-0.0166336883544922,0.029907550662756,0.126926764845848,0.300000011920929,10,2001,4119.556640625,127.282829284668,145.358581542969,136.282836914062,140.641418457031,134.924240112305,143,254.282836914062,201.414154052734,214.565658569336,209.131317138672,228,192.207077026367,244,344.484893798828,263.828308105469,300.353576660156,244.055557250977,321.146484375,239.772735595703,264.545471191406,251,272.772735595703,254.489898681641,264.186889648438,227.17170715332,93.6818008422852,143.116134643555,124.227264404297,192.060577392578,105.247459411621,234.323211669922,78.8484878540039,161.964630126953,110,184.398971557617,110.717170715332,35,78,79.6414184570312,80,79.6414184570312,79,79.6414184570312,420.545471191406,409.565673828125,423.959625244141,411.904052734375,417.4697265625,412.131317138672,339.681793212891,326.171691894531,324.681793212891,315.040374755859,328.040374755859,323.681793212891,358.005004882812,116.020195007324,237.792922973633,219.964630126953,309.626220703125,131.323211669922,2.47728057057403
96.7350813704107,39.045273824255,58.899998664856,-8.20150947570801,-13.217999458313,-75.8634338378906,1159.17248535156,-1.34900534152985,-18.7759876251221,17.4269828796387,3.93754363059998,-19.9269752502441,5.12087678909302,-23.4196472167969,185.009582519531,63.5929832458496,0.800000011920929,127.460922241211,130.061630249023,3.06060528755188,88.3529510498047,3.72221970558167,-0.0168196517944336,0.0296030640602112,0.126926764845848,0.300000011920929,10,2001,4096.46142578125,128.987045288086,145,137.493530273438,141,136.493530273438,143.493530273438,254.506469726562,201.051788330078,215.012954711914,211.012954711914,228.493530273438,190.545318603516,217.843109130859,312.205657958984,237.933746337891,276.556762695312,218.388427734375,292.102081298828,237.571212768555,265.571197509766,245.077682495117,270.571197509766,247.623001098633,264.090637207031,228.389938354492,90.4158401489258,139.402893066406,137.779891967773,215.001510620117,101.935264587402,218.584167480469,77.5453186035156,153,112.961158752441,171.532363891602,107.532371520996,35,78,80,80,80,79.493522644043,80,426.506469726562,409.519409179688,430.545318603516,417.506469726562,425.493530273438,416.974090576172,336.415832519531,325.415832519531,324.376983642578,311.415832519531,326.883483886719,318.935272216797,366.143951416016,148.014465332031,251.792831420898,236.663360595703,325.611572265625,160.988571166992,2.47751064074543
97.7052618772598,39.045273824255,54.6000003814697,-6.73870992660522,-12.7315845489502,-98.8746948242188,961.340393066406,-1.35733830928802,-14.263129234314,12.9057903289795,3.71167683601379,-15.8653211593628,4.86955404281616,-18.8911285400391,220.218063354492,68.0937118530273,0.465396404266357,123.860580444336,158.567932128906,2.16158556938171,107.724822998047,2.2396821975708,-0.0183178634643555,0.027178592979908,0.100324958562851,0.300000011920929,10,2001,3955.35375976562,112.653533935547,151.653533935547,126.413383483887,145.826766967773,120.24015045166,150.240158081055,230,185.51969909668,190.653533935547,182.413391113281,195.48030090332,178.933074951172,245.145706176758,306.598480224609,264.212615966797,275.346466064453,251.145706176758,296.972473144531,170.027526855469,208.787368774414,192.586608886719,201.759841918945,182.307067871094,210.720458984375,290.799255371094,65.8661651611328,168.826766967773,108,216.078796386719,87.0393981933594,264.318939208984,46.2401504516602,210.224502563477,112.933082580566,231.185104370117,72,34.7598495483398,76.8267669677734,80.4133834838867,78.4133834838867,79.4133834838867,78.4133834838867,80.4133834838867,448.055053710938,431.535339355469,420.535339355469,415.295196533203,435.055053710938,414.94873046875,381.917449951172,359.263916015625,387.05126953125,383.531585693359,383.224517822266,374.744201660156,302.118194580078,114.531578063965,180.452774047852,189.732330322266,260.704803466797,109.24015045166,2.50235821925687
96.5464351607456,39.0362906714138,58.6000010371208,-8.15318775177002,-12.7668752670288,-77.848747253418,1096.314453125,-1.37467336654663,-17.7777462005615,16.4030742645264,3.53275680541992,-19.0701007843018,4.64889860153198,-22.232234954834,184.858383178711,63.9156150817871,0.699999988079071,128.295837402344,129.456314086914,3.20000004768372,87.2744140625,4.34280014038086,-0.0168107208251953,0.0283594317734241,0.122970193624496,0.300000011920929,10,2001,4174.36474609375,121.355583190918,149.430099487305,133.226715087891,141.773284912109,127.576103210449,148.209579467773,249.821197509766,203.217575073242,226.951858520508,217.410018920898,241.959518432617,200.00178527832,250.334274291992,316.576110839844,275.651184082031,311.066741943359,248.668304443359,306.128875732422,239.734039306641,232.999450683594,244.827163696289,259.567626953125,257.246337890625,242.245086669922,246.19873046875,87.1957092285156,165.434829711914,124.034271240234,221.133590698242,91.5607528686523,251.347991943359,62.6910934448242,179.31510925293,110.736068725586,206.517333984375,85.4581680297852,38.9828643798828,77.1164627075195,78.2267227172852,78.8897399902344,79.8897399902344,78.1164627075195,78.8897399902344,417.303161621094,413.546783447266,409.314117431641,397.665283203125,404.343658447266,407.842071533203,342.962799072266,353.453765869141,345.748474121094,342.430114746094,337.636749267578,349.912841796875,356.768157958984,116.390968322754,237.747467041016,233.522537231445,300.240966796875,132.319396972656,2.47324818778046
96.5554183135868,39.0362906714138,58.6000010371208,-8.58480834960938,-12.5160999298096,-75.1333541870117,1097.17456054688,-1.63024592399597,-18.2896862030029,16.6594409942627,3.14759826660156,-19.5146961212158,4.24958086013794,-22.6548767089844,189.564147949219,66.2790298461914,0.699999988079071,130.354507446289,134.231384277344,3.20000004768372,90.3379058837891,4.39161443710327,-0.0163285308837891,0.0285428818315268,0.130403876304626,0.325000017881393,10,2001,4222.8427734375,117.873748779297,150.625244140625,133,142,125.124244689941,148.374755859375,250.873748779297,211.004013061523,233.627258300781,225.753509521484,244,208.879760742188,249.87776184082,314.124237060547,282.631256103516,300.621246337891,255.25651550293,302.873748779297,246.124252319336,228.244476318359,252.124252319336,264.496978759766,264.873748779297,245.749496459961,265.256530761719,93.2525100708008,168.751510620117,123.250503540039,220,98.3787612915039,272.258514404297,62.8757514953613,177.873748779297,118.503005981445,222.132278442383,87.1262512207031,39.3747482299805,76.3747482299805,78,78.3747482299805,79.3747482299805,77.3747482299805,78.3747482299805,403.372741699219,406.498992919922,396.248504638672,391.252502441406,388.372741699219,399,350.503021240234,365.256530761719,351.002014160156,343.625244140625,345.753509521484,355.25048828125,322.859710693359,121.635284423828,231.376754760742,236.25651550293,259.362701416016,126.130264282227,2.47347831089633
96.564401466428,39.0362906714138,58.6000010371208,-8.72213172912598,-12.4277057647705,-74.0346145629883,1101.55895996094,-1.69765853881836,-18.4841251373291,16.7864665985107,3.0730619430542,-19.7062091827393,4.17306184768677,-22.8508777618408,190.585556030273,66.6548843383789,0.83717942237854,130.440780639648,135.184127807617,3.33717942237854,91.0254745483398,4.53717947006226,-0.0158463394165039,0.0287263318896294,0.130403876304626,0.275000005960464,10,2001,4259.5146484375,116.477241516113,151.477233886719,133,142.477233886719,124.477241516113,148.477233886719,253.772399902344,221.772399902344,246.544815063477,242.453765869141,249.72688293457,222.204132080078,245.886917114258,319.204132080078,284.364166259766,291.659301757812,257.364166259766,304.817932128906,244.522766113281,226.681365966797,248.613800048828,260.477233886719,259.182067871094,248.340682983398,273.568267822266,95.5682754516602,175.772399902344,127.817924499512,226.681365966797,102.56827545166,277.841400146484,63.5227584838867,174.568283081055,128.72688293457,229.659317016602,89,37.0910377502441,76,78,77.5227584838867,78.5227584838867,77,78,398.568267822266,395.455200195312,393.522766113281,391.182067871094,386.908966064453,392.318634033203,356.908966064453,377.863433837891,357.340698242188,347.817932128906,353.863433837891,359.340698242188,290.932434082031,152.271697998047,244.976531982422,244.091033935547,241.954483032227,151.180648803711,2.4737084340122
96.5733846192692,39.0362906714138,60.199998319149,-8.73912620544434,-12.4462642669678,-73.5938720703125,1107.23901367188,-1.63988482952118,-18.5523223876953,16.9124374389648,3.10257840156555,-19.7949886322021,4.19760513305664,-22.9645195007324,190.501129150391,66.5087432861328,0.851281106472015,130.292266845703,135.06999206543,3.35128116607666,90.9098281860352,4.5512809753418,-0.0153641494750977,0.028909781947732,0.130403876304626,0.375,10,2001,4278.82275390625,117.321388244629,151.333648681641,133.329254150391,142.992141723633,125.321388244629,148.662887573242,259.579925537109,228.567657470703,255.855072021484,253.494384765625,256.893432617188,229.556335449219,240.755340576172,322.605346679688,272.833251953125,287.067260742188,247.150238037109,306.303131103516,242.361618041992,240.145721435547,244.722290039062,263.626129150391,254.075119018555,252.603485107422,267.084838867188,87.4385833740234,174.665664672852,128.644638061523,219.073745727539,96.4140853881836,266.166900634766,63.99560546875,168.74333190918,132.271697998047,216.506774902344,89.3292465209961,34.0436859130859,76.9877471923828,78.3292465209961,77.99560546875,78.3371047973633,77.6585006713867,78.3292465209961,397.023590087891,384.16943359375,393.666351318359,385.416625976562,388.639312744141,385.768524169922,360.614807128906,375.684844970703,361.603485107422,350.949371337891,357.940582275391,361.627990722656,303.867523193359,160.846527099609,252.539001464844,240.385192871094,259.776000976562,163.790588378906,2.47393855712806
96.5823677721104,39.0362906714138,61.0000006854534,-8.6031608581543,-12.5526752471924,-74.0204467773438,1113.32885742188,-1.53179776668549,-18.4904308319092,16.9586334228516,3.26588654518127,-19.7377681732178,4.38439655303955,-22.9375877380371,189.520980834961,65.7062683105469,0.749283611774445,129.350952148438,133.886260986328,3.2492835521698,90.053108215332,4.44928359985352,-0.0155659698486328,0.0277923122048378,0.130403876304626,0.333333343267441,10,2001,4270.51220703125,118.206680297852,150.493026733398,133.844131469727,143,126.206680297852,148.337158203125,258.694183349609,228.864013671875,251.385894775391,248.179214477539,255.813217163086,228.512924194336,249.00456237793,327.347747802734,271.728118896484,290.543395996094,247.923355102539,311.129608154297,241.954696655273,250.76350402832,245.342666625977,269.928344726562,255.005508422852,256.407409667969,261.513427734375,77.6613082885742,164.417770385742,123.377456665039,201.452651977539,89.7260665893555,256.426208496094,64.9885482788086,163.839141845703,127.159324645996,202.970565795898,90.2066802978516,32.4676208496094,78.1698226928711,78.844123840332,79.3510971069336,79.0254058837891,78.6882553100586,78.844123840332,402.438323974609,386.455749511719,400.126586914062,388.942810058594,393.231658935547,391.038909912109,355.606964111328,362.78076171875,354.53076171875,341.128845214844,351.918701171875,352.553649902344,333.625091552734,147.290740966797,244.213577270508,239.773422241211,284.962768554688,152.449111938477,2.47416868024393
96.5913509249516,39.0362906714138,59.9000006914139,-8.3260440826416,-12.7623777389526,-75.1665649414062,1122.38073730469,-1.31476604938507,-18.2936115264893,16.9788455963135,3.57464933395386,-19.5881118774414,4.70765542984009,-22.8385353088379,184.974746704102,64.1350860595703,0.800000011920929,127.69758605957,129.567153930664,3.29999995231628,87.9489212036133,4.5,-0.0159177581787109,0.026389617472887,0.130403876304626,0.300000011920929,10,2001,4192.9306640625,119.292282104492,150.662811279297,133.966674804688,142.966674804688,127.325607299805,148.662811279297,253.275909423828,222.217132568359,241.632568359375,237.107009887695,248.258102416992,221.779968261719,258.275329589844,351.958099365234,281.244506835938,303.491882324219,258.014953613281,333.610748291016,246.153839111328,255.151336669922,251.54216003418,276.420440673828,260.279510498047,263.775451660156,264.353790283203,77.0881652832031,160.611450195312,122.636894226074,211.716827392578,90.0881652832031,245.106781005859,64.3115158081055,167.494522094727,122.689910888672,203.368865966797,91.5588912963867,32.3665809631348,77.6077423095703,79,79.3038711547852,79.6961288452148,79,79,418.950347900391,398.514587402344,416.983673095703,406.501586914062,408.924652099609,404.773559570312,334.895812988281,346.367401123047,331.474151611328,317.077972412109,330.762512207031,331.484313964844,330.386169433594,137.398086547852,236.73876953125,243.291076660156,291.189575195312,141.250686645508,2.4743988033598
96.6003340777928,39.0362906714138,52.7000017464161,-8.11571598052979,-12.8959827423096,-75.6684494018555,1129.11584472656,-1.1144083738327,-18.1572589874268,17.0428504943848,3.80030345916748,-19.4786281585693,4.94790172576904,-22.7605876922607,182.156021118164,63.1471824645996,0.800000011920929,127.92741394043,127.931800842285,3.29999995231628,86.5616989135742,4.5,-0.0162695465087891,0.0249869227409363,0.115999825298786,0.266666680574417,10,2001,4124.3369140625,118.355537414551,150.451843261719,133.451843261719,142.451843261719,126.903694152832,148.451843261719,248.903686523438,206.94059753418,228.229522705078,221.036911010742,239.066604614258,204.747985839844,260.259216308594,343.140441894531,276.392456054688,296.555358886719,260.066619873047,325.333038330078,231.26643371582,246.585067749023,242.199829101562,265.651672363281,241.881210327148,258.036895751953,252.555358886719,93.4446334838867,170.511245727539,142.926177978516,249.148498535156,106.444633483887,244.481552124023,69.5778503417969,178.770477294922,118.80738067627,218.155700683594,94.7407760620117,38.0296974182129,77,79,79,80,79,79,444.540954589844,423.733551025391,443.089111328125,429.703857421875,439.570648193359,428.540954589844,324.192626953125,330.229522705078,314.711059570312,304.644470214844,318,313.970306396484,351.341125488281,103.562576293945,229.066604614258,225.525665283203,310.474334716797,111.044120788574,2.47462892647566
96.7171150647283,39.0362906714138,56.6999986767769,-7.88713979721069,-13.2803401947021,-78.9725875854492,1136.50964355469,-1.23975849151611,-18.0611400604248,16.8213806152344,4.0453634262085,-19.2951335906982,5.22950792312622,-22.7478847503662,185.22265625,62.7772941589355,0.800000011920929,125.113624572754,128.520324707031,3.29999995231628,87.096565246582,4.59999990463257,-0.0161890563964844,0.0295777395367622,0.126926764845848,0.300000011920929,10,2001,4103.36669921875,126.612815856934,145.774368286133,135.225631713867,141,133.225631713867,142.774368286133,251.935897827148,194.710266113281,214.033355712891,205.64616394043,230.807708740234,190.194885253906,242.451278686523,314.805114746094,260.130798339844,282.097442626953,237.064102172852,297.256378173828,242.323089599609,244.35383605957,249.387176513672,261.225646972656,252.774368286133,240.225631713867,230.582077026367,93.6461715698242,155.64616394043,127.389785766602,219.774368286133,107.646171569824,228.482025146484,75.7743606567383,156.097442626953,117.451278686523,176.451278686523,105.548721313477,36.3871803283691,78,79,79,79.3871841430664,79,79,419.548736572266,424.807708740234,418.097442626953,412.033355712891,411.871795654297,424.743621826172,338.128204345703,330.838470458984,332.515380859375,326.740997314453,335.353820800781,335.03076171875,389.064086914062,122.417930603027,258.256378173828,233.194885253906,336.646179199219,137.030746459961,2.47762052698194
96.7260982175695,39.0362906714138,58.4999993443489,-8.04568004608154,-13.2335004806519,-78.3550033569336,1136.57836914062,-1.36180293560028,-18.2550563812256,16.893253326416,3.90187788009644,-19.4432697296143,5.08708906173706,-22.9112606048584,187.050201416016,63.7269287109375,0.800000011920929,125.610649108887,130.089340209961,3.29999995231628,88.4123382568359,4.59999990463257,-0.016277912902832,0.029907550662756,0.126926764845848,0.300000011920929,10,2001,4123,127,144.535018920898,137.394958496094,141,135.394958496094,142,248.605041503906,190.140060424805,209,201.464981079102,225,184.464981079102,238.420196533203,315.885162353516,245.955215454102,278.535003662109,232.955215454102,299.420196533203,240.464981079102,247.605041503906,247.605041503906,260.605041503906,252,242.394958496094,218.885177612305,87.1400604248047,141.235336303711,119.649841308594,203.190551757812,97.4201889038086,229.560256958008,76.3949508666992,150.210098266602,117.140060424805,174.280120849609,105.859939575195,34.140064239502,78.4649810791016,79.4649810791016,79.4649810791016,79.4649810791016,79.4649810791016,79.4649810791016,422.649841308594,424.579803466797,419.649841308594,413.044799804688,413.114837646484,418.859924316406,336.885162353516,327.815155029297,332.7451171875,326.350158691406,334.885162353516,338.7451171875,371.005676269531,132.2548828125,252.050476074219,221.885177612305,318.050476074219,137.490219116211,2.4778506500978
96.7350813704107,39.0362906714138,58.2000017166138,-8.0763988494873,-13.2629566192627,-78.5294876098633,1139.10803222656,-1.44161939620972,-18.3348731994629,16.893253326416,3.89306330680847,-19.4985198974609,5.07926511764526,-22.9928588867188,187.785888671875,63.6583786010742,0.800000011920929,126.704498291016,131.458297729492,3.22676992416382,88.5,4.34869909286499,-0.0164929275512695,0.0296030640602112,0.126926764845848,0.275000005960464,10,2001,4115.03515625,127.951507568359,144.020721435547,138.620666503906,140.682830810547,137.255004882812,142.317169189453,248.647994995117,189.985885620117,209.951507568359,204.199462890625,225.634338378906,185.613616943359,224.95378112793,310.862274169922,237.049194335938,276.117706298828,222.780517578125,290.711303710938,240.344940185547,243.207656860352,243.524810791016,257.476318359375,251.365661621094,242.03483581543,213.227920532227,84.7657165527344,130.435134887695,126.061470031738,192.0478515625,91.5658111572266,219.745681762695,78.8893432617188,148.075820922852,113.814208984375,167.945587158203,107.599952697754,32.7172164916992,78.9792785644531,79.9792785644531,79.9792785644531,79.9792785644531,79.9792785644531,79.9792785644531,427.158447265625,430.434173583984,427.330139160156,422.585144042969,420.675079345703,423.137298583984,332.179443359375,326.358154296875,329.462219238281,320.255706787109,327.959259033203,334.827880859375,351.745483398438,129.828765869141,242.013473510742,215.276428222656,305.158966064453,131.55876159668,2.47808077321367
96.7440645232519,39.0362906714138,59.0000003576279,-8.09388542175293,-13.2702493667603,-78.4774780273438,1142.45263671875,-1.5,-18.4132518768311,16.9132518768311,3.9013934135437,-19.5552272796631,5.08022451400757,-23.0669403076172,187.911926269531,63.5716323852539,0.800000011920929,127.641494750977,132.330291748047,3.12404799461365,88.3865356445312,3.99619245529175,-0.0167079437255859,0.0292985793203115,0.126926764845848,0.300000011920929,10,2001,4116.01904296875,129.155578613281,143.830627441406,137.99919128418,139.99919128418,137.492691040039,142.831436157227,250.140975952148,192.64990234375,211.663696289062,207.820083618164,226.324142456055,186.324142456055,216.433685302734,315.558410644531,236.736724853516,278.769989013672,219.902847290039,293.292694091797,236.119064331055,238.008926391602,237.654769897461,253.826568603516,248.812774658203,238.50325012207,213.846862792969,84.5073013305664,130.508117675781,128.495132446289,201.967529296875,92.1701812744141,220.399597167969,79.6474609375,149.663696289062,112.182357788086,166.042999267578,107.507301330566,33.6628799438477,78.8306274414062,80,79.8306274414062,80,79.8306274414062,80,425.998382568359,428.982971191406,430.974029541016,426.974853515625,422.464294433594,426.820068359375,337.220489501953,333.008117675781,331.863891601562,319.860656738281,328.722930908203,334.676666259766,357.515411376953,124.945045471191,250.642593383789,218.586822509766,308.651519775391,137.390670776367,2.47831089632954
96.8788118158698,39.0362906714138,42.8999997675419,-5.76289176940918,-12.545051574707,-90.4307479858398,977.572875976562,0.156529054045677,-13.7194042205811,13.8759336471558,4.88636112213135,-15.0574836730957,6.16861200332642,-18.1658344268799,172.665985107422,58.5944557189941,0.600000023841858,129.805236816406,125.198829650879,2.20000004768372,84.7268447875977,2.20000004768372,-0.0211908081054688,0.0214369501918554,0.0870700031518936,0.200000002980232,10,2001,4013.544921875,114.198745727539,150,126,142,119.799163818359,147.39958190918,228.801254272461,164,183.205001831055,169.403747558594,189.604583740234,158.202911376953,205.598327636719,317.397491455078,233.200836181641,265.190399169922,215.801254272461,288.799163818359,196.395416259766,219.596252441406,218.589996337891,232.592071533203,207.792907714844,239.592071533203,263.989562988281,74.5920791625977,164.587905883789,112.192497253418,200.186233520508,95.3954162597656,303.200836181641,51.596248626709,229.405838012695,117.801254272461,250.008346557617,74.1987457275391,48.803337097168,74,79.3995819091797,75.3995819091797,79.3995819091797,75,80,449.600402832031,432.606658935547,431.803344726562,429.803344726562,439.002075195312,419.604583740234,354.004180908203,347.797088623047,350.006256103516,337.604583740234,353.205017089844,340.803344726562,324.424591064453,105.207092285156,197.384994506836,148.589996337891,251.424606323242,99.997917175293,2.48176274306754
97.714245030101,39.0362906714138,45.499999076128,-6.99100589752197,-12.4613924026489,-93.9417190551758,964.554565429688,-1.48842239379883,-14.7762022018433,13.2877798080444,3.46923232078552,-16.1595211029053,4.61077928543091,-19.1922588348389,222.781051635742,69.7151184082031,0.441349357366562,125.076644897461,161.388748168945,2.06539750099182,109.066184997559,2.16539740562439,-0.0185433364868164,0.0260472875088453,0.100324958562851,0.25,10,2001,3993.25854492188,112.75594329834,151.657424926758,125.929206848145,145.755935668945,119.342575073242,149.854461669922,222.642593383789,170.162887573242,183.182189941406,175.130706787109,187.209915161133,166.721801757812,216.817840576172,309.252410888672,253.339584350586,273.885620117188,232.395538330078,299.739562988281,189.538131713867,218.156433105469,203.970291137695,216.871765136719,198.210388183594,224.824752807617,288.099487304688,63.5351409912109,174.97966003418,118.211868286133,201.356414794922,85.2712631225586,258.097015380859,50.652961730957,226.662338256836,130.557373046875,240.219284057617,74.2202911376953,35.8821792602539,77.3148498535156,80,78.5589141845703,79,78.5589141845703,80,433.784698486328,438.288665771484,414.639678955078,407.695098876953,426.934692382812,421.950042724609,376.677185058594,343.653411865234,381.390045166016,374.921234130859,374.854919433594,353.32373046875,374.399932861328,90.7688217163086,200.682052612305,160.773803710938,262.864868164062,97.4920654296875,2.50316419284317
97.7232281829422,39.0362906714138,48.9999987185001,-7.46324872970581,-12.2005462646484,-91.5015640258789,956.823486328125,-1.79012823104858,-15.1616649627686,13.3715362548828,3.04452085494995,-16.5058078765869,4.17111825942993,-19.4723281860352,229.819366455078,72.6195068359375,0.441349357366562,125.28337097168,166.693939208984,2.07190442085266,111.786140441895,2.173903465271,-0.0181272155761719,0.0259345434606075,0.100324958562851,0.275000005960464,10,2001,4017.88696289062,113,151.390838623047,126.218322753906,146,119.609161376953,150.609161376953,227.482467651367,178.355773925781,189.309951782227,179.482467651367,194.137451171875,174.137451171875,232.539031982422,309.838226318359,258.183258056641,272.045806884766,242.056564331055,295.436645507812,183.207580566406,212.471710205078,192.334274291992,204.725112915039,186.506774902344,213.943435668945,293.0107421875,61.7816734313965,170.609161376953,114.126693725586,211.929870605469,82.6091613769531,270.803161621094,47.3450202941895,230.619918823242,120.126693725586,254.412338256836,73,37.436653137207,76.7816772460938,80,77.7816772460938,79,77.7816772460938,80,441.264129638672,446.609161376953,426.091644287109,420.746612548828,436.700805664062,429.827484130859,375.528289794922,341.528289794922,381.574096679688,373.528289794922,376.792419433594,356.838226318359,343.404388427734,96.9191207885742,181.90837097168,173.183258056641,277.320709228516,96.8274917602539,2.50339431595904
97.7322113357834,39.0362906714138,55.7999983429909,-6.62187194824219,-12.9093761444092,-100.839660644531,961.328369140625,-1.25706887245178,-14.0747261047363,12.8176574707031,3.85376691818237,-15.7243070602417,5.02562046051025,-18.7678260803223,217.914855957031,68.0247497558594,0.436539709568024,123.999099731445,157.545669555664,2.18616247177124,106.719055175781,2.33365631103516,-0.0178008880615234,0.0263620056211948,0.100324958562851,0.275000005960464,10,2001,3983.81713867188,113.46240234375,151,126.53759765625,145.53759765625,120.46240234375,150.0751953125,229.150390625,188.23681640625,193.53759765625,184.849609375,199.0751953125,181.849609375,234.515121459961,327.3984375,252.590316772461,283.71044921875,236.815902709961,307.63525390625,189.796890258789,208.38720703125,191.635269165039,201.323257446289,187.409683227539,210.3984375,270.094207763672,56.8383750915527,165.91357421875,108.68798828125,208.891098022461,78.3759689331055,269.503875732422,45,218.729476928711,110.526359558105,253.503890991211,73.46240234375,36.6879844665527,76.46240234375,80,77.46240234375,79.46240234375,77.46240234375,80,454.1728515625,456.71044921875,442.48486328125,434.86083984375,451.63525390625,437.93603515625,356.030242919922,334.9775390625,365.879852294922,362.81591796875,360.955047607422,352.66552734375,273.146942138672,88.5903167724609,177.0751953125,157.417465209961,245.222122192383,96.61279296875,2.50362443907491
96.5733846192692,39.0273075185726,54.0999993681908,-8.71142387390137,-12.4003372192383,-73.8105697631836,1102.82055664062,-1.64239931106567,-18.4426002502441,16.8002014160156,3.08869218826294,-19.7291793823242,4.18968820571899,-22.8566284179688,190.903228759766,66.5571975708008,0.800000011920929,129.747039794922,134.918685913086,3.29999995231628,90.9388275146484,4.52417278289795,-0.0148332870483398,0.028909781947732,0.130403876304626,0.300000011920929,10,2001,4300.26025390625,118.697196960449,146.208221435547,133.185684204102,141.488494873047,126.511505126953,143.871139526367,261.743225097656,235.497253417969,267.077819824219,258.391876220703,259.685943603516,233.008758544922,257.105377197266,321.261566162109,275.382629394531,294.138977050781,255.025039672852,307.447265625,228.490997314453,241.145629882812,237.385147094727,260.939910888672,240.165176391602,246.49446105957,242.480316162109,94.2505111694336,165.884918212891,140.528274536133,226.369659423828,105.939430236816,248.013290405273,75.3718566894531,168.282287597656,137.211700439453,199.547332763672,99.9289169311523,37.0230178833008,76,77.8143157958984,77.3370895385742,78,77,77.8143157958984,416.963409423828,404.97998046875,411.732177734375,400.400360107422,408.323516845703,406.422912597656,354.511291503906,353.840118408203,351.034088134766,339.322631835938,351.988525390625,346.896942138672,405.605926513672,145.356643676758,268.930938720703,233.250793457031,310.793426513672,148.565338134766,2.47450799861894
96.5913509249516,39.0273075185726,54.9999997019768,-8.32811641693115,-12.6579885482788,-74.8102340698242,1115.49865722656,-1.32789981365204,-18.2480945587158,16.9201965332031,3.51565432548523,-19.5011119842529,4.65589141845703,-22.718542098999,186.36296081543,64.2109451293945,0.800000011920929,127.921295166016,130.584884643555,3.29999995231628,87.810173034668,4.5,-0.0155197769165039,0.026389617472887,0.130403876304626,0.275000005960464,10,2001,4207.01513671875,118.036895751953,150.518447875977,133,143.518447875977,126.036895751953,148.036895751953,251.407760620117,222.778625488281,243.260177612305,235.149505615234,251.333969116211,218.778625488281,265.555328369141,321.112609863281,281.147583007812,293.629119873047,264.852416992188,305.038818359375,238.963104248047,256.629119873047,254.184478759766,282.110687255859,255.592239379883,265.924285888672,270.299011230469,101.854339599609,177.370864868164,139.483474731445,242.485397338867,111.29899597168,259.223297119141,69.0368957519531,186.629135131836,124.557266235352,225.666030883789,89.9262084960938,37.1106834411621,76.5184478759766,78.5184478759766,78.5184478759766,79.0368957519531,77.5184478759766,78,437.442749023438,417.739807128906,430.405853271484,414.924285888672,427.479644775391,418.702911376953,324.075714111328,325.594146728516,315.891235351562,302.965026855469,316.409698486328,315.372802734375,380.372802734375,137.149505615234,262.446563720703,228.260177612305,301.444671630859,148.036895751953,2.47496835078835
96.8518623573462,39.0273075185726,45.2999994158745,-6.88316965103149,-12.2546043395996,-83.0193710327148,1008.55993652344,-0.756830990314484,-15.5296802520752,14.7728500366211,3.9877986907959,-16.6382160186768,5.19368839263916,-19.7536373138428,186.99787902832,62.5899658203125,0.755563080310822,127.257316589355,132.939117431641,2.90492606163025,89.4052581787109,4.1418890953064,-0.019755046081543,0.0210115686058998,0.0895321741700172,0.366666674613953,10,2001,4117.61572265625,113.806861877441,152.703628540039,127.129997253418,143.835556030273,120.716987609863,150.497116088867,217.613754272461,183.319183349609,196.804840087891,186.714965820312,202.873657226562,178.433883666992,235.164276123047,335.435882568359,270.238861083984,299.324798583984,243.215866088867,304.294311523438,236.705413818359,269.919555664062,252.346008300781,266.516143798828,242.395645141602,270.020935058594,277.015014648438,70.277099609375,160.638549804688,112.410957336426,225.439590454102,90.296257019043,288.483764648438,60.1720504760742,226.466674804688,116.007606506348,246.29833984375,81.6596374511719,55.0095672607422,73.925422668457,78.7361450195312,76.1319274902344,79.5296401977539,75.1319274902344,78.7361450195312,428.294525146484,398.160675048828,409.407318115234,400.757202148438,416.824188232422,396.495269775391,335.206573486328,331.258209228516,338.908264160156,332.858581542969,340.118621826172,334.145355224609,386.806732177734,109.166343688965,216.743835449219,165.527496337891,299.214019775391,107.070770263672,2.48164345724479
97.7322113357834,39.0273075185726,52.0999990403652,-7.11394691467285,-12.3391361236572,-91.7699737548828,964.508056640625,-1.52336549758911,-14.985767364502,13.46240234375,3.35812091827393,-16.2752895355225,4.49226570129395,-19.3115482330322,223.343307495117,69.3711929321289,0.494750708341599,124.564979553223,161.869827270508,2.24369645118713,110.042778015137,2.39475083351135,-0.0182752685546875,0.0254337787628174,0.100324958562851,0.300000011920929,10,2001,4121.0341796875,112.274116516113,151.294418334961,125.733497619629,143.883255004883,119.685279846191,149.540618896484,234.845092773438,185.477172851562,193.296890258789,185.241058349609,198.220748901367,179.362899780273,252.37809753418,325.832275390625,267.177551269531,283.860321044922,251.162338256836,315.746063232422,178.195388793945,208.030426025391,195.746063232422,202.738479614258,183.946548461914,209.867935180664,317.63427734375,64.5685043334961,178.30192565918,115.761375427246,242.393295288086,87.0836791992188,313.9921875,47.2816963195801,249.065765380859,138.141937255859,276.240936279297,78.253776550293,51.8350028991699,74.8350448608398,78.5406188964844,76.5406188964844,78.1979827880859,75.5406188964844,78.5406188964844,439.182952880859,429.718475341797,416.226104736328,413.911346435547,428.116943359375,417.081420898438,382.916076660156,362.908477783203,388.076049804688,383.350189208984,387.279144287109,373.659790039062,332.829620361328,111.027923583984,254.446746826172,194.817306518555,269.949096679688,113.558372497559,2.50420071354586
97.7411944886246,39.0273075185726,54.2000010609627,-6.67454242706299,-12.7407398223877,-97.3681640625,965.961730957031,-1.24630606174469,-14.3574895858765,13.1111831665039,3.80181550979614,-15.8455438613892,4.95074272155762,-18.9241371154785,218.97917175293,67.7597885131836,0.439163267612457,123.977478027344,158.24104309082,2.14259886741638,107.871849060059,2.30343556404114,-0.0179129013061523,0.0260796826332808,0.100324958562851,0.25,10,2001,4031.48510742188,114.663528442383,151.952819824219,126.462387084961,145.41520690918,121.201141357422,150.610137939453,224.77001953125,180.062805175781,187.358306884766,177.118911743164,190.943115234375,170.656524658203,225.97444152832,310.061126708984,250.157257080078,279.135345458984,229.23518371582,303.887542724609,182.537094116211,211.29280090332,190.979553222656,201.848236083984,180.332458496094,209.443252563477,279.686187744141,59.7352485656738,159.026443481445,111.62174987793,208.878402709961,76.3699264526367,271.468597412109,45.0560913085938,213.734680175781,113.803977966309,241.668365478516,73.9021377563477,44.6476058959961,76.4152069091797,79.4623870849609,77.6101379394531,78.8050689697266,76.7578887939453,79.4623870849609,452.916656494141,444.017242431641,438.470184326172,429.790222167969,446.686950683594,431.884613037109,365.203552246094,344.884887695312,370.550262451172,368.361541748047,372.78564453125,359.014831542969,299.711944580078,92.3731460571289,218.044937133789,165.87971496582,250.286819458008,102.401992797852,2.50443088963057
96.5374520079044,39.0183243657314,56.2000013887882,-8.13490676879883,-12.7190504074097,-78.673713684082,1088.60729980469,-1.40581929683685,-17.5745983123779,16.1687793731689,3.48013401031494,-18.9738674163818,4.59934234619141,-22.0803050994873,183.616790771484,64.3861389160156,0.754840910434723,128.941223144531,128.794845581055,3.25484085083008,87.3913650512695,4.35484075546265,-0.0170093597412109,0.0279860608279705,0.122115090489388,0.25,10,2001,4234.6728515625,122.564949035645,151,135,142,129,148.43505859375,257.259796142578,208.56494140625,240.214416503906,227.344299316406,250.824737548828,208.694839477539,270.453735351562,296.220642089844,282.492889404297,297.525787353516,268.668151855469,290.960845947266,247.350540161133,231.960861206055,256.785583496094,267.655700683594,266.395904541016,245.045379638672,248.604095458984,77,162.090744018555,122.395904541016,218.863876342773,85.3051605224609,251.64323425293,71.4350509643555,179.870101928711,120.779357910156,210.480422973633,92.2144165039062,35,76.8701095581055,78,78.4350509643555,79.4350509643555,78.4350509643555,78,424.395904541016,417.525787353516,409.525787353516,405.525787353516,403.655700683594,419.090759277344,328.688598632812,350.513336181641,333.123657226562,327.818511962891,329.948394775391,335.863891601562,368.123657226562,175.226867675781,255.278472900391,273.245544433594,299.921722412109,193.012451171875,2.47415678600207
96.5554183135868,39.0183243657314,54.9999997019768,-8.50436687469482,-12.4737348556519,-75.487174987793,1096.43493652344,-1.57200217247009,-18.0968818664551,16.5248794555664,3.21979188919067,-19.4458751678467,4.32764577865601,-22.5421676635742,189.17333984375,65.9151382446289,0.800000011920929,128.042419433594,132.192047119141,3.46452283859253,89.6463470458984,5.03925132751465,-0.0160801025390625,0.0280340164899826,0.130403876304626,0.200000002980232,10,2001,4263.4033203125,119.665153503418,150.048065185547,133.79866027832,141.855545043945,126.866485595703,147.31721496582,265.400543212891,229.796783447266,264.739929199219,251.289184570312,262.466217041016,228.932434082031,233.888397216797,307.694000244141,251.148742675781,285.426696777344,235.936447143555,295.619506835938,248.986907958984,242.232315063477,262.358856201172,270.409332275391,267.369812011719,259.212554931641,269.569000244141,75.1554107666016,145.476913452148,131.634704589844,251.350021362305,87.8929290771484,264.47021484375,80.0921249389648,174.030426025391,131.737518310547,208.575424194336,105.553810119629,36.8643531799316,76.6630172729492,78,78,78.730842590332,77.730842590332,77.3369827270508,421.187957763672,422.481140136719,408.284362792969,407.330291748047,405.667266845703,417.975677490234,329.825134277344,335.017395019531,329.55810546875,322.9912109375,326.962921142578,323.205627441406,347.188873291016,172.118286132812,264.550079345703,256.33935546875,309.856384277344,159.969299316406,2.47461724415794
96.564401466428,39.0183243657314,56.4000010490417,-8.57998275756836,-12.4006690979004,-74.3502349853516,1098.10754394531,-1.59031820297241,-18.2693634033203,16.6790447235107,3.17253303527832,-19.5479030609131,4.27355194091797,-22.6399993896484,190.044876098633,66.6960983276367,0.800000011920929,128.804290771484,133.38117980957,3.46452283859253,90.7786712646484,5.09582805633545,-0.0156154739379883,0.0280579943209887,0.130403876304626,0.266666680574417,10,2001,4277.0634765625,118.674057006836,146.995300292969,133.45832824707,140.105514526367,126.458320617676,144.658279418945,266.382446289062,235.274139404297,270.899169921875,260.427001953125,264.530609130859,234.395431518555,239.560195922852,318.666809082031,256.056457519531,290.430603027344,238.0703125,303.381561279297,246.490737915039,251.809432983398,256.459197998047,273.762115478516,262.326812744141,264.955657958984,267.957366943359,79.7028274536133,146.277740478516,132.075881958008,237.808990478516,94.2334213256836,254.781265258789,85.6186447143555,166.84245300293,133.773193359375,206.181396484375,109.201042175293,36.7574081420898,76.2157287597656,78,78,78.2157287597656,77.2157287597656,77.7842712402344,409.458099365234,404.01171875,401.721160888672,397.045196533203,397.406311035156,403.229370117188,343.929870605469,343.515869140625,342.482604980469,329.408416748047,340.38818359375,331.489013671875,391.636993408203,171.059280395508,288.256896972656,254.790649414062,336.773620605469,162.611175537109,2.47484747323587
96.5733846192692,39.0183243657314,56.4000010490417,-8.62127304077148,-12.3784351348877,-73.9204254150391,1098.86413574219,-1.59026443958282,-18.335994720459,16.7457313537598,3.1343891620636,-19.6078300476074,4.24989414215088,-22.6926975250244,191.470397949219,66.6609649658203,0.800000011920929,129.165832519531,134.857971191406,3.31046581268311,90.9300765991211,4.56107234954834,-0.0151508453369141,0.0280819721519947,0.130403876304626,0.25,10,2001,4288.4921875,119.272758483887,147.545516967773,134.272750854492,140.272750854492,127.272758483887,144.909133911133,262.908966064453,237,270.181732177734,263.363616943359,262.818115234375,236.636383056641,256.091369628906,328.000183105469,275.546020507812,300.182067871094,253.091369628906,310.091033935547,237.817932128906,251.272583007812,247.090698242188,272.181732177734,251.545181274414,261.363464355469,266.363616943359,86.3637924194336,154.818450927734,136.363784790039,231.636383056641,99.1818923950195,257.545684814453,81.7270736694336,166.181900024414,133.090866088867,210.63655090332,101.272415161133,35.7272415161133,76,78,78,78,77,78,407.454650878906,391.908966064453,400.545501708984,390.454498291016,397.727416992188,395.727233886719,354.091033935547,356.454833984375,352.727416992188,337.363800048828,351.363800048828,343.182067871094,401.36328125,162.817932128906,290.454315185547,256.454650878906,341.727081298828,164.636383056641,2.4750777023138
96.6721993005223,39.0183243657314,55.9000000357628,-8.00195217132568,-12.7523536682129,-77.1238174438477,1106.97338867188,-1.24865591526031,-17.7857818603516,16.5371246337891,3.71852540969849,-19.1020431518555,4.88940525054932,-22.3210334777832,185.896484375,63.972469329834,0.820941209793091,126.977424621582,130.001739501953,3.32094120979309,88.1157989501953,4.62094116210938,-0.0154636505126953,0.0273148361593485,0.123079001903534,0.400000005960464,10,2001,4177.3486328125,119.341384887695,151.660690307617,133.328430175781,142.662445068359,127.334022521973,148.998245239258,240.030883789062,207.992645263672,221.356918334961,216.029937744141,237.010879516602,203.671249389648,241.750625610352,306.084350585938,266.080169677734,289.721832275391,243.05842590332,299.035858154297,227.91487121582,233.959365844727,233.64469909668,250.617340087891,239.931365966797,252.926712036133,261.585327148438,104.598602294922,177.659255981445,139.301696777344,249.896789550781,115.23161315918,279.659912109375,67.3537139892578,214.304260253906,113.701507568359,248.255950927734,88.3445892333984,52.6168479919434,75.6680526733398,77.6698150634766,76.6680526733398,78.3340225219727,76.6680526733398,77.6698150634766,441.9990234375,432.98046875,440.634429931641,432.637939453125,435.674438476562,434.661163330078,330.086090087891,333.395965576172,325.720886230469,316.746459960938,324.394195556641,312.412139892578,325.927429199219,130.612197875977,250.113357543945,227.601638793945,273.8251953125,134.269058227539,2.47761022217106
96.6811824533635,39.0183243657314,55.9000000357628,-7.67612600326538,-13.0327129364014,-80.1422576904297,1106.056640625,-1.11220717430115,-17.3765296936035,16.2643222808838,3.99855136871338,-18.7154674530029,5.18888711929321,-22.022518157959,182.312286376953,62.897289276123,0.800000011920929,127.425827026367,128.105484008789,3.29875874519348,86.7513732910156,4.59999990463257,-0.0154145935058594,0.027961190789938,0.123079001903534,0.350000023841858,10,2001,4103.06982421875,121.777900695801,150.773452758789,132.111053466797,141.773452758789,128.226547241211,148.43586730957,246.346466064453,205.508422851562,221.850448608398,215.059783935547,239.303527832031,202.773452758789,246.132690429688,308.867645263672,267.833435058594,293.098449707031,242.858963012695,298.717926025391,208.020385742188,221.307067871094,221.584869384766,233.366668701172,221.994842529297,235.276901245117,243.755523681641,95.1704711914062,176.820465087891,141.636871337891,237.730163574219,99.4906768798828,257.712585449219,70.1539840698242,198.819747924805,110.751991271973,219.092575073242,89.9787139892578,43.2644920349121,76.7009048461914,78.7009048461914,77.8889465332031,79.0384979248047,77.8889465332031,78.7009048461914,453.65869140625,440.94482421875,448.705535888672,440.329437255859,449.346832275391,444.256896972656,338.132873535156,338.410522460938,329.709594726562,326.303894042969,328.470306396484,320.466217041016,379.682159423828,129.632431030273,219.447204589844,231.145477294922,303.753631591797,133.299102783203,2.47784045124899
96.7171150647283,39.0183243657314,57.3999993503094,-7.50156307220459,-13.4772691726685,-84.8022689819336,1104.119140625,-1.27168118953705,-17.1693477630615,15.8976669311523,4.14226818084717,-18.4071350097656,5.3422679901123,-21.8749599456787,183.712127685547,62.703254699707,0.800000011920929,125.810501098633,128.08642578125,3.40292310714722,86.8159637451172,4.78175401687622,-0.0157306457519531,0.0296245105564594,0.126926764845848,0.300000011920929,10,2001,4092.36010742188,126.897026062012,143.259506225586,136.662231445312,140.102966308594,134.337768554688,141.921737670898,239.536437988281,191.63752746582,212.650817871094,202.248077392578,229.898910522461,191.650817871094,214.661239624023,289.825439453125,232.502838134766,240.097839355469,206.962875366211,279.888122558594,232.803588867188,226.351440429688,238.807739257812,247.385299682617,248.674041748047,237.946441650391,235.813369750977,87.4714584350586,178.393676757812,134.320556640625,252.099838256836,102.039878845215,244.615570068359,65.0132904052734,171.201416015625,101.637138366699,202.801330566406,95.4407348632812,35.6375274658203,77,78.0782623291016,78.7405014038086,79.337760925293,78,78.0782623291016,431.750762939453,426.279296875,425.435821533203,421.764434814453,423.775451660156,433.267883300781,335.186157226562,347.628753662109,336.418670654297,330.590759277344,327.290985107422,328.863952636719,350.462310791016,145.383880615234,231.898513793945,231.347534179688,274.917816162109,147.941650390625,2.47876136756072
97.7411944886246,39.0183243657314,46.9999983906746,-6.91433191299438,-12.3877010345459,-91.0222244262695,972.331604003906,-1.33068668842316,-14.9435949325562,13.6129083633423,3.57312393188477,-16.2052135467529,4.6911883354187,-19.2712593078613,223.220855712891,69.2474746704102,0.491613358259201,124.503211975098,161.662292480469,2.24968028068542,110.055694580078,2.35806703567505,-0.0184948028564453,0.0258644483983517,0.100324958562851,0.300000011920929,10,2001,4077.63940429688,111.362930297852,151.362930297852,126.362930297852,144.637069702148,119.637069702148,149,205.548294067383,152.459503173828,167.637069702148,161.362930297852,171.637069702148,148.185363769531,215.17756652832,342.725860595703,251.451705932617,287.903411865234,224.362930297852,319.911224365234,186.370727539062,212.007797241211,196.289733886719,206.200958251953,177.096572875977,208.289733886719,267.806854248047,61.0965805053711,156.919006347656,110.644866943359,198.725860595703,77.370719909668,301.451721191406,42.6370735168457,217.694671630859,123.355133056641,246.443908691406,69.7258529663086,46.5560836791992,75.9112167358398,80,77.2741470336914,79,77.2741470336914,80,437.297546386719,427.563873291016,418.741455078125,411.193145751953,435.378509521484,417.193145751953,375.694671630859,360.428314208984,384.968811035156,381.968811035156,386.887817382812,374.517120361328,331.219573974609,96.0077972412109,201.073196411133,167.200958251953,255.080993652344,98.4517135620117,2.50500748244503
96.5284688550632,39.0093412128902,56.6000007092953,-7.96384954452515,-12.8038749694824,-81.3895263671875,1075.78955078125,-1.36498928070068,-17.0991954803467,15.734206199646,3.54695153236389,-18.621072769165,4.68322944641113,-21.692008972168,180.133392333984,63.5943489074707,0.784436166286469,129.707092285156,127.111083984375,3.13013505935669,86.3544616699219,4.38443613052368,-0.0175844940185547,0.0279211085289717,0.122115090489388,0.233333334326744,10,2001,4226.76904296875,123.39665222168,150.39665222168,134,140.931106567383,128.39665222168,148.39665222168,252.068893432617,207.137802124023,233.931106567383,217.60334777832,244.672241210938,204.672241210938,287.31298828125,302.672241210938,301.743103027344,311.242126464844,289.605316162109,298,254.154525756836,239.534454345703,260.947845458984,272.275604248047,272.947845458984,252.39665222168,256.705718994141,80.2234268188477,174.465545654297,140.154525756836,266.672241210938,95.826774597168,260.584655761719,71.2588577270508,187.586608886719,117.60334777832,217.223434448242,87.0689010620117,37.8622055053711,75.3966522216797,77.9310989379883,77.3966522216797,79.4655532836914,77.3966522216797,77.9310989379883,428.068908691406,421.620086669922,420.603332519531,408.810028076172,411.931091308594,420.413391113281,317.242126464844,338.845458984375,318.983276367188,318.914367675781,314.586608886719,327.189971923828,366.446868896484,197.083679199219,307.893707275391,324.083679199219,318.482299804688,216.876983642578,2.47449625791595
96.6721993005223,39.0093412128902,69.300003349781,-8.0356969833374,-12.6918458938599,-77.9919738769531,1095.05114746094,-1.38045144081116,-17.6573944091797,16.2769432067871,3.6008448600769,-18.9503879547119,4.76558971405029,-22.1523666381836,187.963653564453,64.8627700805664,0.83818531036377,126.900802612305,131.288421630859,3.5111870765686,89.3164520263672,4.78767013549805,-0.0156752212524414,0.0273963678628206,0.123079001903534,0.425000011920929,10,2001,4212.978515625,119.097534179688,150.682815551758,132.841415405273,141.861755371094,127.463180541992,147.682815551758,235.331039428711,201.785858154297,215.096542358398,210.661483764648,230.599151611328,198.095260620117,233.025772094727,300.635620117188,274.144714355469,287.747406005859,238.354934692383,292.106567382812,234.698440551758,236.932922363281,237.913848876953,252.657730102539,244.836669921875,249.993988037109,268.568572998047,85.7134094238281,171.910827636719,130.435668945312,237.080337524414,96.2670364379883,306.771392822266,67.8384628295898,234.091720581055,121.646339416504,264.122772216797,96.1101226806641,69.7390594482422,75.3171768188477,78.1585922241211,77.1585922241211,78.337532043457,77.1585922241211,78.1585922241211,428.908874511719,423.364959716797,428.72216796875,418.458282470703,423.315826416016,421.882019042969,336.234100341797,339.702117919922,333.363983154297,329.546447753906,331.006103515625,327.461517333984,406.555816650391,102.653633117676,244.336853027344,250.899520874023,282.527893066406,124.518943786621,2.47818077144502
96.6811824533635,39.0093412128902,54.2000010609627,-7.63056182861328,-13.038890838623,-81.4792938232422,1094.53210449219,-1.18061482906342,-17.1849784851074,16.0043640136719,3.94437718391418,-18.4872856140137,5.14101696014404,-21.8015117645264,182.9462890625,63.0324096679688,0.800000011920929,127.098815917969,128.193099975586,3.32168436050415,86.962776184082,4.62255382537842,-0.015603532409668,0.0280366502702236,0.123079001903534,0.400000005960464,10,2001,4116.498046875,121.704299926758,149.642395019531,132.32666015625,140.66423034668,128.010925292969,146.642395019531,235.66975402832,195.556838989258,209.976364135742,202.631469726562,226.261138916016,194.607833862305,243.933715820312,301.083740234375,275.33935546875,289.109191894531,242.570587158203,291.423126220703,211.01155090332,218.737701416016,218.735900878906,230.303665161133,222.380081176758,229.663070678711,250.70133972168,98.0493316650391,176.430450439453,142.205780029297,245.648056030273,103.009254455566,291.936157226562,71.722541809082,225.771621704102,115.797943115234,249.041748046875,99.6369934082031,63.6468887329102,76.3466949462891,78.6733474731445,77.6842651367188,78.6842651367188,77.6733474731445,78.6733474731445,445.597930908203,431.831726074219,447.138488769531,435.5087890625,445.211303710938,439.180358886719,342.728057861328,349.430572509766,334.125640869141,334.514190673828,332.081939697266,330.829925537109,425.033935546875,115.918296813965,254.925506591797,252.724349975586,314.104187011719,140.534362792969,2.47841105354059
96.6901656062047,39.0093412128902,54.2000010609627,-7.39304971694946,-13.2869138717651,-83.9189376831055,1095.3662109375,-1.10326659679413,-16.9369468688965,15.8336801528931,4.17381715774536,-18.2203369140625,5.36947774887085,-21.6124095916748,179.564041137695,61.4336738586426,0.800000011920929,127.220771789551,126.258163452148,3.21804475784302,85.0395736694336,4.59999990463257,-0.0156438095092773,0.0284493491053581,0.123079001903534,0.25,10,2001,4039.57495117188,123.525650024414,148.474349975586,132,140.525650024414,128.525650024414,145.474349975586,235.897399902344,190.320434570312,208.897399902344,200.948699951172,222.846084594727,191.846084594727,256.782165527344,305.102600097656,275.576965332031,294.256530761719,253.884780883789,295.679565429688,195.371734619141,205.948699951172,205.897399902344,212.74348449707,208.423049926758,213.320434570312,236.269134521484,100.692176818848,181.102600097656,152.153915405273,245.063919067383,103.692176818848,257.191741943359,74.4743499755859,199.243057250977,106.166526794434,219.345672607422,98.3204345703125,46.8587036132812,77,79,78.5256500244141,79.5256500244141,78,79,458.307830810547,439.730865478516,453.948699951172,444.051300048828,455.525665283203,448,345.846099853516,354.320434570312,340.153900146484,343.205200195312,336.051300048828,338.679565429688,379.806549072266,143.872161865234,251.589569091797,255.525650024414,319.756103515625,150.423049926758,2.47864133563615
96.7171150647283,39.0093412128902,58.899998664856,-7.24279165267944,-13.6490869522095,-88.1455459594727,1093.26452636719,-1.26706051826477,-16.7541732788086,15.4871120452881,4.28540992736816,-17.9715785980225,5.49567461013794,-21.4736404418945,180.836608886719,62.6955299377441,0.800000011920929,126.762924194336,126.644813537598,3.15402412414551,86.5859069824219,4.6324143409729,-0.0157646453857422,0.0296874456107616,0.126926764845848,0.600000023841858,10,2001,4062.83178710938,128.910308837891,144.489883422852,135.165374755859,140,134.503112792969,142.744934082031,251.795074462891,198.036911010742,230.796798706055,222.141540527344,245.224227905273,199.374649047852,227.38508605957,269.414367675781,240.668334960938,245.666610717773,221.763320922852,261.182037353516,218.966369628906,219.868103027344,223.929611206055,231.289321899414,229.400024414062,225.474151611328,234.459197998047,73.6800003051758,192.202896118164,132.803176879883,256.163330078125,90.9772644042969,244.951721191406,65.1459045410156,166.35969543457,105.081901550293,195.496109008789,92.393180847168,35.0896911621094,77.0826873779297,78.3377456665039,78.3377456665039,79.0826873779297,78.0826873779297,78.0826873779297,464.322174072266,453.432891845703,454.262237548828,453.730133056641,460.358154296875,464.889282226562,316.711456298828,326.954071044922,321.553100585938,314.980529785156,310.159149169922,308.891632080078,356.203826904297,151.869033813477,225.548110961914,227.734191894531,288.424011230469,155.487838745117,2.47933218192286
96.7260982175695,39.0093412128902,60.4999996721745,-7.44663572311401,-13.5992450714111,-88.1094970703125,1089.93676757812,-1.49476444721222,-16.9314823150635,15.4367179870605,4.08348894119263,-18.1161098480225,5.29017400741577,-21.6180362701416,183.708343505859,63.3384704589844,0.800000011920929,126.788848876953,128.83154296875,3.3564989566803,87.7931289672852,4.77967262268066,-0.0158238708496094,0.0300186090171337,0.126926764845848,0.349999994039536,10,2001,4115.65625,130.194564819336,145,136.194564819336,140,135.791839599609,143,261.778228759766,206.986389160156,245.375503540039,235.180953979492,258.778228759766,208.583679199219,243.986389160156,280.959197998047,263.167358398438,263.570068359375,236.583679199219,272.180938720703,205.85986328125,218.597274780273,215.221771240234,226.416320800781,217.846252441406,224.986389160156,228.597274780273,72.1809539794922,184.457138061523,129.778228759766,225.900680541992,91.7782287597656,253.167343139648,62.8190498352051,170.194564819336,109.972785949707,198.583679199219,95.9863967895508,33.8054428100586,77.597282409668,78.597282409668,78.597282409668,79.597282409668,78.597282409668,78.597282409668,476.931976318359,459.361907958984,465.556457519531,461.959197998047,472.945587158203,471.570068359375,317.208160400391,322.040802001953,319.221771240234,311.624481201172,308.610870361328,302.443542480469,357.429931640625,163.628570556641,260.365966796875,231.488433837891,311.737426757812,162.293869018555,2.47956246401842
96.7440645232519,39.0093412128902,59.0000003576279,-7.36091423034668,-13.7549867630005,-88.0368423461914,1101.88024902344,-1.41983461380005,-17.0450267791748,15.6251926422119,4.22894811630249,-18.1680011749268,5.43887758255005,-21.7563095092773,182.396484375,62.6293182373047,0.800000011920929,126.791923522949,128.026733398438,3.35030961036682,86.9883270263672,4.91064023971558,-0.0162143951416016,0.0295101031661034,0.126926764845848,0.300000011920929,10,2001,4054.35668945312,129.977767944336,145.964141845703,138.626266479492,141.324249267578,134.711608886719,143.964141845703,261.027252197266,210.928283691406,243.819183349609,235.107574462891,256.761077880859,212.324249267578,208.084945678711,268.483947753906,233.999603271484,239.308151245117,205.185424804688,256.240020751953,210.590713500977,220.521621704102,217.80793762207,229.389739990234,220.966522216797,225.629196166992,251.790817260742,73.6872940063477,205.516708374023,142.234756469727,235.579818725586,94.3494186401367,239.913696289062,64.2863159179688,182.871704101562,116.346481323242,199.013626098633,94.503547668457,33.9641418457031,77.3378753662109,78.0358581542969,78.3378753662109,79.3378753662109,78.3378753662109,78.0358581542969,470.760803222656,454.138977050781,462.091583251953,456.4072265625,470.78955078125,465.499084472656,319.310638427734,325.699493408203,320.100494384766,314.203033447266,308.208068847656,308.173736572266,377.602569580078,132.057601928711,220.50569152832,194.786422729492,265.207550048828,123.06706237793,2.48002302820956
96.7710139817755,39.0093412128902,51.1000007390976,-7.63094425201416,-13.6798849105835,-85.1699676513672,1118.54870605469,-1.55654180049896,-17.6210479736328,16.0645046234131,4.09270429611206,-18.6751537322998,5.2927041053772,-22.28102684021,184.626403808594,62.865478515625,0.800000011920929,126.369277954102,129.435501098633,3.23720502853394,87.8824005126953,4.69999980926514,-0.0168001815795898,0.0287473443895578,0.119582444429398,0.275000005960464,10,2001,4074.28930664062,128.393692016602,145.478744506836,136.957473754883,142.521255493164,134,144.521255493164,266.648834228516,213.17008972168,251.733871459961,239.733871459961,260.085052490234,212.691345214844,211.266128540039,266.595306396484,227.563781738281,239.946487426758,210.308654785156,257.946472167969,238.733871459961,229.861434936523,236.382705688477,247.595306396484,248.637832641602,238.382705688477,251.755859375,80.5637817382812,169.127563476562,147.447204589844,219.957473754883,96.9149551391602,241.340179443359,70.0850448608398,189.733871459961,106.91495513916,205.563781738281,96.1700897216797,35.5637817382812,77.4787368774414,79,79.4787368774414,80,78.4787368774414,79,434.48974609375,426.872436523438,432.138549804688,422.404693603516,431.362152099609,433.574768066406,327.255126953125,343.26611328125,331.478729248047,330,320,328.563781738281,418.225067138672,118.351173400879,204.351165771484,189.776397705078,313.436218261719,128.872436523438,2.48071387449626
97.7232281829422,39.0093412128902,62.6000016927719,-8.01455783843994,-11.508017539978,-78.0443954467773,979.273986816406,-1.76831185817719,-16.5355396270752,14.7672271728516,2.62731599807739,-17.5675487518311,3.6779773235321,-20.3645477294922,239.858612060547,74.0382614135742,0.600000023841858,123.425689697266,172.059356689453,2.76911497116089,116.406463623047,3.61760401725769,-0.0194145050048828,0.0246582124382257,0.100324958562851,0.366666674613953,10,2001,4262.61474609375,114.419570922852,147.97151184082,127.342559814453,141.495758056641,122,146.104690551758,228.584548950195,179.284957885742,191.817687988281,185.160247802734,190.760696411133,175.942398071289,193.611175537109,335.253173828125,222.406158447266,275.016937255859,205.772857666016,305.434051513672,222.641525268555,225.655181884766,228.732192993164,228.48503112793,221.962417602539,233.332656860352,273.282470703125,59.2578926086426,157.313232421875,107.73363494873,198.59489440918,75.7336349487305,292.146392822266,42.2378692626953,234.163330078125,133.347290039062,254.552749633789,75.8182983398438,44.4171028137207,75,79.2378692626953,77,78.2378692626953,77,79.2378692626953,417.295684814453,410.621307373047,406.628936767578,410.945465087891,419.324188232422,407.706787109375,359.824920654297,363.066070556641,364.876739501953,360.569488525391,358.475524902344,359.618011474609,390.454193115234,87.0243835449219,202.955383300781,150.978118896484,277.366943359375,106.271545410156,2.50512377662637
97.7322113357834,39.0093412128902,53.5000003874302,-7.43260478973389,-11.9151630401611,-82.7069854736328,981.025390625,-1.45731687545776,-15.8716630935669,14.414345741272,3.15022134780884,-18.6827487945557,4.23674249649048,-19.8728733062744,232.596633911133,71.9528579711914,0.59553188085556,123.566528320312,167.124282836914,2.46190476417542,113.309074401855,2.51443719863892,-0.0192580505371094,0.0251953434199095,0.100324958562851,0.375,10,2001,4170.33544921875,114.384460449219,149.231079101562,127.615539550781,143.231079101562,122,146.615539550781,218.227005004883,166.689178466797,176.227005004883,169.842544555664,177.689178466797,163.073638916016,203.617584228516,332.231079101562,238.312866210938,268.07568359375,213.770950317383,304.693237304688,209.764846801758,214.151336669922,216.920257568359,222.46012878418,211.304718017578,223.766876220703,266.922302246094,61.2310829162598,160.924331665039,109.231079101562,197.924331665039,77.2310791015625,292.922302246094,42,227.997970581055,138.615539550781,253.768920898438,75.6155395507812,50.6175765991211,75,79,77,78,77,79,412.460144042969,413,407.615539550781,407.229034423828,413.229034423828,406.306762695312,377.775024414062,372.464202880859,375.464202880859,370.310821533203,375.466247558594,370.310821533203,372.683074951172,96.1574478149414,209.077713012695,170.390563964844,286.772979736328,109.617576599121,2.50535405872193
97.7411944886246,39.0093412128902,53.5000003874302,-7.15131807327271,-12.1384038925171,-86.1216201782227,979.548278808594,-1.37615299224854,-15.4843845367432,14.1082315444946,3.38793158531189,-18.078218460083,4.48406934738159,-19.6102809906006,227.165008544922,69.718017578125,0.550149261951447,123.574310302734,163.628829956055,2.40029859542847,111.801742553711,2.45014929771423,-0.0191339553833008,0.0258644483983517,0.100324958562851,0.300000011920929,10,2001,4079.70678710938,113.531028747559,150.937942504883,127.531028747559,144,122,148.406921386719,202.903366088867,147.27571105957,156.682632446289,150.682632446289,160.151596069336,141.399826049805,215.56559753418,339.096618652344,256.15869140625,278.600189208984,228.786346435547,311.220733642578,191.027481079102,202.84130859375,200.151596069336,210.089538574219,195.558517456055,209.089538574219,264.531036376953,59.1861724853516,172.441482543945,110.937942504883,193.965423583984,75.1861724853516,289.593078613281,44.344856262207,226.751770019531,146.034576416016,251.124114990234,79.2827987670898,54.5930862426758,74.5310287475586,79,77,78.4689712524414,76.5310287475586,79,409.937957763672,412.531036376953,407.062042236328,400.186157226562,411.344848632812,404.937957763672,399.034576416016,384.627655029297,392.786346435547,389.724304199219,393.096618652344,385.972503662109,358.910461425781,99.8413162231445,218.503540039062,171.868789672852,284.744689941406,111.71720123291,2.5055843408175
97.7681439471481,39.0093412128902,51.8999993801117,-6.89934873580933,-12.4597702026367,-92.5943450927734,969.448974609375,-1.34419667720795,-14.8242282867432,13.4800319671631,3.58693480491638,-16.1246910095215,4.70843887329102,-19.206075668335,223.283050537109,68.9527359008789,0.400000005960464,124.378036499023,161.689559936523,1.82390093803406,110.664993286133,2,-0.018761669921875,0.0278717651963234,0.110989630222321,0.25,10,2001,4120.70849609375,114.971687316895,150.71598815918,128.285079956055,145.402587890625,121.971687316895,149.71598815918,218.505020141602,170.491012573242,176.727096557617,172.296188354492,181.219940185547,165.893600463867,250.502731323242,359.968322753906,278.486297607422,311.167572021484,258.534240722656,345.218719482422,197.971694946289,215.52116394043,196.624664306641,208.968490600586,198.375335693359,210.028305053711,276.328460693359,60.0304412841797,171.075180053711,112.83455657959,204.175201416016,78.5995407104492,274.100311279297,44.7159843444824,223.097244262695,117.076248168945,242.073059082031,74.85205078125,47.6855430603027,77.6572265625,80,78.6572265625,79,78.6572265625,80,416.968200683594,410.207763671875,413.447052001953,408.417663574219,414.671234130859,407.208831787109,385.060119628906,374.271087646484,389.928314208984,382.58447265625,386.953430175781,383.076263427734,293.5283203125,111.536659240723,187.171997070312,178.683715820312,253.491653442383,114.608352661133,2.5062751871042
97.8040765585129,39.0093412128902,57.3000013828278,-6.5260124206543,-13.0961723327637,-104.212387084961,962.152404785156,-1.17796647548676,-13.7727956771851,12.5948286056519,4.03348302841187,-15.5832643508911,5.2355842590332,-18.6245708465576,222.074142456055,69.5216369628906,0.400000005960464,124.747718811035,161.128997802734,1.7826544046402,109.680603027344,1.96158671379089,-0.0170904205322266,0.0301153417676687,0.120715290307999,0.300000011920929,10,2001,3989.47607421875,113.615844726562,149.798843383789,126,143.840072631836,119.971176147461,148.899429321289,218.845809936523,157.632278442383,169.370056152344,157.168899536133,180.856491088867,152.57292175293,213.149932861328,295.433319091797,233.87532043457,251.538131713867,209.924011230469,276.974182128906,186.975219726562,188.897506713867,191.957077026367,196.565460205078,185.825958251953,199.707244873047,262.681427001953,55.624813079834,151.670059204102,113.19539642334,200.496917724609,68.9496078491211,281.011566162109,39.472339630127,193.615020751953,98.4830169677734,247.229156494141,70.0164337158203,41.6190605163574,75.8994216918945,79.6570587158203,76.5853042602539,78.6570587158203,76.5853042602539,79,435.082214355469,437.926727294922,426.4326171875,429.777282714844,433.434356689453,436.254760742188,377.7001953125,373.276336669922,380.953247070312,373.657257080078,380.881500244141,364.037994384766,246.710388183594,64.9818572998047,159.274200439453,162.183898925781,237.364105224609,76.6982727050781,2.50719631548647
96.5554183135868,39.000358060049,60.1000003516674,-7.84976673126221,-12.8899803161621,-81.7749710083008,1082.89575195312,-1.32670140266418,-17.0964260101318,15.7697257995605,3.70913076400757,-18.5723514556885,4.84139347076416,-21.7061061859131,181.691131591797,63.257625579834,0.800000011920929,128.428939819336,127.572052001953,3.22622752189636,86.3283996582031,5.2757363319397,-0.0169014984130859,0.0266644936054945,0.113188482820988,0.350000023841858,10,2001,4175.7744140625,122.424293518066,150.454238891602,132.697174072266,143.151412963867,128.121475219727,148.454238891602,260.272888183594,229.151412963867,250.394348144531,246.424301147461,254.151412963867,230.727111816406,243.091522216797,307.242950439453,262,310.424285888672,244.970062255859,305.545776367188,269.697174072266,242.908477783203,275.181365966797,283.757049560547,286.029937744141,267.059875488281,254.848587036133,79.8186416625977,170.667236328125,146.334457397461,271.547454833984,100.394348144531,279.304504394531,63.1514129638672,187.545761108398,112.575706481934,235.183044433594,86.5757064819336,40.0299453735352,74.5757064819336,76,76,78,75,76.4242935180664,422.697174072266,422.394348144531,411.242950439453,406.394348144531,402.970062255859,422.091522216797,307.605651855469,334.272888183594,313.575714111328,309.848602294922,311.575714111328,310.848602294922,396.758758544922,257.177978515625,331.179656982422,331.420928955078,356.633911132812,253.54069519043,2.47575722676494
96.6721993005223,39.000358060049,72.0999985933304,-8.13455104827881,-12.6046876907349,-78.3887481689453,1084.77526855469,-1.52561044692993,-17.6075553894043,16.0819454193115,3.45134830474854,-18.872127532959,4.59925413131714,-22.0799236297607,191.706954956055,65.8703994750977,0.83818531036377,127.165115356445,134.056488037109,3.63213920593262,90.5458068847656,5.4667067527771,-0.0158867904663086,0.0274778995662928,0.11871624737978,0.325000017881393,10,2001,4253.30615234375,118.218887329102,152.643783569336,128.931335449219,143.356216430664,124.931327819824,150,234.643783569336,203.480682373047,219.274673461914,213.412017822266,234.781112670898,201.412017822266,230.725326538086,313.8369140625,282.08154296875,298.218872070312,244.643783569336,306.424896240234,223.412017822266,230.343353271484,231.76823425293,244.261810302734,238.480682373047,241.974258422852,287.922760009766,94.2060089111328,194.699569702148,152.042922973633,251.811157226562,111.055793762207,308.206024169922,63.7811164855957,238.343353271484,129.424896240234,264.699584960938,94.8497848510742,69.2875518798828,74.2875518798828,76.6437759399414,76.2875518798828,78,75.9313278198242,76.6437759399414,423.969940185547,418.381958007812,412.682403564453,405.175964355469,409.038635253906,407.888397216797,352.618041992188,352.274688720703,355.549346923828,350.91845703125,352.480682373047,350.137329101562,382.111602783203,121.317596435547,258.386260986328,269.75537109375,273.330474853516,148.8369140625,2.47875158355407
96.6811824533635,39.000358060049,61.2000003457069,-7.62204742431641,-13.0649223327637,-82.7267608642578,1086.69519042969,-1.29161500930786,-17.0865745544434,15.7949590682983,3.90300107002258,-18.3382740020752,5.07767343521118,-21.6793785095215,184.068313598633,63.2704124450684,0.800000011920929,126.586296081543,128.675247192383,3.51659464836121,87.3313980102539,5.36325454711914,-0.0157924697875977,0.0281121116131544,0.11871624737978,0.400000005960464,10,2001,4128.107421875,121.488410949707,151.511596679688,130.992279052734,142.007720947266,126.99227142334,148.511596679688,234.503860473633,192.030914306641,211.527053833008,203.030914306641,226.054092407227,192.023178100586,245.914993286133,310.465209960938,277.565704345703,300.496124267578,247.480682373047,305.992279052734,206.085006713867,217.061828613281,217.061828613281,224.581146240234,220.581146240234,224.061828613281,244.604339599609,88.0231857299805,184.038635253906,140.007720947266,239.953628540039,100.534774780273,287.63525390625,65.9690856933594,226.054092407227,122.542503356934,243.123657226562,95.9690856933594,70,75.9922714233398,77.4961395263672,77.4961395263672,78.4961395263672,77.4961395263672,77.4961395263672,454.884063720703,439.907257080078,442.884063720703,435.36474609375,441.860900878906,439.845428466797,339.527038574219,343.534790039062,340.054107666016,340.054107666016,337.557952880859,335.596618652344,371.488403320312,100.046371459961,239.519317626953,248.077285766602,279.372467041016,131.077285766602,2.4789819186917
96.7260982175695,39.000358060049,60.8000010251999,-7.15591335296631,-13.8446588516235,-90.6902160644531,1089.03759765625,-1.35375463962555,-16.6202964782715,15.2665414810181,4.31985569000244,-17.7893943786621,5.54607057571411,-21.3481693267822,179.63215637207,61.6979560852051,0.800000011920929,127.726196289062,126.82608795166,3.1331307888031,85.6894226074219,4.63313055038452,-0.0158199249267578,0.0300823207944632,0.123835891485214,0.300000011920929,10,2001,4049.96826171875,122.579551696777,147.840896606445,132.579544067383,140.420455932617,129.056838989258,145.840896606445,258.840911865234,215.420455932617,253,244,257.579559326172,220.579544067383,254.738647460938,311.829467773438,278.943145751953,276.261352539062,249,301.988555908203,223.488723754883,229.579544067383,234.375045776367,248.534133911133,234.011428833008,245,281.397583007812,103.943153381348,230.40901184082,160.511276245117,308.568115234375,123.522705078125,268.363616943359,59.8977470397949,199.534133911133,110.522705078125,234.31819152832,91.4658584594727,39.7954940795898,76,78,78,78,77,78,461.409027099609,452.102264404297,453.624969482422,443.04541015625,460.886322021484,454.681793212891,315.102264404297,318.318206787109,313,308.420440673828,305.102264404297,299.897735595703,439.965698242188,148.31819152832,241.908843994141,244.397583007812,347.0908203125,147.04541015625,2.48013359437982
96.7350813704107,39.000358060049,60.699999332428,-7.19175052642822,-13.8579568862915,-90.1467208862305,1092.1669921875,-1.36864280700684,-16.7419300079346,15.3732872009277,4.30936098098755,-17.8529720306396,5.53213834762573,-21.4401092529297,180.276580810547,61.7605514526367,0.800000011920929,127.253021240234,126.95263671875,3.19500255584717,85.8159713745117,4.73662185668945,-0.0159829086303711,0.0298568848520517,0.123835891485214,0.350000023841858,10,2001,4042.76318359375,123.975105285645,148.324371337891,133.429336547852,140.935073852539,127.910453796387,146.324371337891,258.232849121094,212.387603759766,249.179641723633,239.906768798828,255.427642822266,216.790344238281,240.915084838867,303.534698486328,268.082733154297,267.435668945312,236.174530029297,293.483215332031,212.260559082031,225.790344238281,224.893890380859,236.113571166992,223.142150878906,237.905059814453,287.004943847656,98.8132553100586,228.96745300293,164.644500732422,299.821014404297,116.786659240723,261.292388916016,59.7805938720703,191.479690551758,113.064651489258,224.073257446289,97.0643768310547,34.6493034362793,76.2728805541992,78,78.2728805541992,78.2728805541992,77.2728805541992,78,468.699676513672,456.585510253906,460.923065185547,452.768310546875,467.545196533203,461.106384277344,318.766876220703,317.624145507812,314.910186767578,311.118133544922,309.039764404297,300.326354980469,449.105682373047,140.256317138672,261.200347900391,248.094772338867,324.512756347656,144.761489868164,2.48036392951745
96.7440645232519,39.000358060049,55.3999990224838,-7.21131753921509,-13.8616466522217,-89.5481872558594,1097.80786132812,-1.36471664905548,-16.8447494506836,15.4800329208374,4.32159948348999,-17.9395866394043,5.54948234558105,-21.5588645935059,180.898284912109,61.8907165527344,0.800000011920929,126.881393432617,127.055084228516,3.14905428886414,86.0175704956055,4.74905443191528,-0.0161458923339844,0.0296314489096403,0.123835891485214,0.400000005960464,10,2001,4033.08911132812,127.763008117676,147.299713134766,136.062713623047,140.874664306641,132.337966918945,145.425048828125,256.528472900391,206.389465332031,242.977981567383,233.065170288086,253.277801513672,210.800933837891,215.558197021484,269.3779296875,237.503723144531,245.694549560547,210.609909057617,260.239044189453,216.858184814453,220.678268432617,218.980651855469,226.217636108398,222.482086181641,225.778930664062,266.274383544922,85.4327239990234,206.383819580078,154.187393188477,263.767852783203,101.784149169922,242.718765258789,64.0872955322266,186.1826171875,112.299713134766,209.378356933594,95.5994262695312,34,76.9128112792969,78.1253356933594,78.9128112792969,78.9128112792969,77.9128112792969,78.1253356933594,462.081756591797,458.25634765625,461.967529296875,458.106536865234,464.667724609375,467.218292236328,320.397918701172,321.065368652344,319.264343261719,315.801147460938,312.062713623047,306.790252685547,425.254669189453,130.68083190918,236.367492675781,219.626037597656,268.224243164062,133.849533081055,2.48059426465507
96.7799971346167,39.000358060049,50.5999997258186,-7.59068822860718,-13.5390243530273,-84.9512939453125,1108.7431640625,-1.48018014431,-17.4188632965088,15.9386835098267,4.05219316482544,-18.5116100311279,5.25780773162842,-22.0752372741699,186.522125244141,63.2414970397949,0.800000011920929,126.844917297363,131.254501342773,3.29999995231628,88.5547409057617,4.69999980926514,-0.0167875442504883,0.0284272450953722,0.118038736283779,0.275000005960464,10,2001,4082.53393554688,126.830284118652,145,137.521240234375,141.056564331055,134.802703857422,144.056564331055,243.629608154297,195.461288452148,222.924575805664,210.727264404297,234.121871948242,190.22151184082,221.482223510742,269.102294921875,231.693603515625,239.65251159668,215.861923217773,258.199371337891,249.019897460938,255.090774536133,260.219390869141,272.698974609375,269.034790039062,258.147338867188,271.588623046875,108.987533569336,206.773223876953,172.069122314453,277.137512207031,117.901977539062,264.324035644531,74.6208801269531,195.322189331055,121.069709777832,217.139785766602,99.0990524291992,34.014087677002,77.1972961425781,78.5353317260742,79.8592681884766,80.1972961425781,79,79.1972961425781,425.376922607422,413.376098632812,413.811218261719,399.177398681641,415.713531494141,415.051574707031,325.603210449219,331.533111572266,325.969390869141,328.264343261719,315.448974609375,327.463043212891,378.139251708984,171.73811340332,237.809585571289,238.218856811523,309.494903564453,167.69401550293,2.48151560520557
97.7411944886246,39.000358060049,54.8000000417233,-7.54447460174561,-11.8403978347778,-80.8550415039062,986.967041015625,-1.45016717910767,-16.1039257049561,14.6537590026855,3.10727429389954,-17.8654270172119,4.16278648376465,-20.0711841583252,230.672653198242,70.1017227172852,0.525786459445953,123.35408782959,165.901138305664,2.3515727519989,114.079040527344,2.42578649520874,-0.0197731079101563,0.0258644483983517,0.100324958562851,0.300000011920929,10,2001,4156.240234375,113.615516662598,151.258911132812,128.958145141602,144.517822265625,122.87442779541,149.258911132812,222.384368896484,184.46208190918,184.418579101562,177.020111083984,184.012344360352,173,219.898956298828,347.173767089844,241.567230224609,292.328643798828,222.897521972656,324.406127929688,195.731674194336,214.641632080078,212.167221069336,219.713012695312,199.102172851562,218.61376953125,278.382934570312,58.685245513916,181.396820068359,111.565895080566,198.353408813477,77.0619583129883,280.40771484375,43.4604301452637,230.494415283203,143.455856323242,250.435592651367,77.89453125,53.8108177185059,75.3007659912109,78.6992340087891,78,78.6992340087891,77.3007659912109,78.6992340087891,424.818786621094,422.468292236328,414.490051269531,413.091583251953,429.798583984375,413.083831787109,379.449523925781,362.890075683594,373.342742919922,367.852783203125,371.14111328125,368.959777832031,364.80517578125,102.434104919434,247.062271118164,172.255355834961,282.243896484375,120.426445007324,2.50616146493148
97.7501776414657,39.000358060049,54.8000000417233,-7.0493106842041,-12.2123603820801,-85.7974472045898,988.196594238281,-1.20761561393738,-15.4438791275024,14.2362632751465,3.55461049079895,-16.5994758605957,4.64061641693115,-19.6489887237549,224.51155090332,68.2128067016602,0.482700198888779,123.224708557129,161.467300415039,2.22278332710266,111.330833435059,2.33080077171326,-0.0197942672729492,0.0265335533767939,0.105868190526962,0.300000011920929,10,2001,4049.00146484375,113.651237487793,151.657333374023,128.845718383789,145.468948364258,122.845710754395,149.811614990234,224.956192016602,179.35920715332,181.53141784668,175.154647827148,181.343032836914,170.222839355469,238.25244140625,333.043151855469,252.661193847656,290.080749511719,236.512634277344,320.470062255859,192.846084594727,218.242858886719,216.289154052734,222.35124206543,197.938278198242,220.499435424805,272.359191894531,59.4689559936523,179.77180480957,110.685333251953,194.330841064453,76.2346572875977,268.752136230469,45.622875213623,230.715805053711,142.611419677734,243.272735595703,79.5489654541016,53.5432357788086,75.9659042358398,78.3426666259766,78.1542892456055,78.3426666259766,77.9659042358398,78.3426666259766,417.517120361328,415.266998291016,408.495208740234,407.655578613281,425.581298828125,406.381103515625,389.636810302734,366.490112304688,375.215637207031,370.181549072266,376.480407714844,373.307830810547,339.582214355469,102.388946533203,233.012313842773,189.906890869141,262.596893310547,115.735595703125,2.5063918000691
97.8130597113541,39.000358060049,51.1000007390976,-6.70581436157227,-12.7803020477295,-98.3231048583984,967.701354980469,-1.31201446056366,-14.3469257354736,13.0349111557007,3.80851221084595,-15.8609457015991,4.95067548751831,-18.9658870697021,225.689056396484,70.2102508544922,0.400000005960464,124.644897460938,163.753311157227,1.81876575946808,111.817832946777,2,-0.0180899963378906,0.0306507218629122,0.121186375617981,0.300000011920929,10,2001,3953.521484375,111.774139404297,150.112930297852,124.887069702148,143.225860595703,118.774139404297,148.556457519531,230.782318115234,157.774139404297,171.443542480469,157.104751586914,184.443542480469,152.774139404297,225.217681884766,348.459899902344,262.564636230469,290.798675537109,227.112930297852,316.677581787109,188.895248413086,199.121109008789,186.121109008789,197.234039306641,181.564636230469,189.225860595703,285.024536132812,63.7741432189941,172.250396728516,114.564643859863,223.903427124023,78.2176818847656,280.895263671875,41.6693916320801,197.346969604492,121.03271484375,259.685760498047,74.8870697021484,44.016357421875,74.4435348510742,79.4435348510742,76.4435348510742,78.4435348510742,76.4435348510742,79.4435348510742,413.112915039062,410.653045654297,412.774139404297,410.661224365234,415.104736328125,417.653045654297,398.435363769531,389.225860595703,401.104736328125,392.104736328125,402.774139404297,393.564636230469,274.468078613281,89.4189987182617,192.396041870117,143.67756652832,262.823211669922,99.0965728759766,2.50800414603248
96.5554183135868,38.9913749072078,54.6000003814697,-7.54621028900146,-13.133415222168,-86.4982223510742,1070.2890625,-1.28982853889465,-16.478931427002,15.1891031265259,3.89632153511047,-18.0699996948242,5.04470539093018,-21.2183132171631,177.896362304688,62.4626541137695,0.800000011920929,128.131530761719,124.658622741699,3.09999990463257,85.1663436889648,5.19999980926514,-0.0173121963500977,0.0259797312319279,0.0929905772209167,0.25,10,2001,4143.46875,121.808052062988,151,133.205368041992,142,127.808052062988,149,251.54899597168,218.767791748047,246.727523803711,247.138259887695,254.740951538086,227.562423706055,270.491271972656,320.2724609375,297.942260742188,326.544952392578,271.544952392578,323.491271972656,255.191940307617,232.808059692383,250.959732055664,260.97314453125,263.549011230469,252.589263916016,271.053680419922,78.0536880493164,200.75032043457,140.040267944336,287.589263916016,95.669792175293,269.013427734375,64.6161041259766,196.589263916016,120.218788146973,232.616104125977,88.2053680419922,36.2187881469727,75.3973159790039,76,77,78,76.3973159790039,76,446.424163818359,450.450988769531,437.450988769531,435.656372070312,433.259063720703,448.040252685547,297.986572265625,316.343627929688,311.589263916016,303.370483398438,302.794616699219,299.370483398438,372.084564208984,208.794631958008,304.276519775391,289.714111328125,350.030883789062,201.70068359375,2.47632761202626
96.6811824533635,38.9913749072078,53.5999983549118,-7.62722063064575,-13.0826683044434,-83.6003341674805,1079.57666015625,-1.32328248023987,-16.9736785888672,15.6503963470459,3.84487533569336,-18.2078380584717,5.03472232818604,-21.5731182098389,184.055877685547,64.3418884277344,0.800000011920929,127.895332336426,129.475891113281,3.60000014305115,88.4106063842773,5.69999980926514,-0.0159814071655273,0.0281875710934401,0.11359766125679,0.400000005960464,10,2001,4138.72802734375,119.618927001953,150.743423461914,129.675064086914,140.424606323242,125.656356811523,147.743423461914,219.993194580078,187.411682128906,206.042831420898,199.755325317383,216.761444091797,193.636947631836,277.037414550781,356.299987792969,323.265869140625,344.963531494141,278.761047363281,349.268676757812,195.140731811523,210.323532104492,209.922668457031,217.728713989258,207.878036499023,222.553817749023,273.709564208984,87.1054077148438,216.275924682617,128.130233764648,281.079833984375,104.492584228516,296.072937011719,58.7376976013184,221.947372436523,122.942016601562,245.667053222656,94.9499740600586,62.4058952331543,75.6189270019531,77.9812850952148,77.6189270019531,78.3188247680664,76.9564666748047,78.3001098632812,476.384643554688,453.771484375,459.434661865234,458.028381347656,463.953918457031,457.722564697266,328.474639892578,335.242492675781,330.642669677734,324.905364990234,328.168029785156,319.061157226562,378.848785400391,141.074798583984,245.599014282227,261.468017578125,317.642669677734,140.431747436523,2.479553046884
96.6901656062047,38.9913749072078,59.0000003576279,-7.2752857208252,-13.4075889587402,-86.7883148193359,1082.86193847656,-1.19783210754395,-16.6476268768311,15.4497957229614,4.17015838623047,-17.869535446167,5.37918949127197,-21.3228721618652,179.780517578125,62.9184455871582,0.800000011920929,126.834968566895,125.802116394043,3.57946968078613,86.5359344482422,5.67951631546021,-0.0159442153930664,0.0285940077155828,0.11359766125679,0.325000017881393,10,2001,4061.41528320312,121.352478027344,148.322677612305,130.838668823242,138.174072265625,127.523750305176,145.493942260742,227.004455566406,190.254165649414,210.344833374023,203.984588623047,220.511138916016,196.916595458984,269.292755126953,307.015472412109,295.116241455078,297.264556884766,264.306121826172,297.829315185547,187.562576293945,207.493942260742,206.078567504883,212.176864624023,201.441604614258,214.003433227539,251.561538696289,78.124397277832,208.597854614258,121.905120849609,265.132781982422,93.298469543457,270.400848388672,64.0397338867188,196.806411743164,109.684181213379,228.392562866211,95.0403671264648,57.2624435424805,76.6673889160156,78,78.6673889160156,78.8336944580078,78.3298110961914,78.6624221801758,486.475006103516,464.804809570312,470.804809570312,468.326385498047,477.802001953125,473.154479980469,325.962432861328,327.534942626953,323.116638183594,319.663055419922,320.756378173828,312.67578125,366.125152587891,137.794082641602,229.095352172852,244.581527709961,321.591857910156,137.091293334961,2.47978343508812
96.6991487590459,38.9913749072078,55.3999990224838,-7.07389211654663,-13.6730356216431,-89.3306503295898,1085.88671875,-1.11463630199432,-16.4212741851807,15.3066368103027,4.3741021156311,-17.6870899200439,5.60388946533203,-21.1896476745605,176.525863647461,61.396354675293,0.800000011920929,126.476753234863,123.445808410645,3.29226899147034,84.9245300292969,5.30498600006104,-0.0159070251464844,0.0290004462003708,0.116277061402798,0.433333337306976,10,2001,4011.81030273438,123.86319732666,146.580276489258,131.828582763672,138.443466186523,130.54931640625,144.313873291016,246.196563720703,199.8701171875,229.640045166016,220.665756225586,239.592559814453,206.183990478516,245.174819946289,279.065856933594,264.457305908203,260.388488769531,239.990539550781,267.131439208984,192.86164855957,206.527557373047,213.658843994141,212.343276977539,211.556671142578,212.609664916992,236.393463134766,71.9383926391602,199.251846313477,128.566284179688,257.640625,87.6667709350586,253.388641357422,69.2990341186523,187.485305786133,108.116729736328,229.051986694336,98.9376754760742,48.4232635498047,77,78,79,79,78.3376235961914,78.3138809204102,485.651062011719,464.344818115234,470.083648681641,469.585510253906,477.278839111328,475.331970214844,321.487274169922,329.127624511719,316.257507324219,318.047485351562,311.164520263672,312.058380126953,377.767974853516,149.660110473633,233.612197875977,247.601318359375,347.66064453125,145.693466186523,2.48001382329225
96.7440645232519,38.9913749072078,59.9999986588955,-7.22583389282227,-13.8530282974243,-89.905517578125,1093.15344238281,-1.38467693328857,-16.7942752838135,15.4095983505249,4.27054119110107,-17.8805713653564,5.50387477874756,-21.505708694458,182.164108276367,62.8032875061035,0.800000011920929,127.102897644043,127.900833129883,3.1726233959198,87.1099319458008,4.69999980926514,-0.0160773880004883,0.0297527965158224,0.120209537446499,0.425000011920929,10,2001,4046.63330078125,133,146,137,141.389297485352,135,144.610702514648,264.717803955078,205.16064453125,244.328506469727,234.549926757812,255.16064453125,211.16064453125,215.382049560547,259.435607910156,238.824890136719,240.657012939453,214.21418762207,250.046310424805,219.21418762207,222.21418762207,226.328506469727,227.16064453125,236.435607910156,223.939224243164,239.274963378906,73.4428329467773,181.617950439453,144.16064453125,251.450073242188,91.0535430908203,245.274963378906,66,169.725036621094,105.557167053223,211.832122802734,93.1678695678711,37.5036163330078,78,79,80,80,79.389289855957,79.610710144043,459.060791015625,447.564392089844,453.671478271484,449.671478271484,455.83935546875,457.396514892578,322.335754394531,330.610717773438,320,322.778594970703,307.725036621094,318.664245605469,449.092620849609,150.632415771484,227.518081665039,200.335739135742,281.3212890625,150.175109863281,2.48116576431287
96.7799971346167,38.9913749072078,50.0000007450581,-7.57757759094238,-13.4823131561279,-85.33203125,1098.80261230469,-1.48122191429138,-17.2814922332764,15.8002700805664,3.98680186271667,-18.3501663208008,5.20136260986328,-21.9155769348145,187.153091430664,64.0978546142578,0.800000011920929,127.401741027832,132.102249145508,3.29999995231628,89.5306243896484,4.69999980926514,-0.0165971084594727,0.0287697520107031,0.116227589547634,0.25,10,2001,4082.60864257812,129.875061035156,145.724456787109,135.233901977539,140,134.854248046875,144.724456787109,264.17626953125,211.861038208008,248.859100341797,236.569519042969,257.134643554688,209.951110839844,202.606674194336,264.004760742188,221.221282958984,245.716690063477,202.544219970703,249.764083862305,249.213516235352,246.557434082031,257.812591552734,269.550628662109,271.833435058594,252.916259765625,277.445465087891,88.7941589355469,172.21501159668,160.838272094727,238.916549682617,98.9031219482422,235.000442504883,73.7937164306641,188.830505371094,110.081344604492,200.092025756836,96.5089950561523,36.9791793823242,78,79.0208206176758,79.6619873046875,80.0208206176758,79,79.0208206176758,428.283843994141,415.768035888672,413.994689941406,404.967102050781,414.270233154297,417.511383056641,322.502655029297,337.357330322266,328.192687988281,325.165069580078,313.875518798828,329.593170166016,416.418304443359,174.032470703125,240.339065551758,232.869247436523,325.882385253906,180.67512512207,2.48208731712936
96.7979634402991,38.9913749072078,44.7000004351139,-7.64718532562256,-13.1270484924316,-84.1815338134766,1086.59545898438,-1.50227832794189,-17.0974082946777,15.5951299667358,3.83595538139343,-18.3114624023438,5.01539754867554,-21.758207321167,190.207412719727,64.4265060424805,0.804556667804718,126.477188110352,133.482192993164,3.31139874458313,90.4792022705078,4.71139860153198,-0.0168473785400391,0.0276697594672441,0.115180417895317,0.200000002980232,10,2001,4168.06298828125,124.77579498291,148.387893676758,131.775802612305,140,128.387893676758,146.612106323242,237.34521484375,200.896820068359,223.121017456055,212.672607421875,231.44841003418,201.508911132812,249.121017456055,304.266876220703,272.508911132812,297.042663574219,248.836303710938,296.042663574219,249.939483642578,238.55158996582,253.266876220703,264.878967285156,266.715301513672,247.715286254883,259.551605224609,89.6299362182617,172.466232299805,132.957321166992,234.284713745117,94.2847137451172,251.800643920898,77.6120986938477,207.284713745117,101.55158996582,220.103179931641,89.8789825439453,34.8363037109375,77.2242050170898,79.2242050170898,78.2242050170898,80.6120986938477,78.2242050170898,79.2242050170898,437.327392578125,432.836303710938,424.612091064453,415.224212646484,422.224212646484,424.612091064453,312.733123779297,328.612091064453,322.121032714844,319.896820068359,310.448394775391,328.284698486328,370.356048583984,156.672607421875,240.79362487793,278.017822265625,327.391693115234,171.284713745117,2.48254809353761
96.8069465931403,38.9913749072078,51.8000014126301,-7.93817758560181,-12.7484111785889,-80.9099426269531,1077.60168457031,-1.6109926700592,-17.3686542510986,15.7576608657837,3.51395106315613,-18.5225257873535,4.68186569213867,-21.8657150268555,197.832153320312,65.8158111572266,0.991544604301453,125.545509338379,138.091293334961,3.78782773017883,92.7526702880859,5.24656963348389,-0.0169725128173828,0.0271197650581598,0.112395882606506,0.200000002980232,10,2001,4216.67041015625,124.842781066895,149.383270263672,132.323715209961,140.480941772461,128.42138671875,146.819076538086,231.893447875977,196.059951782227,218.217163085938,210.547897338867,229.871612548828,195.917144775391,245.419509887695,308.723297119141,273.890777587891,303.008880615234,250.178649902344,303.692169189453,254.435409545898,243.014022827148,260.368469238281,272.668487548828,272.240081787109,256.847137451172,264.014007568359,80.5771331787109,162.591552734375,129.155349731445,238.619201660156,91.4050979614258,265.650787353516,76.6167297363281,200.076644897461,104.57120513916,220.852066040039,93.0995407104492,32.812068939209,76.1953430175781,77.9548721313477,77.1953430175781,79.8572006225586,77.1953430175781,78.1953430175781,436.085510253906,426.002655029297,419.047790527344,408.18359375,416.385925292969,417.845458984375,309.719543457031,330.983306884766,320.583740234375,319.14794921875,311.276306152344,325.405090332031,320.097106933594,149.01708984375,229.196136474609,261.303497314453,268.712951660156,159.267242431641,2.48277848174174
96.8788118158698,38.9913749072078,50.5999997258186,-6.34731721878052,-12.5645589828491,-89.920783996582,986.480346679688,-0.500807166099548,-14.4775447845459,13.9767379760742,4.35232257843018,-15.7510757446289,5.60358095169067,-18.890905380249,186.762496948242,61.9781837463379,0.684288501739502,126.493141174316,132.046539306641,2.55936670303345,88.9392776489258,3.23162055015564,-0.0176978927612305,0.0266192145645618,0.116114668548107,0.275000005960464,10,2001,4015.99194335938,113,148,126.23046875,139.23046875,118.615234375,145,217.154296875,167.154296875,168.923828125,159.5390625,176.30859375,154.5390625,217.919906616211,311.228515625,251.537109375,270.921875,228.767562866211,285.07421875,219.919906616211,223.915985107422,222.917938232422,231.531204223633,205.765609741211,229.607376098633,219.611312866211,62.3066368103027,141.228500366211,95.7675704956055,168.302703857422,76.4609375,286.226531982422,56.8456993103027,218.609344482422,113.074203491211,251.919906616211,78,54.1523361206055,74,78.615234375,75.615234375,79,75,78.615234375,436.076171875,443.775421142578,423.693359375,425.464874267578,436.154296875,440.312530517578,344.003936767578,332.693359375,353.388702392578,343.003936767578,358.080108642578,329.464874267578,277.380828857422,84.2245788574219,197.070281982422,131.457000732422,235.222610473633,96.2245788574219,2.48462158737473
96.6721993005223,38.9823917543666,50.7999993860722,-7.7263503074646,-12.9275245666504,-83.0026779174805,1072.32885742188,-1.41817593574524,-16.9952659606934,15.5770902633667,3.69895195960999,-18.2332286834717,4.89274072647095,-21.5391139984131,184.959228515625,64.8735504150391,0.800000011920929,127.886054992676,130.104690551758,3.60000014305115,89.2699813842773,5.69999980926514,-0.0163099319458008,0.0276409611105919,0.11359766125679,0.25,10,2001,4195.681640625,118.662528991699,149.856826782227,130.808242797852,140.567932128906,124.808250427246,147.194290161133,246.233001708984,223.990127563477,251.595306396484,247.99267578125,255.160675048828,234.616500854492,273.069396972656,349.907623291016,318.628601074219,340.127136230469,279.562469482422,351.820343017578,234.139129638672,219.82829284668,237.740310668945,245.320648193359,242.722015380859,241.501068115234,278.019744873047,86.8878936767578,214.783889770508,131.29621887207,285.015747070312,106.380958557129,296.805389404297,62.038703918457,196.475555419922,122.408699035645,233.978485107422,90.2056198120117,53.2242774963379,75,76.3374710083008,76.6625289916992,77.2888946533203,76,76.2888946533203,454.360534667969,435.315979003906,446.577484130859,445.997131347656,447.189971923828,443.613647460938,311.500335693359,344.855743408203,315.971099853516,308.682220458984,310.087982177734,314.885284423828,346.698059082031,148.563201904297,232.759368896484,243.193572998047,314.488433837891,143.569076538086,2.47989399700426
96.6811824533635,38.9823917543666,54.6000003814697,-7.56371307373047,-13.1637487411499,-85.6138000488281,1071.59497070312,-1.38327777385712,-16.7608833312988,15.3776054382324,3.85388541221619,-17.9944915771484,5.04219484329224,-21.3949756622314,183.79248046875,64.5842361450195,0.800000011920929,128.318359375,129.649322509766,3.59814810752869,88.7738723754883,5.69999980926514,-0.016170344543457,0.0282630305737257,0.11359766125679,0.300000011920929,10,2001,4143.67431640625,118.76171875,148.913314819336,130.337509155273,139.109420776367,124.76171875,146.717193603516,244.491455078125,221.360244750977,253.260070800781,245.121963500977,256.314788818359,233.250823974609,277.138854980469,345.339172363281,315.326629638672,324.368499755859,283.754455566406,347.009490966797,205.372177124023,217.064895629883,219.253799438477,226.774887084961,213.937789916992,227.67236328125,277.764831542969,85.8266143798828,225.619201660156,132.843688964844,290.888031005859,106.997634887695,295.219573974609,59.6430473327637,196.953109741211,113.626899719238,237.774078369141,86.0478210449219,48.1150741577148,75.2828063964844,77.0866928100586,76.4789199829102,77.9452896118164,76.2828063964844,76.9452896118164,470.922882080078,446.082458496094,455.159912109375,454.073211669922,461.947967529297,451.172454833984,323.704956054688,336.994049072266,326.248779296875,319.151885986328,324.1142578125,321.155181884766,343.768859863281,129.691299438477,226.59782409668,214.085372924805,323.258239746094,135.009674072266,2.48012443829934
96.6901656062047,38.9823917543666,57.1999996900558,-7.11368751525879,-13.5753450393677,-89.1496810913086,1079.095703125,-1.13691568374634,-16.3659496307373,15.2290334701538,4.29238605499268,-17.6229209899902,5.5314621925354,-21.1020183563232,177.641159057617,61.9712791442871,0.800000011920929,126.415702819824,124.068351745605,3.42397403717041,85.517578125,5.63274717330933,-0.0160944183349609,0.0286663379520178,0.11359766125679,0.400000005960464,10,2001,4068.82421875,120.625473022461,147.687271118164,130.656372070312,137.687271118164,126.625473022461,145.687271118164,246.281845092773,219.030899047852,256.938201904297,244.656372070312,259.281829833984,232.343627929688,259.432556152344,315.617919921875,284.648834228516,284.741516113281,258.274291992188,308.803314208984,189.436325073242,212.749053955078,207.436325073242,214.123580932617,200.061798095703,216.467224121094,262.339874267578,83.3745269775391,221.498123168945,126.810852050781,274.088928222656,102.436325073242,270.525238037109,58.3436317443848,189.498123168945,107.718162536621,226.934432983398,85.3127365112305,47.6254692077637,76.3127365112305,78.3127365112305,77.3127365112305,78.656364440918,77.3127365112305,77.656364440918,481.563690185547,459.127349853516,464.845520019531,462.532775878906,474.501892089844,461.814605712891,329,328.779968261719,328.061798095703,323.343627929688,325.436309814453,321.718170166016,302.865112304688,98.5252456665039,187.803314208984,166.146942138672,286.865112304688,110.463447570801,2.48035487959442
96.6991487590459,38.9823917543666,58.2999996840954,-6.96279621124268,-13.7956123352051,-91.5876083374023,1081.65356445312,-1.17250835895538,-16.2363529205322,15.0638437271118,4.45104217529297,-17.4968109130859,5.67073822021484,-21.0197620391846,175.791915893555,61.3021850585938,0.800000011920929,126.930404663086,123.151397705078,3.14654684066772,84.7332153320312,4.77067184448242,-0.0160184936523438,0.0290696434676647,0.116277061402798,0.300000011920929,10,2001,4002.6552734375,126.579811096191,146.491134643555,133.03547668457,139.544342041016,131.053207397461,144.491134643555,246.473403930664,204.769439697266,242.716247558594,233.296051025391,248.2783203125,214.189636230469,226.171905517578,277.698516845703,244.680770874023,245.24284362793,219.680770874023,264.698516845703,190.579803466797,209.491134643555,210.615280151367,214.070938110352,206.141876220703,214.03547668457,239.804916381836,76.402458190918,202.26057434082,126.579811096191,256.946807861328,93.402458190918,250.96452331543,62.0709381103516,179.420196533203,114.141876220703,219.017730712891,91.597541809082,47.4733963012695,77.5088653564453,79,78.5088653564453,79.5088653564453,78.5088653564453,78.5088653564453,479.911315917969,462.946807861328,467.964538574219,466.491119384766,475.420196533203,468.508880615234,329,328.562072753906,321.420196533203,319.946807861328,317.929046630859,317.455657958984,369.158233642578,117.638458251953,200.691665649414,183.271469116211,285.478851318359,115.354698181152,2.4805853208895
96.7171150647283,38.9823917543666,57.9000003635883,-6.8786096572876,-14.0640459060669,-93.6168518066406,1086.44006347656,-1.22301530838013,-16.2463035583496,15.0232887268066,4.54995250701904,-17.43825340271,5.78110837936401,-21.0535488128662,174.684631347656,60.471565246582,0.800000011920929,126.501533508301,122.289741516113,3.09999990463257,83.971565246582,4.59999990463257,-0.0158666427612305,0.0298762563616037,0.120209537446499,0.200000002980232,10,2001,3996.60473632812,133.200866699219,145.337692260742,137.842636108398,141.123764038086,135.752471923828,145.09016418457,251.11311340332,195.056564331055,231.38117980957,226.167251586914,238.414779663086,200.291015625,198.188552856445,271.025390625,206.225326538086,233.435317993164,198.342742919922,254.775436401367,222.764038085938,218.576995849609,234.035263061523,230.654083251953,240.225479125977,226.901611328125,266.484771728516,85.4681701660156,192.077102661133,166.111068725586,266.909088134766,109.733062744141,241.134414672852,64.26806640625,162.284301757812,117.384353637695,200.081024169922,91.5491943359375,36.3613967895508,78.8762359619141,79.8762359619141,79.8762359619141,79.1237640380859,79.8762359619141,79.2139282226562,453.308013916016,454.355804443359,442.127685546875,448.281890869141,443.836669921875,457.41552734375,323.590270996094,327.190979003906,323.837036132812,322.064025878906,315.151763916016,316.345153808594,505.190063476562,145.10188293457,229.991180419922,217.348876953125,334.852325439453,144.412689208984,2.48104620347966
96.7350813704107,38.9823917543666,56.8000003695488,-6.99302005767822,-14.0641460418701,-92.6362075805664,1088.87866210938,-1.29999995231628,-16.4832382202148,15.1832389831543,4.4537296295166,-17.5653343200684,5.68654584884644,-21.2277088165283,178.267807006836,61.7644958496094,0.800000011920929,126.799255371094,124.897193908691,3.09999990463257,85.7234649658203,4.64161920547485,-0.0159104583740234,0.0300419442355633,0.120209537446499,0.300000011920929,10,2001,4017.1259765625,132.581283569336,146.581283569336,139,142.162567138672,136,146,255.581283569336,199.90641784668,236.068984985352,229.487701416016,243.812850952148,205.231552124023,201.044403076172,261.980194091797,217.182388305664,230,197.8818359375,246.374313354492,223.374313354492,219.1181640625,230.630462646484,229.536880493164,237.305328369141,225.536880493164,255.793029785156,79.6058731079102,183.443298339844,154.443298339844,273.325134277344,97.8620223999023,244.556701660156,69.1379776000977,178.275955200195,117.837432861328,203.137985229492,95.1379776000977,43.1379814147949,77.8374328613281,78.8374328613281,79.4187164306641,79,79.4187164306641,78.8374328613281,448.674865722656,439.605865478516,440.906433105469,440.256134033203,445.231567382812,448.512298583984,327.532104492188,341.857238769531,328.463104248047,330.625701904297,317.463104248047,325.950836181641,418.245880126953,147.191925048828,230.122940063477,212.817611694336,308.265686035156,153.423492431641,2.48150708606982
96.7440645232519,38.9823917543666,55.7000003755093,-7.19608020782471,-13.8884630203247,-90.6725158691406,1088.92651367188,-1.39673030376434,-16.7143115997314,15.3175811767578,4.25904417037964,-17.7701225280762,5.49941921234131,-21.4226703643799,182.511260986328,63.2589378356934,0.800000011920929,127.350952148438,128.231597900391,3.19673037528992,87.6101455688477,4.69999980926514,-0.0160088836669922,0.0298741441220045,0.120209537446499,0.400000005960464,10,2001,4057.80444335938,128.66162109375,147.433837890625,136.39697265625,142.566162109375,133.830810546875,146,256.433837890625,204.169189453125,239.86767578125,231.13232421875,249.7353515625,210.7353515625,222.882781982422,271.559539794922,239.676742553711,248.221160888672,218.448944091797,261.861053466797,227.581283569336,221.110580444336,230.978256225586,237.618133544922,240.750457763672,229.279769897461,246.13232421875,84.5444183349609,181.904541015625,155.507553100586,282.80908203125,100.242904663086,256.94140625,74.566162109375,199.110580444336,119.603019714355,222.882781982422,97.5293045043945,48.13232421875,77,78,79,79,78.566162109375,78,436.587921142578,428.492431640625,434.3232421875,425.117218017578,435.551055908203,436.021759033203,335.830810546875,350.963134765625,334.698486328125,337.2646484375,323.698486328125,334.698486328125,364.095458984375,133.242904663086,225.390350341797,225.030227661133,301.802429199219,137.169189453125,2.4817375273649
96.7620308289343,38.9823917543666,54.4000007212162,-7.59753465652466,-13.5657930374146,-86.9602127075195,1089.80334472656,-1.61996734142303,-17.2199668884277,15.6000003814697,3.92279720306396,-18.201343536377,5.13498020172119,-21.7998886108398,188.257293701172,64.9036483764648,0.800000011920929,127.964012145996,133.025588989258,3.29999995231628,90.3676910400391,4.69999980926514,-0.0162057357788086,0.0295385457575321,0.116227589547634,0.275000005960464,10,2001,4117.310546875,122.125717163086,147.582992553711,133.139007568359,140.9208984375,129.569717407227,146.245086669922,268.632354736328,212.362579345703,250.368057250977,238.566955566406,262.970245361328,213.695007324219,246.044296264648,292.6123046875,259.354766845703,279.389129638672,245.122970581055,276.667175292969,224.170043945312,220.207992553711,224.587036132812,234.581558227539,236.859558105469,228.632797241211,248.939666748047,94.6040878295898,177.427124023438,156.029312133789,261.698822021484,110.10018157959,254.759124755859,63.3735656738281,190.694595336914,108.719268798828,224.462356567383,83.8367538452148,38.3269424438477,77,78.8010940551758,79,79.8010940551758,78.1389999389648,78.8010940551758,435.506622314453,430.626434326172,433.348449707031,422.154998779297,431.691833496094,432.71923828125,340.323333740234,348.503479003906,342.064514160156,343.263427734375,331.448608398438,338.64794921875,391.168090820312,171.317825317383,253.258377075195,270.647094726562,327.678985595703,172.362121582031,2.48219840995506
96.7710139817755,38.9823917543666,54.4000007212162,-7.46200847625732,-13.6393899917603,-87.6794815063477,1093.38598632812,-1.5256906747818,-17.0820274353027,15.5563364028931,4.06051254272461,-18.1230030059814,5.27813053131104,-21.7363395690918,185.384628295898,63.9042892456055,0.800000011920929,126.851409912109,130.261795043945,3.29999995231628,89.2013397216797,4.69999980926514,-0.0163041610717773,0.0293707456439734,0.116227589547634,0.275000005960464,10,2001,4100.85693359375,127.190299987793,146.039016723633,133.653656005859,139.692672729492,132.575637817383,144.385345458984,272.960998535156,215.614654541016,254.614654541016,242.614654541016,267.614654541016,216.268310546875,256.419616699219,280.926727294922,268.151275634766,273.541381835938,251.229309082031,268.770690917969,236.531875610352,230.956237792969,238.492874145508,247.492874145508,250.800201416016,235.380599975586,244.156036376953,82.9657440185547,166.887725830078,145.887725830078,237.121780395508,101.234062194824,238.043762207031,65.5366363525391,184.692672729492,105.653663635254,210.273071289062,85.8829727172852,36.6536636352539,77,79,79,80,78.6536636352539,79,434.770690917969,428.46337890625,430.156036376953,420.156036376953,429.809692382812,432.731689453125,328.697418212891,340.234069824219,331.35107421875,332.35107421875,319.390106201172,331.887725830078,421.72216796875,161.775451660156,246.848709106445,252.892471313477,332.765930175781,173.195053100586,2.48242885125014
96.7799971346167,38.9823917543666,58.8000006973743,-7.45362424850464,-13.5234270095825,-86.9730682373047,1090.14587402344,-1.43834698200226,-16.9883937835693,15.5500469207764,4.04178285598755,-18.0836048126221,5.24817419052124,-21.6705913543701,186.405563354492,63.5365562438965,0.800000011920929,127.089248657227,131.305572509766,3.29999995231628,88.8529891967773,4.69999980926514,-0.0164066711425781,0.0291122570633888,0.116227589547634,0.375,10,2001,4092.09326171875,126.443748474121,146.518753051758,134.506256103516,140.012496948242,131.962493896484,144.518753051758,276.024993896484,216.493743896484,257.012512207031,244,271.53125,218,258.443756103516,299.818756103516,273,287.743743896484,253.493743896484,288.78125,250.518753051758,239.481246948242,249.975006103516,259.987487792969,260.950012207031,244.518753051758,244.556243896484,84.6187515258789,171.631256103516,146.581253051758,245.25,101.074996948242,248.756240844727,66.46875,190.074996948242,104.987503051758,218.693740844727,85.4562530517578,35.9874992370605,77,79,79,80,78.4937515258789,79,434.024993896484,429.556243896484,428.53125,416.506256103516,428.024993896484,429.987487792969,314.950012207031,331.46875,322,323.506256103516,311.53125,325.493743896484,406.106262207031,161.643753051758,233.393753051758,247.618743896484,314.700012207031,176.606246948242,2.48265929254522
96.7889802874579,38.9823917543666,55.1999993622303,-7.55491733551025,-13.3021640777588,-85.9779052734375,1082.74072265625,-1.48534870147705,-16.9577827453613,15.47243309021,3.89461231231689,-18.1195487976074,5.09266757965088,-21.6284122467041,189.545379638672,64.4127883911133,0.800000011920929,126.447090148926,133.087005615234,3.56869101524353,90.1852722167969,4.96869087219238,-0.0165124389648438,0.0287814307957888,0.116227589547634,0.200000002980232,10,2001,4095.94140625,122.717712402344,148,134.641143798828,140.282287597656,128.641143798828,146,274.052581787109,219.229705810547,257.282287597656,245.435424804688,269.334869384766,221.588562011719,262.612548828125,312.798889160156,278.382843017578,303.052581787109,259.459411621094,302.387451171875,252.358856201172,244.100555419922,251.229705810547,263.306274414062,263.100555419922,249.947418212891,260.4833984375,90.0525894165039,172.310897827148,141.875473022461,251.004623413086,99.822883605957,254.645767211914,68.6651229858398,195.282287597656,104.717712402344,227.540603637695,86.306266784668,34.2822875976562,76.6411437988281,79,78.6411437988281,80,78,79,434.205718994141,430.052581787109,426.693725585938,415.564575195312,423.899444580078,426.846862792969,312.794281005859,326.488006591797,322.717712402344,320.770294189453,313.641143798828,323.205718994141,367.105163574219,160.798904418945,225.358856201172,251.976013183594,285.25830078125,173.157760620117,2.48288973384031
96.7979634402991,38.9823917543666,50.7000014185905,-7.40320158004761,-13.2514085769653,-86.3328475952148,1078.63513183594,-1.35834157466888,-16.7084102630615,15.3500680923462,4.00286436080933,-17.9458618164062,5.19976663589478,-21.4111461639404,189.181869506836,63.4308242797852,0.800828218460083,125.408477783203,132.168930053711,3.62978100776672,89.1448593139648,5.04655885696411,-0.0166182067871094,0.0284506026655436,0.115180417895317,0.200000002980232,10,2001,4143.5546875,123.112365722656,148.63444519043,134.126602172852,139.887634277344,127.915115356445,146.63444519043,264.797393798828,221.745819091797,254.349868774414,247.705093383789,260.530944824219,226.311080932617,269.251708984375,305.243865966797,286.735504150391,302.256622314453,265.126098632812,300.189392089844,252.027481079102,248.829727172852,256.072113037109,269.269348144531,270.578979492188,255.184478759766,277.794830322266,85.6614456176758,174.279174804688,130.154113769531,252.085342407227,93.5500640869141,244.637908935547,74.0853576660156,199.117248535156,108.073097229004,223.777236938477,91.6349182128906,33.0417137145996,75.7036361694336,78.5770416259766,77.7036361694336,79.7885208129883,77.5770416259766,78.5770416259766,430.575592041016,425.238494873047,418.827301025391,412.237487792969,414.940673828125,423.971069335938,317.270355224609,326.269866943359,325.015686035156,317.831207275391,314.606964111328,320.844451904297,344.576629638672,153.878326416016,233.063751220703,252.808624267578,274.487762451172,160.195816040039,2.48312017513538
96.8069465931403,38.9823917543666,51.8999993801117,-7.63110780715942,-12.9468269348145,-84.1879425048828,1069.36682128906,-1.51364922523499,-16.8950881958008,15.3814401626587,3.72060346603394,-18.0705699920654,4.9117751121521,-21.457311630249,196.745971679688,64.6330642700195,0.849041700363159,124.39623260498,136.585678100586,3.74596810340881,91.2175064086914,5.86547231674194,-0.016723974609375,0.0281197745352983,0.112395882606506,0.275000005960464,10,2001,4188.5986328125,121.629608154297,150.178009033203,133.8076171875,141.242141723633,127.14574432373,148.242141723633,255.299179077148,218.95832824707,250.684341430664,249.623764038086,253.932327270508,227.702239990234,260.7705078125,327.366607666016,292.358276367188,314.493621826172,261.607666015625,323.258972167969,250.608978271484,242.167785644531,258.110748291016,270.658752441406,269.259216308594,256.253356933594,284.417022705078,87.2277755737305,208.360214233398,137.097213745117,298.600463867188,100.601715087891,264.338348388672,72.3874740600586,208.902603149414,114.050178527832,233.016494750977,90.8394775390625,32.2098693847656,74.6121139526367,77.5479888916016,76.5479888916016,79.2098693847656,76.5479888916016,77.5479888916016,426.087463378906,424.749755859375,412.294219970703,407.938598632812,411.504486083984,422.251129150391,323.36767578125,333.808441162109,328.933166503906,321.128662109375,319.236297607422,321.495513916016,319.010528564453,176.967483520508,253.056793212891,272.511932373047,270.8408203125,167.525466918945,2.48335061643047
96.8698286630286,38.9823917543666,61.5000016987324,-6.68858671188354,-12.462797164917,-87.7012710571289,994.178894042969,-0.801521182060242,-15.0150451660156,14.2135238647461,4.07012987136841,-16.2018184661865,5.27818918228149,-19.3395462036133,190.09504699707,63.4772644042969,0.789767384529114,127.309883117676,134.940307617188,2.87724542617798,90.6353530883789,3.79113292694092,-0.0168227355957031,0.0278458632528782,0.116114668548107,0.300000011920929,10,2001,4108.8310546875,114.643669128418,151.218353271484,127.28734588623,143.218353271484,121,149.218353271484,229.17219543457,202.332977294922,199.677886962891,193.332977294922,207.608917236328,188.401962280273,237.942428588867,341.965789794922,272.149383544922,290.689849853516,249.655075073242,305.540466308594,243.379150390625,258.942413330078,246.804458618164,262.735473632812,235.597503662109,267.091796875,259.310150146484,69.4253158569336,154.655075073242,103.931015014648,204.448120117188,90.356330871582,289.057586669922,54.7816390991211,238.229766845703,127.022811889648,251,79.2183609008789,40.8392181396484,74,78.356330871582,75.356330871582,78.356330871582,75.356330871582,78.356330871582,428.425323486328,423.356323242188,412.494293212891,416.137969970703,420.344909667969,417.425323486328,328.195556640625,317.344909667969,340.344909667969,322.126556396484,343.057586669922,315.482879638672,302.390563964844,96.6550827026367,175.137969970703,136.804458618164,221.884841918945,102.574684143066,2.48496370549603
96.8788118158698,38.9823917543666,61.5000016987324,-6.21995162963867,-12.7240772247314,-91.024528503418,993.144287109375,-0.44247978925705,-14.4231100082397,13.9806299209595,4.4961633682251,-15.7005805969238,5.74435234069824,-18.8916931152344,183.313659667969,60.9330902099609,0.781824052333832,125.629096984863,129.160171508789,2.84547233581543,87.4885787963867,3.50851559638977,-0.0168505767822266,0.0279013551771641,0.116114668548107,0.300000011920929,10,2001,4001.02905273438,113.920387268066,148.856170654297,126.467895507812,140.438095092773,120.790962219238,146.438095092773,214.422058105469,174.388076782227,179.028610229492,166.642318725586,186.044006347656,161.372680664062,223.974243164062,347.259002685547,258.210540771484,291.066345214844,234.206924438477,314.211730957031,224.686599731445,241.838653564453,228.914642333984,241.421569824219,213.706604003906,245.665023803711,238.44775390625,68.764778137207,143.387710571289,98.834602355957,187.925430297852,87.734977722168,299.472076416016,55.680549621582,224.696380615234,113.251052856445,250.581924438477,76.0200119018555,51.525505065918,74,78.6615371704102,75.8705749511719,78.6615371704102,75.6615371704102,78.6615371704102,433.617889404297,431.605041503906,420.901947021484,423.404235839844,432.657470703125,425.753479003906,341.695526123047,325.894775390625,349.312835693359,335.965148925781,352.844940185547,328.581481933594,271.899688720703,86.4329147338867,176.133041381836,121.841209411621,199.383529663086,96.3369064331055,2.48519414679111
96.887794968711,38.9823917543666,55.5000007152557,-5.94011163711548,-12.861743927002,-93.3894577026367,990.6572265625,-0.2357017993927,-14.0088081359863,13.7731065750122,4.76340532302856,-15.778977394104,6.03007221221924,-18.5839538574219,180.47639465332,60.171989440918,0.769139230251312,125.193428039551,126.847885131836,2.79473280906677,86.4359741210938,3.40593886375427,-0.0169471237182617,0.0279258508235216,0.116114668548107,0.25,10,2001,3914.8330078125,113.770904541016,148.599716186523,127.032112121582,139.214965820312,120.585594177246,145.338516235352,218.648086547852,170.273941040039,176.692199707031,166.231216430664,184.800216674805,156.47477722168,208.300750732422,311.782562255859,233.253784179688,258.234008789062,213.054000854492,291.649139404297,208.932586669922,217.772354125977,210.469482421875,217.404190063477,196.133422851562,219.987319946289,217.859573364258,62.9064521789551,131.654449462891,89.9516372680664,172.496337890625,79.5951385498047,304.180053710938,52.6463012695312,212.487121582031,111.355094909668,248.318054199219,74.3243789672852,52.7684440612793,74.061767578125,78.276741027832,76.061767578125,78.276741027832,75.4002838134766,78.276741027832,441.910705566406,451.254852294922,433.943878173828,434.897613525391,446.035308837891,441.821380615234,349.094940185547,330.696075439453,354.586639404297,347.974914550781,357.554534912109,338.191284179688,241.167709350586,76.9619064331055,168.740615844727,109.421493530273,181.035675048828,84.2993545532227,2.48542458808619
97.8579754755601,38.9823917543666,43.699998408556,-7.09135723114014,-12.405951499939,-92.2889099121094,970.112670898438,-1.57622385025024,-15.0292339324951,13.453010559082,3.42996644973755,-16.2709274291992,4.54504203796387,-19.384635925293,230.222229003906,71.3294372558594,0.400000005960464,124.787132263184,167.43522644043,1.79999995231628,114.556007385254,2,-0.018658610534668,0.0245661344379187,0.096516415476799,0.350000023841858,10,2001,4065.16650390625,112.37686920166,151.343139648438,126.37686920166,145.343139648438,119.063148498535,149.343139648438,239.645385742188,208.717178344727,207.615982055664,205.369720458984,208.302261352539,202.679122924805,246.527740478516,326.790466308594,255.735946655273,283.354766845703,244.445831298828,306.201049804688,208.228469848633,232.146041870117,227.369201660156,237.026062011719,222.682922363281,248.1123046875,299.972900390625,58.8987998962402,161.577270507812,116.470916748047,206.367568969727,80.6317672729492,261.858581542969,45.9411735534668,213.636917114258,117.012962341309,241.249923706055,83.4164123535156,37.551342010498,74.3768692016602,78.3431396484375,76.0337295532227,78.3431396484375,75.3768692016602,78.3431396484375,396.353637695312,380.752777099609,372.906463623047,365.342163085938,387.184967041016,363.921417236328,396.074768066406,387.410614013672,399.376861572266,397.631774902344,390.098358154297,387.309417724609,275.277526855469,93.6188125610352,187.495346069336,201.855911254883,246.286987304688,107.724327087402,2.51031224795483
96.6991487590459,38.9734086015254,53.1999990344048,-6.83456754684448,-13.91135597229,-93.3002548217773,1079.5009765625,-1.10956013202667,-16.0200824737549,14.9105224609375,4.55197906494141,-17.2810573577881,5.78407001495361,-20.8774871826172,174.252380371094,60.2195014953613,0.800000011920929,126.456954956055,121.928085327148,3.09999990463257,83.6189117431641,4.59999990463257,-0.0161654266357422,0.0291171502321959,0.116277061402798,0.300000011920929,10,2001,3987.82788085938,122.958686828613,146.343048095703,131.645401000977,138.669692993164,127.952613830566,145.336975097656,249.655746459961,207.451187133789,243.402587890625,236.752319335938,246.746246337891,213.813064575195,244.096710205078,288.709350585938,259.498687744141,274.127075195312,242.722091674805,278.006866455078,203.678161621094,220.353393554688,224.001800537109,226.712203979492,224.296875,230.043121337891,249.786361694336,72.1585159301758,202.504043579102,132.043716430664,288.093566894531,89.1396942138672,248.527069091797,71.9331893920898,174.182205200195,112.718284606934,221.383773803711,99.625373840332,49.061336517334,78.3254318237305,79.6563415527344,79.3254318237305,79.9939270019531,79.3254318237305,79.6563415527344,490.245941162109,479.452301025391,473.528869628906,472.843353271484,478.552551269531,488.072204589844,306.075897216797,300.519714355469,302.800842285156,300.450500488281,297.482086181641,281.884674072266,365.539459228516,85.8858032226562,184.803237915039,153.579193115234,253.244079589844,87.4456405639648,2.48115708194076
96.7081319118871,38.9734086015254,54.0000014007092,-6.79564094543457,-14.0379543304443,-93.9969940185547,1082.52026367188,-1.12138211727142,-16.0563335418701,14.9349517822266,4.61112594604492,-17.2765483856201,5.84325695037842,-20.9054164886475,173.513580322266,60.2589721679688,0.800000011920929,127.063407897949,121.983963012695,3.09999990463257,83.6776123046875,4.59999990463257,-0.0160627746582031,0.0295045766979456,0.120209537446499,0.300000011920929,10,2001,3992.23461914062,127.183448791504,145.491149902344,135.336975097656,141.416473388672,132.183456420898,144.675247192383,250.375610351562,203.780502319336,239.596405029297,233.258773803711,243.626983642578,209.890579223633,213.697204589844,277.635681152344,224.490585327148,242.224395751953,210.86360168457,258.24560546875,212.758270263672,214.688781738281,228.065963745117,228.864166259766,229.832946777344,229.882522583008,240.285186767578,74.0917282104492,191.953018188477,139.497268676758,269.558410644531,91.7615127563477,250.452514648438,71.8159027099609,173.079498291016,115.416473388672,214.768280029297,95.9571914672852,50.7235260009766,79.0305786132812,79.3376235961914,79.8464736938477,79.8159027099609,80.0305786132812,79.3376235961914,471.335388183594,465.314453125,455.550079345703,458.291290283203,458.826538085938,474.020294189453,315.906341552734,320.659118652344,317.046325683594,312.844543457031,312.002868652344,295.9130859375,431.015686035156,127.959419250488,211.095245361328,181.003814697266,278.284820556641,118.756034851074,2.48138757635127
96.7171150647283,38.9734086015254,54.0000014007092,-6.92556476593018,-14.0527315139771,-93.5523834228516,1083.68920898438,-1.25310552120209,-16.2746124267578,15.0215072631836,4.50518274307251,-17.4194145202637,5.73435306549072,-21.0518379211426,176.308227539062,61.2399024963379,0.800000011920929,127.12084197998,123.763366699219,3.09999990463257,84.8673782348633,4.59999990463257,-0.015960124206543,0.0298920031636953,0.120209537446499,0.300000011920929,10,2001,4020.19555664062,131.230972290039,145.735748291016,139.084121704102,142.699035644531,136.084121704102,145.434799194336,257.37548828125,204.207260131836,239.434799194336,232.735748291016,244.097122192383,208.447799682617,208.734970092773,276.790435791016,220.745666503906,233.509735107422,206.832092285156,254.680297851562,217.022186279297,213.33039855957,228.343414306641,229.005737304688,232.948760986328,226.112442016602,239.169021606445,76.3173980712891,184.157943725586,152.77702331543,242.002380371094,99.2653656005859,247.187393188477,71.0072631835938,169.990829467773,116.588905334473,210.247802734375,90.6351928710938,51.1850814819336,79.6623306274414,79.6990432739258,80,79.3009567260742,80.6990432739258,79.6990432739258,458.772857666016,448.936553955078,444.207672119141,447.398498535156,446.545318603516,459.03369140625,324.204956054688,337.997283935547,327.749877929688,323.595764160156,320.806854248047,314.191528320312,466.391876220703,177.513824462891,240.045822143555,189.73844909668,305.250823974609,173.942474365234,2.48161807076178
96.7260982175695,38.9734086015254,60.4999996721745,-7.03689098358154,-14.0607166290283,-93.3639984130859,1084.49841308594,-1.388800740242,-16.4492225646973,15.0604228973389,4.39782238006592,-17.5351295471191,5.62086582183838,-21.1856880187988,177.618530273438,61.317138671875,0.800000011920929,127.223297119141,124.881874084473,3.09999990463257,85.3117752075195,4.59999990463257,-0.0158785980224609,0.0302148628979921,0.120209537446499,0.300000011920929,10,2001,4022.16162109375,133.551635742188,146.551635742188,139.345108032227,143,136.345108032227,146.551635742188,260.345123291016,206.654891967773,240.551635742188,233.551635742188,245,210.206512451172,198.657638549805,272.932067871094,209.899490356445,226.173934936523,197.657638549805,249.277191162109,226.377700805664,217.964660644531,233.619552612305,234.067916870117,241.274444580078,229.067916870117,250.584213256836,80.3097763061523,173.725555419922,160,240.342361450195,100.690223693848,241.690231323242,66.5869674682617,161.277191162109,115.345115661621,205.138595581055,86.8967437744141,44.2771911621094,79.448371887207,80,80,79,81,80,448.380462646484,433.173919677734,434.932067871094,436.277191162109,437.483703613281,444.173919677734,325.241851806641,348.309783935547,331.448364257812,329.654876708984,321.241851806641,326.309783935547,442.385955810547,190.864151000977,252.345108032227,214.581466674805,349.855895996094,195.070678710938,2.48184856517229
96.7350813704107,38.9734086015254,58.4000013768673,-7.00675392150879,-14.0938911437988,-93.3878326416016,1086.21154785156,-1.35268294811249,-16.4454402923584,15.0927562713623,4.42568731307983,-17.5176372528076,5.66458749771118,-21.1992454528809,176.834716796875,61.8714714050293,0.800000011920929,126.93701171875,124.030479431152,3.09999990463257,85.9624404907227,4.64161920547485,-0.015948747253418,0.0300741586834192,0.120209537446499,0.300000011920929,10,2001,4018.373046875,131.978820800781,147.404235839844,136.383056640625,143,134.595764160156,146.595764160156,259.404235839844,208,242.212707519531,234.808471679688,247.829650878906,212.808471679688,188.616943359375,267.191528320312,207.318588256836,224.255065917969,187.212707519531,245.021179199219,226.319519042969,218.361877441406,231.319519042969,230.915283203125,239.915283203125,227.936462402344,251.915283203125,77.340705871582,164.170349121094,149.894119262695,245.936462402344,93.5534057617188,245.4677734375,65.8296508789062,172.786361694336,116.021179199219,209.680480957031,93.276237487793,42.8508262634277,78.5957641601562,79.5957641601562,79.5957641601562,79.4042358398438,80.1915283203125,79.5957641601562,438.957641601562,421.553405761719,430.808471679688,428.383056640625,433,434.978820800781,334.722839355469,359.488952636719,337.872009277344,340.70166015625,326.680480957031,336.680480957031,378.256927490234,161.192459106445,230.383987426758,227.702575683594,345.852691650391,169.213638305664,2.48207905958281
96.7440645232519,38.9734086015254,51.8000014126301,-7.07421398162842,-13.9906873703003,-91.9958648681641,1086.29089355469,-1.35384774208069,-16.5619850158691,15.2081365585327,4.36414337158203,-17.5904636383057,5.59857654571533,-21.2713661193848,179.34294128418,62.7216835021973,0.800000011920929,127.663963317871,126.338081359863,3.11083292961121,86.9757919311523,4.69999980926514,-0.016018896484375,0.0299334544688463,0.120209537446499,0.350000023841858,10,2001,4044.74047851562,127.349800109863,148.43278503418,133.810028076172,142.743133544922,132.539779663086,146.080932617188,260.432769775391,210.568603515625,245.555206298828,237.636154174805,252.717742919922,216.40673828125,200.95068359375,275.922576904297,230.723861694336,245.075164794922,199.288482666016,258.640319824219,222.188766479492,218.865661621094,227.702484130859,230.636337280273,235.783416748047,227.406173706055,254.718673706055,79.6369857788086,172.639022827148,144.986145019531,262.359008789062,96.3667297363281,263.208831787109,68.1491317749023,208.024917602539,120.393333435059,230.250335693359,97.9196166992188,52.3679351806641,77.8240737915039,78.8240737915039,79.080940246582,79.6622009277344,79.1618728637695,78.8240737915039,433.552520751953,416.917755126953,429.012664794922,421.700256347656,430.688262939453,429.836090087891,344.258728027344,364.135650634766,343.028015136719,347.920257568359,332.866119384766,342.095550537109,354.536254882812,139.56201171875,210.806228637695,220.228210449219,306.71923828125,145.020111083984,2.48230955399332
96.7530476760931,38.9734086015254,54.6999983489513,-7.26074504852295,-13.8148908615112,-90.4466323852539,1084.86938476562,-1.4704624414444,-16.7459831237793,15.2755212783813,4.18094635009766,-17.7627506256104,5.39760780334473,-21.4224472045898,181.991027832031,63.457649230957,0.800000011920929,128.230102539062,128.717636108398,3.12239837646484,88.124382019043,4.69999980926514,-0.0160890472412109,0.0297927502542734,0.116867624223232,0.275000005960464,10,2001,4115.53466796875,123.374221801758,148.995803833008,133.004196166992,142.118835449219,130.027053833008,145.561981201172,259.134216308594,212.759979248047,245.459442138672,237.240432739258,252.901672363281,218.43147277832,224.713684082031,297.841827392578,254.512405395508,276.850616455078,223.4853515625,283.700164794922,229.019943237305,226.681182861328,235.125244140625,245.152679443359,243.015747070312,238.525970458984,273.222534179688,94.5948944091797,193.202026367188,155.745910644531,303.513549804688,110.055770874023,279.937866210938,66.4701995849609,230.350677490234,122.759063720703,248.810623168945,91.3146209716797,57.8415107727051,77.2283401489258,78.3378448486328,79,79.2283401489258,79,78.3378448486328,433.542388916016,419.291229248047,425.592315673828,414.519195556641,427.80712890625,425.706939697266,337.437652587891,354.027618408203,338.729797363281,340.990295410156,328.948791503906,335.538757324219,378.650665283203,145.650436401367,220.172760009766,228.322845458984,308.121551513672,141.545684814453,2.48254004840383
96.7620308289343,38.9734086015254,58.4999993443489,-7.4810528755188,-13.6109771728516,-88.4782943725586,1083.55773925781,-1.56713116168976,-16.9516181945801,15.3844871520996,3.97706747055054,-17.9812507629395,5.19294214248657,-21.5985660552979,186.719635009766,64.7287368774414,0.800000011920929,128.085250854492,131.924728393555,3.33711791038513,89.9887542724609,4.91471910476685,-0.016159196472168,0.0296520460397005,0.116227589547634,0.300000011920929,10,2001,4122.8701171875,124.121421813965,146.87858581543,135.12141418457,141.375717163086,131.745712280273,143.502868652344,248.265747070312,201.144332885742,228.525772094727,219.277206420898,240.144332885742,205.271469116211,247.231384277344,318.358520507812,278.977081298828,300.734252929688,246.231384277344,305.358520507812,220.144332885742,223.011459350586,224.647186279297,235.525772094727,232.022903442383,235.138595581055,256.040100097656,89.1443252563477,189.520050048828,147.895767211914,296.664367675781,106.265747070312,271.398620605469,66.8728561401367,211.167236328125,116.635734558105,236.780059814453,92.8671264648438,50.5143165588379,77,78.6242828369141,79,79,79,78.6242828369141,439.491424560547,425.867126464844,432.861389160156,421.734252929688,433.988555908203,430.115692138672,340.3642578125,351.121429443359,342.739990234375,343.115692138672,333.988555908203,334.745697021484,369.410064697266,162.231384277344,226.624282836914,237.867126464844,319.612823486328,155.104232788086,2.48277054281434
96.7710139817755,38.9734086015254,51.8999993801117,-7.38578414916992,-13.6206226348877,-88.3773193359375,1085.00537109375,-1.46920955181122,-16.8812713623047,15.4120616912842,4.07042121887207,-17.9194679260254,5.28698253631592,-21.5414791107178,185.587478637695,64.0822830200195,0.800000011920929,127.008651733398,130.339416503906,3.23138666152954,89.2598876953125,4.80898809432983,-0.016229345703125,0.0295113418251276,0.116227589547634,0.400000005960464,10,2001,4114.55615234375,125.04615020752,146.430770874023,135.569229125977,141.476928710938,132.092300415039,143.907699584961,257.646179199219,199.584625244141,232.16926574707,220.738494873047,248.123107910156,202.584625244141,251.276916503906,309.830749511719,280.03076171875,297.076904296875,247.892288208008,298.261505126953,211.430770874023,217,213.953842163086,221.523071289062,220.953842163086,225.615386962891,241.200012207031,79,174.70768737793,133.661529541016,257.876892089844,93.7076873779297,247.076904296875,67.0461502075195,183.753829956055,108.138458251953,215.753829956055,94.6153793334961,43.4769248962402,77,79,78.523078918457,79.476921081543,78.523078918457,79,450.200012207031,436.676940917969,447.153869628906,437.153869628906,445.723083496094,443.584625244141,338.369201660156,346.323059082031,339.415374755859,341.323059082031,333.323059082031,330.323059082031,340.03076171875,153.876892089844,226.046157836914,242.476928710938,316.938446044922,159.799987792969,2.48300103722485
96.7799971346167,38.9734086015254,51.8999993801117,-7.2054877281189,-13.6285057067871,-89.2338409423828,1083.1455078125,-1.33585095405579,-16.6096878051758,15.2738380432129,4.2182469367981,-17.7287826538086,5.43350744247437,-21.335132598877,183.546417236328,63.4167976379395,0.800000011920929,126.954299926758,129.053558349609,3.12239837646484,88.3827209472656,4.69999980926514,-0.0163037643432617,0.0293701197952032,0.116227589547634,0.349999994039536,10,2001,4071.45678710938,123.357612609863,148.304412841797,134.025161743164,141.991607666016,129.374389648438,146.296035766602,277.348785400391,210.167343139648,251.357177734375,238.382339477539,267.022064208984,212.837753295898,254.328994750977,299.211975097656,276.432525634766,293.767639160156,248.70051574707,289.845977783203,210.008590698242,218.977493286133,215.312805175781,223.645050048828,219.676147460938,225.349029541016,253.823440551758,79.9887466430664,181.610916137695,131.706634521484,251.502090454102,93.0304946899414,246.404296875,63.7096939086914,185.343109130859,105.709495544434,218.00227355957,89.4052810668945,41.3549461364746,76.6704177856445,78.3408355712891,77.6788024902344,79.3324432373047,77.6788024902344,78.3408355712891,457.550109863281,440.916320800781,451.907928466797,441.907928466797,450.251434326172,450.212341308594,332.111724853516,340.106201171875,332.787658691406,334.117431640625,330.072448730469,323.447021484375,343.683349609375,134.648345947266,219.743438720703,231.785781860352,294.964813232422,144.869476318359,2.48323153163536
96.7889802874579,38.9734086015254,50.7999993860722,-7.15638065338135,-13.5384216308594,-89.3848342895508,1077.4013671875,-1.31707692146301,-16.4645404815674,15.1474637985229,4.20489883422852,-17.6414527893066,5.42025136947632,-21.184154510498,184.200439453125,63.3359031677246,0.800000011920929,126.263710021973,129.165374755859,3.15917420387268,88.4037857055664,5.30671215057373,-0.0163815872192383,0.0292284898459911,0.116227589547634,0.400000005960464,10,2001,4060.77954101562,122.67603302002,148.844253540039,133.817733764648,141.817733764648,128.493774414062,147.026504516602,272.673858642578,212.012466430664,251.959442138672,240.964324951172,263.395324707031,215.626312255859,264.993682861328,307.798950195312,286.189971923828,305.020172119141,260.749237060547,300.945526123047,213.421295166016,226.804275512695,222.405670166016,233.039566040039,225.021087646484,232.919479370117,266.477142333984,78.9810791015625,201.553512573242,131.851837158203,266.119750976562,95.8502502441406,263.779022216797,63.0064582824707,196.026641845703,106.870758056641,228.803817749023,88.1622161865234,36.6992416381836,76.1557540893555,77.493766784668,77.1557540893555,78.493766784668,77.1557540893555,77.493766784668,457.412658691406,440.047027587891,447.037261962891,439.224395751953,445.591613769531,449.162200927734,328.504058837891,333.148712158203,330.557067871094,326.891784667969,329.387268066406,317.100555419922,369.502197265625,137.760437011719,214.408233642578,221.586074829102,280.8662109375,139.366561889648,2.48346202604587
96.8069465931403,38.9734086015254,56.4000010490417,-7.23407697677612,-13.1928310394287,-87.8049011230469,1062.60241699219,-1.31374311447144,-16.3404960632324,15.0267524719238,4.01014423370361,-17.5580234527588,5.22279453277588,-20.9987449645996,189.918441772461,63.1421813964844,0.801947236061096,124.384986877441,132.063629150391,3.51820111274719,88.9455871582031,5.97142887115479,-0.0165372329711914,0.0289452262222767,0.112395882606506,0.275000005960464,10,2001,4115.71630859375,122.900848388672,150.099151611328,132.450424194336,141.549575805664,127.351272583008,148.549575805664,243.801696777344,208.801696777344,245.152984619141,245.351272583008,246.702545166016,222.099151611328,266.739379882812,335.569366455078,303.379577636719,319.280426025391,272.784698486328,333.920654296875,253.495742797852,252.297454833984,260.243621826172,270.640228271484,268.396606445312,266.288940429688,299.388092041016,75.1444702148438,217.648727416992,129.694046020508,299.759155273438,97.8385162353516,268.495758056641,67.8555297851562,200.297454833984,109.648727416992,228.198303222656,93.4051055908203,33,75.4504241943359,77.4504241943359,76.4504241943359,78.4504241943359,76.4504241943359,77.4504241943359,450.351287841797,456.099151611328,437.954681396484,435.558074951172,433.900848388672,450.558074951172,296.702545166016,291.603393554688,301.801696777344,293.351287841797,297.702545166016,283.702545166016,353.124664306641,153.74787902832,228.297454833984,251.74787902832,306.243621826172,159.107650756836,2.48392301486689
96.8338960516638,38.9734086015254,57.9999983310699,-7.25241899490356,-12.733941078186,-86.5902328491211,1032.02758789062,-1.28761672973633,-15.995777130127,14.7081604003906,3.80073571205139,-17.2392959594727,4.98131799697876,-20.4945487976074,193.102447509766,64.0987701416016,0.815832495689392,123.743537902832,134.058303833008,3.7077534198761,91.015510559082,5.99159526824951,-0.0165885803222656,0.0287224929779768,0.112395882606506,0.275000005960464,10,2001,4158.6923828125,117.907386779785,149.323135375977,129,141.769485473633,123.12281036377,147.215423583984,241.8759765625,218.738876342773,245.230117797852,240.646667480469,244.337020874023,229.107315063477,286.338623046875,385.896331787109,334.617279052734,358.956329345703,304.600555419922,371.064025878906,249.844161987305,254.350494384766,255.93717956543,273.243591308594,260.873962402344,272.429229736328,276.828247070312,90.4471588134766,212.596115112305,139.647079467773,323.643035888672,111.615257263184,280.799682617188,59.4757347106934,208.477752685547,107.323539733887,235.449172973633,79.2758178710938,34.3557586669922,74.1077117919922,76.8771896362305,75.2154235839844,77.1077117919922,75.2154235839844,76.8771896362305,459.539764404297,451.063232421875,446.246826171875,436.339447021484,446.955932617188,441.614868164062,291.27783203125,295.248046875,297.815979003906,290.416961669922,291.616058349609,285.848205566406,316.073455810547,177.704238891602,249.507141113281,246.917633056641,303.414947509766,156.995956420898,2.48461449809842
96.842879204505,38.9734086015254,61.999998986721,-7.1238694190979,-12.6651401519775,-86.7962493896484,1022.21728515625,-1.1911039352417,-15.7846021652222,14.5934982299805,3.85271692276001,-16.9868450164795,5.03540849685669,-20.216381072998,194.085998535156,63.9704513549805,0.800000011920929,123.909614562988,134.905319213867,3.67980527877808,91.0538330078125,5.92730045318604,-0.0164824981689453,0.0287857223302126,0.112395882606506,0.349999994039536,10,2001,4159.416015625,116.133438110352,150.866561889648,129,142,122.377815246582,148.244369506836,229.067504882812,203.712188720703,227.223449707031,221.73469543457,231.067504882812,211.845626831055,284.511260986328,384.155944824219,333.889068603516,354.289367675781,293.689697265625,366.911560058594,248,248.266876220703,253.755630493164,262.422821044922,258.622192382812,263.045013427734,260.578765869141,84.9115676879883,205.022506713867,138.511245727539,303.845642089844,101.556251525879,278.511260986328,59.8665618896484,218.199371337891,106.75562286377,239.244369506836,75.2668762207031,40.5996856689453,74.622184753418,77.622184753418,76.2443771362305,77.622184753418,76.2443771362305,77.622184753418,455.778137207031,451.133453369141,438.422821044922,430.289367675781,444.400329589844,433.667205810547,296.599670410156,300.977508544922,307.821563720703,307.287811279297,297.221862792969,302.665618896484,320.332794189453,128.758773803711,221.157516479492,189.670333862305,330.842498779297,118.446891784668,2.48484499250893
96.8518623573462,38.9734086015254,56.6000007092953,-6.99207353591919,-12.6068143844604,-87.2847366333008,1013.17858886719,-1.09604179859161,-15.5417175292969,14.4456748962402,3.90842270851135,-16.7451286315918,5.09748506546021,-19.9388675689697,194.279541015625,63.8285331726074,0.800000011920929,124.222991943359,135.278915405273,3.50973272323608,90.9698028564453,5.72992849349976,-0.016376416015625,0.0288496892899275,0.115026243031025,0.425000011920929,10,2001,4163.4755859375,115.949829101562,151.525085449219,129.474914550781,142,122.949829101562,148.050170898438,220.949829101562,188.675598144531,209.725769042969,201.775955200195,218.20068359375,195.20068359375,281.100341796875,392.822662353516,337.224060058594,358.498291015625,284.525085449219,371.973205566406,260.347747802734,262.147064208984,266.297576904297,270.722320556641,272.772491455078,270.297576904297,257.5986328125,81.899658203125,184.903106689453,132.725769042969,271.053619384766,100.173881530762,282.224060058594,63.374568939209,221.675598144531,118.822677612305,242.849487304688,80.1237106323242,45.4247398376465,75,78,76.5250854492188,78,76.5250854492188,78,435.378021240234,430.053619384766,414.903106689453,407.428192138672,422.478363037109,409.003448486328,304.274230957031,307.79931640625,318.79931640625,321.849487304688,305.274230957031,320.173889160156,309.378021240234,94,212.822677612305,140.026809692383,319.23095703125,91.5250854492188,2.48507548691944
96.8608455101874,38.9734086015254,59.3999996781349,-6.76911401748657,-12.6042833328247,-88.3105087280273,1005.06713867188,-0.925396740436554,-15.1993446350098,14.2739477157593,4.0495662689209,-16.4353885650635,5.25468301773071,-19.5961532592773,191.45979309082,63.512321472168,0.800000011920929,124.270515441895,133.484771728516,3.28445267677307,90.5902862548828,5.17181539535522,-0.0162703338623047,0.0289144031703472,0.116114668548107,0.350000023841858,10,2001,4106.1923828125,115.995620727539,150.355377197266,128.350997924805,141.017013549805,122.340301513672,146.693740844727,223.616897583008,182.781295776367,199.853759765625,190.219833374023,210.153686523438,185.515396118164,273.472595214844,384.757873535156,324.533355712891,347.488098144531,274.836242675781,359.183776855469,259.632415771484,275.376586914062,271.525909423828,278.149108886719,273.272644042969,280.768463134766,259.930908203125,81.9912414550781,169.00651550293,123.181411743164,244.534545898438,102.928970336914,297.384429931641,63.9805374145508,216.764266967773,126.15788269043,252.816650390625,87.1841659545898,46.9678955078125,74.6723403930664,78.3276596069336,76.0107040405273,78.3276596069336,76.0107040405273,78.3276596069336,416.391540527344,404.845184326172,394.746948242188,388.395935058594,400.779052734375,386.789733886719,323.648376464844,319.778228759766,333.399505615234,333.454956054688,325.959014892578,332.431091308594,306.119232177734,89.0851058959961,218.191925048828,131.190673828125,277.512817382812,93.3043212890625,2.48530598132995
96.8698286630286,38.9734086015254,55.7999983429909,-6.54293203353882,-12.6516313552856,-89.3963851928711,1000.50695800781,-0.74860543012619,-14.9014959335327,14.1528902053833,4.22659587860107,-16.1439838409424,5.44177341461182,-19.3190288543701,189.465393066406,62.3967208862305,0.800000011920929,124.009689331055,131.977661132812,3.2572226524353,89.4858474731445,4.69845819473267,-0.0161642517089844,0.028979878872633,0.116114668548107,0.375,10,2001,4048.7509765625,114.654365539551,149.315963745117,125.789894104004,139.293518066406,119.970321655273,146.157974243164,229.638168334961,180.549255371094,192.790634155273,181.384902954102,205.699996948242,177.046493530273,249.890823364258,339.217834472656,281.59326171875,303.443145751953,246.711135864258,314.616241455078,237.251831054688,264.903961181641,257.242980957031,264.746612548828,250.229385375977,273.993621826172,247.415557861328,76.9632034301758,171.653625488281,114.647987365723,234.385009765625,95.0914993286133,304.840759277344,60.4066009521484,211.38427734375,116.15958404541,255.924179077148,86.8572311401367,47.5412750244141,74.3384017944336,78.6615982055664,76,78.6615982055664,76,78.6615982055664,414.293518066406,401.444152832031,391.609466552734,389.443389892578,398.150756835938,384.872436523438,347.973480224609,333.832336425781,350.666381835938,345.809997558594,351.619873046875,341.133941650391,324.199890136719,82.0913848876953,206.550857543945,132.067459106445,263.212677001953,96.8941497802734,2.48553647574046
97.8669586284013,38.9734086015254,43.6000004410744,-7.56365251541138,-12.0033569335938,-86.6032333374023,966.457824707031,-1.80978262424469,-15.6768312454224,13.8670482635498,2.95212888717651,-16.6876182556152,4.05487203598022,-19.7621383666992,237.962753295898,73.93359375,0.425020098686218,124.144401550293,172.338302612305,1.90411984920502,117.566741943359,2.10008025169373,-0.0189917266845703,0.0227123815566301,0.096516415476799,0.25,10,2001,4160.22607421875,112.376892089844,149.376892089844,127,143.376892089844,119,146.376892089844,250.839050292969,209.607971191406,215.100402832031,211.854187011719,215.723510742188,204.854187011719,213.100402832031,297.768920898438,232.01513671875,258.784057617188,214.9697265625,284.276489257812,192.100402832031,221.723510742188,214.492431640625,219.361755371094,211.100402832031,226.738647460938,320.085266113281,63.7386474609375,172.95458984375,117.361755371094,225.115539550781,85.8844604492188,286.723510742188,49.492431640625,262.839050292969,148.145812988281,267.361755371094,82.2462158203125,47.6382446289062,73.7537841796875,77.7537841796875,75.1306762695312,76.7537841796875,74.507568359375,77.7537841796875,408.869323730469,399.462158203125,381.854187011719,385.215942382812,395.738647460938,387.215942382812,398.407165527344,379.191223144531,403.653381347656,395.422302246094,393.160949707031,386.422302246094,313.914733886719,108.130676269531,221.768920898438,180.939453125,259.100402832031,113.738647460938,2.51112135530713
96.609317230634,38.9644254486842,50.500001758337,-6.92214298248291,-13.3978748321533,-92.7713012695312,1052.10534667969,-1.15382850170135,-15.6000032424927,14.446174621582,4.28749370574951,-17.1257972717285,5.50550365447998,-20.3856086730957,172.669448852539,60.8551940917969,0.800000011920929,128.657669067383,122.022636413574,3.09999990463257,83.4670104980469,4.5,-0.0175795501708984,0.0239105764776468,0.0922882780432701,0.25,10,2001,4083.77270507812,122.440353393555,149.057418823242,132.674255371094,141.662872314453,128.674255371094,148.057418823242,254.359909057617,213.451751708984,254.314117431641,241.080200195312,259.153472900391,215.291107177734,328.773254394531,329.061859130859,350.066314697266,336.708892822266,323.743316650391,332.004669189453,211.29850769043,220.788879394531,225.286880493164,232.126235961914,220.938354492188,235.091827392578,263.350708007812,88.6992416381836,226.346267700195,157.327697753906,286.477630615234,105.346260070801,268.541534423828,63.0113906860352,175.885848999023,105.685882568359,225.759841918945,97.7133483886719,34.1262359619141,77,78,79,79.0344085693359,78.3027267456055,78.3371276855469,473.419586181641,462.53466796875,453.431213378906,451.197296142578,460.814147949219,457.534454345703,314.979187011719,316.316314697266,321.247497558594,316.642059326172,318.910369873047,306.710845947266,377.498016357422,147.341644287109,266.073272705078,248.098541259766,327.665344238281,142.153533935547,2.47942363112392
96.6632161476811,38.9644254486842,52.4999983608723,-7.69663572311401,-12.8603620529175,-85.2640380859375,1054.12280273438,-1.55632925033569,-16.6417331695557,15.0854034423828,3.60746717453003,-17.9200668334961,4.79126453399658,-21.2059268951416,186.505798339844,65.8540115356445,0.800000011920929,130.279266357422,132.744689941406,3.2515811920166,90.2169036865234,4.64922189712524,-0.0168639694213867,0.0271777398884296,0.11359766125679,0.233333334326744,10,2001,4231.9716796875,119.487159729004,151.919021606445,132.581634521484,142.919021606445,125.662612915039,149,243.577682495117,223.364395141602,249.672164916992,245.253799438477,251.402236938477,231.701782226562,281.212005615234,316.098968505859,310.127044677734,321.428161621094,290.062225341797,313.098968505859,228.639678955078,225.973083496094,229.769348144531,240.21337890625,236.676193237305,236.886825561523,254.0595703125,86.8771896362305,191.891983032227,132.807098388672,262.493011474609,106.010841369629,264.263275146484,68.5572967529297,183.673446655273,118.322555541992,214.376525878906,89.3117141723633,43.8946418762207,75.4061889648438,77.6626129150391,76.0809707641602,78.7435836791992,76.4871597290039,77.6626129150391,450.604614257812,435.278106689453,441.917663574219,439.461456298828,443.010803222656,441.569427490234,320.755706787109,338.924255371094,328.488464355469,320.98779296875,320.569427490234,321.949951171875,278.934051513672,143.031143188477,191.315811157227,214.164764404297,292.989044189453,124.257904052734,2.48080691642651
96.6721993005223,38.9644254486842,52.4999983608723,-7.51645994186401,-13.1244039535522,-87.14697265625,1057.37255859375,-1.42731153964996,-16.4907035827637,15.0633926391602,3.79869532585144,-17.741455078125,4.9979076385498,-21.1091766357422,184.248046875,64.8628845214844,0.800000011920929,128.692993164062,130.126022338867,3.36707830429077,89.2019577026367,5.42450332641602,-0.0167198654174805,0.0279755610972643,0.11359766125679,0.25,10,2001,4162.2041015625,120,151.403823852539,131.807662963867,142.403823852539,125.403831481934,149,239.211486816406,220.019149780273,244.019149780273,238.826812744141,247.807662963867,228.615325927734,271.442138671875,321.058258056641,307.577026367188,329.462066650391,280.038299560547,318.058258056641,201.595397949219,206.922592163086,206.345581054688,216.53791809082,211.960906982422,216.307266235352,249.192337036133,94.3463668823242,206.308044433594,131.788513183594,266.673583984375,109.365516662598,275.096557617188,66.2306518554688,186.769348144531,122.961685180664,223.134872436523,90.5961685180664,53.1540260314941,75.4038314819336,77.4038314819336,76.5961685180664,79,77,77.4038314819336,465.288909912109,441.731048583984,455.308044433594,452.327209472656,457.692718505859,451.346374511719,333.11572265625,350.750183105469,337.750183105469,331.538696289062,330.346374511719,332.750183105469,298.019927978516,167.000778198242,231.501159667969,245.347137451172,323.616088867188,156.731811523438,2.48103746397695
96.6811824533635,38.9644254486842,57.0000000298023,-7.18256616592407,-13.4847021102905,-90.9581146240234,1061.76525878906,-1.30617046356201,-16.1335544586182,14.8273830413818,4.13253784179688,-17.4272289276123,5.34893226623535,-20.885124206543,182.067642211914,63.3552513122559,0.800000011920929,127.667251586914,127.998359680176,3.40561532974243,87.3545379638672,5.68025875091553,-0.016624284362793,0.0284392517060041,0.11359766125679,0.25,10,2001,4095.40478515625,119.551223754883,149.653671264648,130.551223754883,141.102447509766,123.653671264648,147.653671264648,233.961013793945,204.98551940918,226.292861938477,219.844085693359,233.087966918945,211.292861938477,241.419799804688,307.727142333984,273.200408935547,299.122467041016,242.341842651367,298.89306640625,194.01448059082,207.01448059082,206.707138061523,213.668167114258,210.258361816406,215.770614624023,239.229385375977,87.8830642700195,202.087966918945,128.961013793945,262.048980712891,100.88306427002,257.727142333984,64.7951049804688,183.268371582031,121.165916442871,218.331832885742,91.8975524902344,48.1269416809082,75.8975524902344,78.3463287353516,77.8975524902344,79.8975524902344,77.8975524902344,78.3463287353516,475.204895019531,455.731628417969,463.204895019531,459.551239013672,466.307342529297,463.731628417969,330.780609130859,337.151428222656,329.536743164062,326.780609130859,323.434295654297,320.497772216797,319.243865966797,153.444290161133,246.844085693359,247.317352294922,321.458770751953,154.03450012207,2.48126801152738
96.6901656062047,38.9644254486842,52.0000010728836,-6.87745571136475,-13.8250150680542,-94.0243911743164,1067.18566894531,-1.19759476184845,-15.9017677307129,14.7041730880737,4.42598676681519,-17.1865406036377,5.66211271286011,-20.7231159210205,176.733947753906,61.6571807861328,0.800000011920929,126.690673828125,123.438812255859,3.36823558807373,85.2501602172852,4.96889877319336,-0.01655068359375,0.0287515800446272,0.11359766125679,0.300000011920929,10,2001,4033.69067382812,123.255737304688,147.204147338867,131.844528198242,140.072235107422,126.026573181152,145.505554199219,237.764312744141,195.472671508789,219.114608764648,211.547927856445,228.271545410156,199.593597412109,217.484008789062,272.261505126953,237.592590332031,247.00910949707,210.641159057617,258.539459228516,204.130126953125,215.623123168945,220.516220092773,221.937088012695,222.045318603516,222.707916259766,228.675262451172,74.2766189575195,189.133712768555,127.03768157959,250.788208007812,86.6738128662109,226.481109619141,68.663932800293,174.938980102539,114.168144226074,204.6376953125,93.5305633544922,36.1918182373047,76.9277648925781,79.5902404785156,78.9277648925781,80.6263580322266,78.9277648925781,79.5902404785156,476.459899902344,465.568023681641,463.254272460938,462.954345703125,467.737731933594,474.472229003906,319.409973144531,319.435211181641,316.193389892578,315.409973144531,310.216949462891,302.819854736328,326.340423583984,115.288177490234,224.080673217773,212.355728149414,289.198699951172,119.697822570801,2.48149855907781
96.6991487590459,38.9644254486842,48.7999990582466,-6.7390022277832,-14.025842666626,-94.9897766113281,1074.11596679688,-1.10000002384186,-15.8664855957031,14.7664852142334,4.58896827697754,-17.0964317321777,5.85201787948608,-20.7172317504883,174.361602783203,60.1065254211426,0.800000011920929,126.09561920166,121.674621582031,3.12154507637024,83.4760971069336,4.62154531478882,-0.0164770843505859,0.0290639065206051,0.116277061402798,0.200000002980232,10,2001,3974.12622070312,130.276718139648,145.396499633789,134.898895263672,140,132.614273071289,144.367034912109,250.783187866211,203.23454284668,235.161010742188,227.144226074219,244.823440551758,208.52995300293,224.388595581055,266.221588134766,243.960021972656,241.596801757812,219.779098510742,253.425979614258,199.863159179688,206.932189941406,217.342071533203,217.200714111328,216.413711547852,216.614013671875,239.525497436523,77.2055053710938,193.626968383789,135.045455932617,265.927154541016,90.5751419067383,228.884719848633,70.9746170043945,174.907501220703,115.032073974609,205.34016418457,94.4789199829102,35.9074974060059,77.3080902099609,79.1835174560547,79.1540451049805,80.1835174560547,79.1540451049805,79.1835174560547,478.130157470703,466.018280029297,462.093994140625,464.992889404297,470.009674072266,476.005584716797,322.006683349609,327.079010009766,320.563934326172,318.468841552734,313.730682373047,307.380432128906,342.411682128906,126.327796936035,221.423004150391,205.969467163086,276.590545654297,128.508712768555,2.48172910662824
96.7171150647283,38.9644254486842,61.4000000059605,-6.85443735122681,-14.1467342376709,-95.321907043457,1078.86206054688,-1.25993597507477,-16.1023235321045,14.8423871994019,4.52862215042114,-17.2672653198242,5.75805616378784,-20.9207782745361,175.032989501953,60.8626670837402,0.800000011920929,127.426361083984,123.366905212402,3.09999990463257,84.6356887817383,4.59999990463257,-0.0163298828125,0.029688561335206,0.120209537446499,0.325000017881393,10,2001,4034.33959960938,129.913024902344,144.521743774414,136,141.043487548828,134.478256225586,144,254.695693969727,203.478256225586,235.521743774414,230.521743774414,245.565231323242,209,220.782562255859,272,240.130462646484,240.130462646484,216.695587158203,257.782684326172,213.521743774414,211.60871887207,231.043487548828,230.478256225586,231.086975097656,226.521743774414,253.564895629883,91.3043060302734,191.739074707031,153.869537353516,268.217315673828,112.173835754395,248.695693969727,66.4782562255859,186.130462646484,124.478256225586,227.434875488281,94,46.6087188720703,79,79,80,79.4782562255859,80,79,457.956512451172,449.608734130859,443.739196777344,446.695709228516,447.652221679688,456.565246582031,328.521759033203,338.826049804688,325.217315673828,322.826049804688,321.739074707031,316.913024902344,379.043365478516,157.173614501953,236.912902832031,207.651870727539,284.565246582031,146.086639404297,2.48219020172911
96.7260982175695,38.9644254486842,61.4000000059605,-7.06866407394409,-14.0647077560425,-93.9460906982422,1079.49670410156,-1.39158689975739,-16.3637828826904,14.9721956253052,4.35035419464111,-17.4632911682129,5.5751485824585,-21.137113571167,179.314880371094,62.1394348144531,0.800000011920929,127.963455200195,126.651054382324,3.09999990463257,86.3119506835938,4.59999990463257,-0.016272673034668,0.0299478378146887,0.120209537446499,0.450000017881393,10,2001,4050.51416015625,129.497619628906,145.748809814453,136.748809814453,142.748809814453,135.12321472168,144.748809814453,257.876800537109,205.246429443359,237.872024536133,232.497619628906,247,210.497619628906,213.004776000977,267.507141113281,237.009536743164,237.758346557617,209.625595092773,255.014312744141,209.881561279297,215.497619628906,229.004776000977,228.87678527832,229.63037109375,225.87678527832,220.502380371094,81.0095443725586,172.895874023438,145.383941650391,242.531005859375,99.3839416503906,254.12321472168,68.995231628418,174.398254394531,119.50715637207,225.767883300781,94.3744049072266,42.635139465332,79,79.3744049072266,80,79.3744049072266,80,79.3744049072266,452.881561279297,441.89111328125,444.881561279297,445.758361816406,448.379180908203,451.635131835938,337.236877441406,343.611297607422,326.113677978516,325.364868164062,321.990447998047,322.488067626953,357.767883300781,124.630363464355,219.50715637207,186.985687255859,278.511932373047,118.369636535645,2.48242074927954
96.7350813704107,38.9644254486842,65.6000003218651,-7.03808975219727,-14.0721111297607,-93.953742980957,1080.81457519531,-1.38972449302673,-16.3682098388672,14.9784851074219,4.37382793426514,-17.4449195861816,5.60283136367798,-21.1351146697998,178.017135620117,61.8385620117188,0.800000011920929,127.308685302734,125.318099975586,3.09999990463257,86.0812225341797,4.64161920547485,-0.0163331390380859,0.0298262257128954,0.120209537446499,0.375,10,2001,4036.38525390625,131.330307006836,146.778686523438,137.778686523438,143.324523925781,136.440948486328,145.551605224609,256.7861328125,208.108993530273,240.446731567383,233.876129150391,247.908325195312,212.784469604492,207.068572998047,260.646606445312,227.86213684082,231.6845703125,206.612747192383,243.791107177734,206.715103149414,216.421966552734,223.522735595703,225.742385864258,225.450057983398,223.423629760742,219.350952148438,72.5433807373047,155.781219482422,138.795227050781,219.160247802734,91.8868942260742,255.668045043945,74.4772644042969,159.084243774414,114.009094238281,210.092544555664,96.251838684082,33.8811225891113,78.5458374023438,79.4351806640625,79.7729187011719,79.6622619628906,79.5458374023438,79.4351806640625,447.671356201172,427.987670898438,440.806762695312,439.230407714844,445.910003662109,444.243621826172,345.386444091797,356.590362548828,335.670501708984,335.254302978516,328.639953613281,332.332763671875,332.782165527344,123.856292724609,209.46745300293,200.933883666992,265.033935546875,127.772842407227,2.48265129682997
96.7530476760931,38.9644254486842,47.2999997437,-7.06858539581299,-13.9344968795776,-92.368896484375,1080.89953613281,-1.35494911670685,-16.4412879943848,15.0863380432129,4.33124780654907,-17.4930858612061,5.55731773376465,-21.1827449798584,180.338806152344,62.5878257751465,0.800000011920929,127.968894958496,127.439331054688,3.09999990463257,86.8556289672852,4.69999980926514,-0.0164540710449219,0.0295830015093088,0.116867624223232,0.225000008940697,10,2001,4062.27270507812,125.647926330566,148.784027099609,134.431945800781,142,131.837280273438,146.189346313477,265.730773925781,215.730773925781,248.136093139648,238.541427612305,259.325439453125,221.730773925781,218.434921264648,276.029602050781,235.488174438477,251.840240478516,214.650894165039,259.272186279297,227.08283996582,227.272186279297,232.86686706543,239.624267578125,240.86686706543,234.272186279297,233.893493652344,84.2721939086914,185.923080444336,145.162719726562,264.843200683594,101.109466552734,260.162719726562,71.6745529174805,195.38166809082,115,222.650894165039,93.2692260742188,41.5147933959961,77,78,78.4053268432617,79,78,78,446.215972900391,427.378692626953,440.242614746094,433.458587646484,442.458587646484,446.405334472656,326.295867919922,345.754425048828,327.485198974609,326.727813720703,316.674560546875,319.322479248047,302.946746826172,125.890533447266,211.056213378906,218.514801025391,284.707122802734,133.106506347656,2.48311239193084
96.7620308289343,38.9644254486842,50.9999990463257,-7.19539976119995,-13.7736730575562,-90.8974914550781,1079.26879882812,-1.39882957935333,-16.5528106689453,15.153980255127,4.20835542678833,-17.6045093536377,5.42211437225342,-21.2759876251221,182.393127441406,63.2971343994141,0.800000011920929,127.421997070312,128.539001464844,3.11107158660889,88.0398330688477,4.71107149124146,-0.0165145370483398,0.0294613894075155,0.116227589547634,0.325000017881393,10,2001,4084.88037109375,121.552635192871,150,132.447372436523,142,128.552627563477,147,272.342102050781,216.078948974609,252.105270385742,240.315795898438,265.894744873047,222.526321411133,230.552627563477,296.157897949219,247.578948974609,268.026306152344,226,277.052612304688,219.000015258789,225.815795898438,225.552642822266,236.000015258789,232.210540771484,232.368438720703,234.394744873047,93.1052627563477,205.657897949219,144.421051025391,283.5,107.105262756348,264.342102050781,64.6578979492188,196.34211730957,112.315795898438,229.526321411133,89.7894744873047,47.5526313781738,77,78,78.4473648071289,79,78,78,451.263153076172,437.5,446.394714355469,439.289459228516,446.947357177734,451.368408203125,329.73681640625,336.684204101562,328.605255126953,324.157897949219,320.842102050781,316.263153076172,329.368408203125,135.999984741211,237.210510253906,235.736831665039,330.710510253906,141.105239868164,2.48334293948127
96.7799971346167,38.9644254486842,52.0999990403652,-7.10889434814453,-13.6600561141968,-90.6458282470703,1074.66772460938,-1.31831252574921,-16.389627456665,15.0713138580322,4.24619579315186,-17.5006370544434,5.46357297897339,-21.1102561950684,181.957015991211,62.4500427246094,0.800000011920929,126.469734191895,127.811492919922,3.09999990463257,87.4605941772461,4.69999980926514,-0.0166074172973633,0.0292348302900791,0.116227589547634,0.25,10,2001,4056.79223632812,122.578918457031,149.032333374023,133,141.847183227539,128.152816772461,146.185134887695,272.777099609375,210,249.981109619141,240.921478271484,266.235534667969,216.439971923828,224.346786499023,305.356414794922,242.782135009766,271.014282226562,218.971893310547,290.565063476562,208.695190429688,220.708633422852,216.935729980469,224.014251708984,219.083938598633,225.588150024414,245.270309448242,92.3052062988281,192.082733154297,137.14778137207,275.852203369141,105.439552307129,254.032775878906,63.2036094665527,186.575531005859,109.764060974121,227.4130859375,91.5415649414062,36.356029510498,76.8471908569336,77.6943740844727,78.0323257446289,78.6943740844727,77.8471908569336,77.6943740844727,462.259033203125,448.967254638672,453.212432861328,452.101593017578,453.416046142578,458.4580078125,329.045806884766,330.171295166016,329.851837158203,323.884155273438,327.5,315.953826904297,377.117065429688,132.300231933594,217.498001098633,213.452224731445,311.66845703125,141.95344543457,2.48380403458213
96.7889802874579,38.9644254486842,49.1999983787537,-6.87322568893433,-13.6777868270874,-91.6861877441406,1071.55505371094,-1.14165234565735,-16.060094833374,14.9184417724609,4.41702365875244,-17.2458782196045,5.66008186340332,-20.8317604064941,180.459121704102,61.978385925293,0.800000011920929,126.989189147949,127.121276855469,3.10690665245056,86.7114028930664,4.72938776016235,-0.0166174545288086,0.0291431788355112,0.116227589547634,0.400000005960464,10,2001,4032.72973632812,125.315582275391,148.337997436523,132.994430541992,141.337997436523,128.65087890625,146.011123657227,260.950561523438,209.983306884766,243.966934204102,241.310180664062,255.953277587891,219.672973632812,220.723358154297,304.080749511719,245.175003051758,279.761657714844,218.435272216797,292.502044677734,214.166732788086,219.482803344727,217.189315795898,223.856872558594,222.513153076172,223.142105102539,262.440185546875,85.6596221923828,190.435272216797,132.726226806641,280.173645019531,101.086471557617,269.95166015625,61.3575477600098,205.937850952148,112.298896789551,243.873947143555,89.9861755371094,36.3378372192383,76.3268661499023,76.6648635864258,77.3324356079102,77.6648635864258,77.3268661499023,76.6648635864258,455.246612548828,441.986480712891,447.224182128906,447.240875244141,445.570617675781,452.293823242188,330.586669921875,337.868713378906,335.580932617188,328.902252197266,331.916229248047,324.569641113281,386.3251953125,138.744812011719,210.731460571289,214.116348266602,297.215759277344,152.082641601562,2.48403458213257
96.7979634402991,38.9644254486842,49.1999983787537,-6.82704067230225,-13.5948934555054,-92.2881088256836,1065.44287109375,-1.09776079654694,-15.8292236328125,14.7314624786377,4.42011404037476,-17.1407108306885,5.6534595489502,-20.6813659667969,181.514938354492,61.6793365478516,0.800000011920929,125.795265197754,127.143646240234,3.12634468078613,86.739143371582,4.7557315826416,-0.0166274917602539,0.0290515273809433,0.115180417895317,0.25,10,2001,4038.22802734375,124.918823242188,148.520294189453,132.479705810547,141.520294189453,127.439117431641,147.040588378906,250.398529052734,208.439117431641,237.918823242188,238.918823242188,246.398529052734,222,224.723236083984,310.804412841797,263.608825683594,293.284118652344,228.365295410156,308.608825683594,231.088531494141,231.568237304688,233.210296630859,240.210296630859,239.6494140625,234.047943115234,278.804412841797,81.5202941894531,200.365295410156,136.243530273438,267.391174316406,106.845001220703,275.195587158203,62.6014709472656,209.154998779297,110.357940673828,240.431762695312,87.9594116210938,38,75.4797058105469,76,77,77,76.4797058105469,76,443.236175537109,437,434.634704589844,436.195587158203,433.195587158203,445.398529052734,325.67529296875,330.952056884766,331.634704589844,323.594116210938,327.154998779297,321.073822021484,418.656768798828,152.202941894531,217.723236083984,229.365295410156,284.594116210938,167.202941894531,2.484265129683
96.8069465931403,38.9644254486842,49.6999993920326,-6.8245415687561,-13.4883460998535,-92.2619094848633,1058.82604980469,-1.10840463638306,-15.7291259765625,14.6207208633423,4.36697673797607,-17.07541847229,5.58682537078857,-20.5616188049316,182.627258300781,61.6460571289062,0.800000011920929,125.157974243164,127.484985351562,3.20974135398865,87.0474090576172,4.75817155838013,-0.0166375289916992,0.0289598759263754,0.112395882606506,0.25,10,2001,4051.61840820312,122.626960754395,149.373046875,131.626953125,141.626953125,126.373039245605,148.373046875,247.253921508789,205.507843017578,236.746078491211,235.134796142578,245.119125366211,219.761764526367,244.175537109375,311.658325195312,282.849517822266,301.119110107422,248.937286376953,312.927917480469,246.119125366211,248.730407714844,255.595611572266,262.222564697266,255,252.968643188477,282.642639160156,82,203.777435302734,137.150482177734,253.746078491211,110.15047454834,265.761749267578,62.0156784057617,199.880874633789,110.357360839844,231.103439331055,87.7460784912109,40.6112823486328,75.3730392456055,76.3730392456055,77,77.3730392456055,76.3730392456055,76.3730392456055,444.833862304688,441.849517822266,431.222564697266,434.222564697266,434.579925537109,447.849517822266,309.047027587891,309.420074462891,312.554870605469,303.554870605469,310.793121337891,300.181823730469,443.015686035156,144.689666748047,221.880874633789,236.507843017578,265.300964355469,158.570541381836,2.48449567723343
96.8159297459814,38.9644254486842,50.4000000655651,-6.861900806427,-13.3232641220093,-90.8956909179688,1051.1826171875,-1.10761833190918,-15.7668199539185,14.659200668335,4.27152538299561,-17.0269069671631,5.50348520278931,-20.4657745361328,185.256256103516,61.7017364501953,0.800000011920929,125.729568481445,129.850189208984,3.21484041213989,87.3587875366211,4.75817155838013,-0.0166475662231445,0.0288682244718075,0.112395882606506,0.275000005960464,10,2001,4068.3505859375,121.660705566406,149.436065673828,131.112319946289,140.886520385742,126.436065673828,148.436065673828,245.095611572266,204.804107666016,239.356002807617,232.335800170898,246.88883972168,217.802947998047,265.086669921875,309.006195068359,293.604339599609,307.856567382812,270.599304199219,307.613250732422,248.114654541016,256.586486816406,260.831329345703,270.330749511719,255.225799560547,263.009338378906,283.430206298828,79.5161361694336,199.056335449219,128.42790222168,260.872131347656,102.105323791504,263.802947998047,58.5759773254395,200.820816040039,114.763313293457,237.44189453125,88.7753601074219,43.762149810791,75.8876800537109,76.8876800537109,76.7741928100586,77.6618728637695,76.6618728637695,76.8876800537109,456.318695068359,449.443054199219,440.685577392578,441.201721191406,446.868255615234,454.991455078125,295.566650390625,293.970458984375,298.370758056641,288.693328857422,298.342010498047,282.773406982422,416.995391845703,131.771057128906,222.143402099609,231.287994384766,264.339630126953,139.81770324707,2.48472622478386
96.8249128988226,38.9644254486842,53.7000000476837,-6.82734775543213,-13.21644115448,-91.1392822265625,1042.1767578125,-1.08087623119354,-15.5829792022705,14.5021028518677,4.23744916915894,-16.9030666351318,5.46314668655396,-20.2799320220947,185.649139404297,62.3210182189941,0.800000011920929,125.670486450195,130.208419799805,3.24393272399902,88.2634658813477,4.77973031997681,-0.0166576049804688,0.0287765711545944,0.112395882606506,0.5,10,2001,4079.32275390625,120.440567016602,148.597747802734,130.921401977539,140.338165283203,125.440567016602,147.519149780273,242.219299316406,207.756896972656,243.025772094727,231.259582519531,247.583236694336,219.780700683594,274.014343261719,326.099761962891,306.213745117188,323.330505371094,286.972778320312,328.379913330078,249.480850219727,261.841705322266,256.383819580078,272.861419677734,255.26887512207,267.744506835938,295.1630859375,75.7415313720703,204.480682373047,124.143783569336,277.427673339844,98.736328125,266.252227783203,58.9069023132324,204.651412963867,115.259574890137,239.985488891602,88.5284576416016,43.3619766235352,75.9214096069336,77,76.2595748901367,77.2595748901367,76.2595748901367,77,460.535614013672,453.983367919922,447.718566894531,442.809722900391,451.109558105469,457.638031005859,289.983520507812,284.253509521484,295.976196289062,284.990692138672,293.219299316406,274.955627441406,363.978576660156,137.72053527832,227.416595458984,224.419998168945,289.801788330078,135.416763305664,2.48495677233429
96.8338960516638,38.9644254486842,51.5000000596046,-6.80525207519531,-13.0804681777954,-90.4304428100586,1034.18249511719,-1.01211249828339,-15.4773874282837,14.465274810791,4.22438097000122,-16.7852725982666,5.43028497695923,-20.1215305328369,183.945297241211,61.5266418457031,0.800000011920929,124.57341003418,128.277648925781,3.31789898872375,87.5518951416016,4.85369682312012,-0.0165622375488281,0.0288109965622425,0.112395882606506,0.566666662693024,10,2001,4083.19897460938,119.406814575195,148.593185424805,130.406814575195,140.593185424805,124.406814575195,147,240.406814575195,211.37272644043,243.813629150391,231,246.813629150391,221.593185424805,285.863647460938,366.556854248047,323.236389160156,350.913665771484,299.118194580078,366.031829833984,250,251.577255249023,250.440902709961,266.695434570312,252.440902709961,262.102264404297,303.965911865234,85.2363739013672,216.084106445312,133.643188476562,300.388641357422,104.897735595703,271.152282714844,57.627269744873,197.729537963867,115,239.220458984375,85.4409027099609,41.8136367797852,75.4068145751953,77,76,77,76,77,463.372741699219,461.711364746094,452.372741699219,446.152282714844,455.745452880859,459.186370849609,286.627258300781,287.304565429688,297.779541015625,287.55908203125,291.406829833984,279.304565429688,324.390899658203,144.965911865234,239.270462036133,225.931823730469,304.593170166016,136.186370849609,2.48518731988473
96.842879204505,38.9644254486842,51.5000000596046,-6.80399990081787,-12.9320659637451,-89.991943359375,1024.39245605469,-1.00733590126038,-15.3778791427612,14.3705434799194,4.14221334457397,-16.6782054901123,5.35215282440186,-19.9629192352295,187.800155639648,62.2550430297852,0.800000011920929,124.70726776123,131.098739624023,3.32093262672424,88.7968215942383,4.85369682312012,-0.0164658386230469,0.0288495719432831,0.112395882606506,0.349999994039536,10,2001,4085.53588867188,117.662117004395,148.55403137207,129.55403137207,140.10807800293,123.554039001465,146.55403137207,228.850952148438,201.850952148438,224.269592285156,213.607467651367,232.621139526367,210.404983520508,288.648468017578,377.837280273438,326.310577392578,361.756530761719,297.756530761719,376.850952148438,240.188827514648,232.972686767578,236.850952148438,250.742874145508,241.526718139648,248.418640136719,295.742858886719,92.7701873779297,218.094421386719,141.216156005859,291.147857666016,107.878265380859,274.445953369141,56.8919258117676,195.797515869141,114.10807800293,238,81.2161483764648,45.9055824279785,75,77,76.4459609985352,77,76.4459609985352,77.4459609985352,463.216156005859,465.216156005859,452.216156005859,445.878265380859,457.216156005859,453.756530761719,296.595031738281,302.365203857422,311.486938476562,303.378875732422,301.257141113281,298.378875732422,279.552825927734,147.44596862793,229.161514282227,219.296905517578,284.039764404297,132.094421386719,2.48541786743516
96.8518623573462,38.9644254486842,54.6999983489513,-6.77394914627075,-12.8046321868896,-89.4813385009766,1016.02996826172,-1.00255930423737,-15.3124895095825,14.3099308013916,4.10713863372803,-16.5671882629395,5.30751371383667,-19.8058376312256,188.794616699219,62.1780776977539,0.800000011920929,123.911285400391,131.262649536133,3.3186502456665,88.843505859375,4.84795045852661,-0.0163694396972656,0.0288914553821087,0.115026243031025,0.450000017881393,10,2001,4081.4697265625,117.014892578125,148.039535522461,129.935821533203,139.079071044922,123.637062072754,145.740768432617,217.183471679688,187.793380737305,199.672943115234,190.853088378906,214.198501586914,194.339111328125,277.3955078125,349.887603759766,312.617828369141,347.383239746094,283.980773925781,350.245422363281,214.230514526367,222.815383911133,218.013198852539,231.440322875977,220.099517822266,234.29443359375,274.348999023438,85.7162628173828,205.264633178711,135.871780395508,260.858367919922,98.899055480957,277.649322509766,60.0122566223145,203.083541870117,114.274116516113,241.58512878418,82.4445190429688,53.9551811218262,75.2987594604492,77.2987594604492,76.9604644775391,77,76.9604644775391,77.9604644775391,461.755676269531,459.871765136719,448.664337158203,440.484191894531,457.249481201172,443.864654541016,324.013824462891,317.352386474609,333.660766601562,327.776733398438,322.949768066406,321.880432128906,260.982299804688,126.748413085938,199.917404174805,197.986053466797,260.455749511719,114.783218383789,2.48564841498559
96.8698286630286,38.9644254486842,62.5,-6.94577121734619,-12.4774494171143,-86.9250030517578,1001.24658203125,-1.04230988025665,-15.3975076675415,14.3551979064941,3.8769736289978,-16.5489482879639,5.06320095062256,-19.7085666656494,193.453277587891,63.900562286377,0.800000011920929,124.452659606934,134.972930908203,3.39552545547485,91.5284881591797,4.79999971389771,-0.016176643371582,0.0289870072156191,0.116114668548107,0.5,10,2001,4088.85791015625,116.993064880371,149.332061767578,128.665420532227,138.342803955078,122.988655090332,145.670455932617,220.402740478516,180.727264404297,200.271453857422,186.321334838867,209.978530883789,186.982330322266,259.433227539062,318.041046142578,293.046234130859,324.517150878906,267.024780273438,312.955230712891,198.337020874023,230.056747436523,213.727188110352,222.395126342773,214.592102050781,231.73161315918,256.429840087891,74.3207168579102,179.35041809082,137.24494934082,264.206420898438,88.0025177001953,285.3232421875,66.9715957641602,201.123062133789,119.668548583984,243.344085693359,91.3099822998047,55.3554420471191,75.9955825805664,78.0044174194336,77.6616134643555,78.3320617675781,77.6616134643555,78.0044174194336,437.681945800781,424.657348632812,426.289245605469,414.647216796875,435.336608886719,414.297485351562,363.319427490234,345.947540283203,360.317535400391,361.962066650391,350.405242919922,353.970916748047,291.780944824219,89.5618591308594,184.708908081055,175.258880615234,246.701431274414,100.96459197998,2.48610951008646
96.8788118158698,38.9644254486842,61.2000003457069,-7.03188848495483,-12.3250150680542,-85.5834121704102,996.46923828125,-1.04027318954468,-15.4430484771729,14.4027757644653,3.78951168060303,-16.5546951293945,4.96434736251831,-19.7061519622803,195.385345458984,64.4007797241211,0.800000011920929,125.369850158691,137.171936035156,3.16456699371338,92.7301712036133,4.12969303131104,-0.0162067611694336,0.0289563611149788,0.116114668548107,0.325000017881393,10,2001,4102.21923828125,114.962310791016,150,126.481155395508,139.037689208984,120.443458557129,146.518844604492,229.301528930664,185.744995117188,198.773849487305,186.962310791016,209.924621582031,184.924621582031,228.982315063477,319.150756835938,256.756164550781,303.840393066406,230.680786132812,305.292694091797,210.594223022461,242.782684326172,227.301528930664,235.301528930664,219.773849487305,245.820388793945,270.933471679688,72.4434585571289,176.037689208984,132.660766601562,260.028839111328,89.5188446044922,284.962310791016,64.8869247436523,213.008834838867,121.518844604492,240.518844604492,89.4057693481445,55.075382232666,75.4811553955078,78.5188446044922,77.4811553955078,79,77.4811553955078,78.5188446044922,423.962310791016,406.849243164062,409.736145019531,399.330383300781,419.40576171875,396.255004882812,364.962310791016,350.849243164062,362.962310791016,364.886932373047,360.820373535156,357.924621582031,296.933471679688,85.1042327880859,193.707305908203,166.179611206055,242.594223022461,105.405769348145,2.48634005763689
97.8759417812425,38.9644254486842,45.6000007688999,-7.19266033172607,-12.2562675476074,-89.8395538330078,969.773010253906,-1.61328625679016,-15.2760782241821,13.6627922058105,3.28870344161987,-16.3842945098877,4.3946475982666,-19.4908351898193,239.005767822266,73.4783935546875,0.469547688961029,123.477752685547,172.347534179688,2.21131229400635,118.296897888184,2.27819085121155,-0.0189736328125,0.0228588078171015,0.096516415476799,0.375,10,2001,4067.9931640625,111.846549987793,148.252975463867,127.656814575195,143.223434448242,120.656814575195,146.316223144531,245.041976928711,190.056503295898,203.45100402832,196.0673828125,209.078277587891,186.376876831055,230.696212768555,335.880249023438,249.705535888672,289.732482910156,230.324508666992,318.117156982422,199.648529052734,211.849136352539,211.090194702148,217.34992980957,204.587875366211,217.048217773438,319.290832519531,72.0834579467773,177.414215087891,125.135818481445,229.699844360352,102.82788848877,284.215148925781,58.2970428466797,235.135818481445,146.212554931641,256.935211181641,82.3525161743164,51.760498046875,74.2234344482422,78.4401245117188,75.8802490234375,77.4401245117188,75.9434967041016,78.4401245117188,403.781768798828,413.975646972656,393.237945556641,395.888031005859,403.795227050781,400.975646972656,396.569732666016,374.175231933594,395.608612060547,386.105224609375,391.023315429688,382.256072998047,347.618469238281,109.098495483398,241.29963684082,166.189743041992,281.492492675781,120.911354064941,2.51193083573487
97.8849249340837,38.9644254486842,41.7000018060207,-6.9564003944397,-12.4992074966431,-95.1741409301758,963.33349609375,-1.58558094501495,-14.7271480560303,13.1415672302246,3.5026478767395,-16.0477046966553,4.62346172332764,-19.1431083679199,237.205810546875,73.6047668457031,0.408413112163544,123.701377868652,171.281005859375,1.8504786491394,117.007431030273,2.03365254402161,-0.0181367706298828,0.0242554936558008,0.096516415476799,0.400000005960464,10,2001,4039.09985351562,113.147880554199,150.295761108398,127.426063537598,144.573944091797,120.426063537598,148.869705200195,232.225448608398,177.538787841797,194.390899658203,184.816970825195,199.095138549805,175.538787841797,214.633926391602,337,238.799392700195,276.503631591797,220.243026733398,324.869689941406,201.165451049805,205.278182983398,209.278182983398,219.721817016602,208.609100341797,217.165451049805,320.278167724609,68.1303024291992,187.200607299805,120.426063537598,223.556365966797,93.8169631958008,287.313323974609,50.4436378479004,219.538787841797,157.183029174805,260.313323974609,87.7393951416016,54,75.5739364624023,79,77,78,77.5739364624023,79,408.461212158203,419.313323974609,405.774566650391,406.052734375,412.756988525391,406.313323974609,390.373321533203,375.408477783203,384.373321533203,373.799377441406,378.781799316406,376.521209716797,365.950347900391,105.538780212402,236.461212158203,167.721817016602,309.784881591797,118.834541320801,2.5121613832853
97.8939080869249,38.9644254486842,41.7000018060207,-7.14592599868774,-12.449254989624,-96.7814636230469,953.786865234375,-1.75035715103149,-14.6300392150879,12.8796815872192,3.32907009124756,-16.0894832611084,4.44493818283081,-19.1251678466797,239.385116577148,75.1117401123047,0.408413112163544,124.391159057617,173.470077514648,1.84261381626129,117.733253479004,2.03365254402161,-0.0172999099731445,0.025652177631855,0.096516415476799,0.275000005960464,10,2001,4001.56860351562,113.572166442871,152,126.572166442871,145.427841186523,120,151,216.865966796875,168.57731628418,188.427841186523,176.716491699219,190.144332885742,168.288650512695,206.134033203125,325.020599365234,232.850524902344,259.438140869141,214.711349487305,308.175201416016,201.57731628418,202.716491699219,206.288650512695,218.860824584961,212.005142211914,218.005142211914,310.015441894531,63.0051460266113,188.015441894531,115.293800354004,216.293807983398,84.8608169555664,285.582458496094,49.1494750976562,214.427841186523,158.010299682617,255.159774780273,87.7216415405273,54,76.4278335571289,79.4278335571289,77.4278335571289,78.4278335571289,78,79.4278335571289,419.134033203125,430.845367431641,421.989715576172,420.134033203125,424.278350830078,419.556732177734,379.288665771484,366.438140869141,371.149475097656,361.005157470703,364.716491699219,362.438140869141,367.922576904297,93.5824584960938,227.881408691406,164.721633911133,307.922576904297,106.871109008789,2.51239193083574
97.9028912397661,38.9644254486842,48.200000077486,-6.54200315475464,-12.9728918075562,-105.158836364746,955.6240234375,-1.3812974691391,-13.7326583862305,12.3513612747192,3.93869662284851,-15.5141696929932,5.08279180526733,-18.5776176452637,229.613174438477,71.1140899658203,0.403913199901581,124.362350463867,166.737701416016,1.81565272808075,114.57861328125,2.01565265655518,-0.0164630477905273,0.0270488634705544,0.110489934682846,0.300000011920929,10,2001,3948.24389648438,113.343307495117,152,125.779808044434,145.938446044922,120,150.718246459961,209.611709594727,159.139190673828,184.712173461914,169.831405639648,185.742095947266,160.329452514648,209.443771362305,310.723663330078,235.473709106445,253.645523071289,218.726028442383,287.962615966797,193.829711914062,202.875183105469,201.428726196289,213.208526611328,203.07763671875,213.022155761719,303.519012451172,61.684928894043,178.701507568359,114.748680114746,215.466934204102,82.3077926635742,277.078125,45.681037902832,207.049392700195,142.972793579102,244.542877197266,84.5878524780273,54,76.9384384155273,79.9384384155273,77.9384384155273,78.9384384155273,78,79.9384384155273,423.570770263672,435.634033203125,428.292907714844,423.443786621094,430.229675292969,424.697296142578,382.317779541016,361.490783691406,370.216796875,363.347686767578,367.410949707031,362.280548095703,315.153228759766,86.4868927001953,204.832916259766,169.19514465332,255.153244018555,99.4236373901367,2.51262247838617
97.9388238511308,38.9644254486842,64.1999989748001,-5.28635025024414,-14.2511692047119,-120.296829223633,981.234313964844,-0.212772756814957,-12.0651969909668,11.8524236679077,5.52236557006836,-14.4896993637085,6.86759948730469,-17.5409603118896,211.331237792969,64.318359375,0.400000005960464,123.58715057373,153.96272277832,1.79105043411255,107.577217102051,2,-0.0140131744384766,0.0304329767823219,0.1135189011693,0.349999994039536,10,2001,3737.10888671875,116.229393005371,149.645874023438,127.354118347168,141.875274658203,121.29175567627,147.645874023438,195.583511352539,146.291763305664,160.229400634766,148.229400634766,163.229400634766,145.645874023438,185.875274658203,263.022247314453,200.937637329102,221.959884643555,194,243.14697265625,207.708236694336,180.979934692383,197.458786010742,203.271697998047,189.937637329102,197.625823974609,279.835144042969,65.8129119873047,155.708236694336,114.416481018066,201.481033325195,86.4587860107422,267.104675292969,33.8329696655273,173.104675292969,99.0623626708984,227.521148681641,61.5835151672363,38.7082405090332,77,80,78,79.354118347168,77.354118347168,79.354118347168,417.645874023438,430.249450683594,405.374176025391,400.374176025391,414.124725341797,412.124725341797,374.645874023438,388.770599365234,397.167022705078,396.708251953125,395.937622070312,390.895324707031,285.124725341797,81.4387283325195,163.187088012695,153.772796630859,224.124725341797,82.2917556762695,2.5135446685879
96.6003340777928,38.955442295843,50.2000004053116,-6.56169414520264,-13.7497816085815,-99.8762664794922,1037.265625,-1.07305896282196,-14.8419780731201,13.7689189910889,4.55248546600342,-16.5413608551025,5.79989290237427,-19.8054370880127,168.268890380859,59.5730590820312,0.800000011920929,127.272689819336,117.715553283691,3.09999990463257,81.684440612793,4.5,-0.0173321334838867,0.0254656318575144,0.0926133096218109,0.200000002980232,10,2001,4040.63159179688,127.054084777832,146.728225708008,132.543563842773,139.543563842773,130.543563842773,146.391159057617,264.891052246094,213.663513183594,254.445236206055,243.162826538086,261.836395263672,218.337066650391,334.377624511719,341.336303710938,340.965423583984,321.303863525391,326.6494140625,334.618713378906,200.120346069336,228.118988037109,218.087310791016,221.424392700195,207.934906005859,230.152603149414,271.878295898438,79.7506332397461,222.033996582031,142.315826416016,279.870208740234,94.5230941772461,255.858993530273,65.3594818115234,172.348266601562,113.021827697754,219.065490722656,94.1412048339844,34.0652885437012,76.7282180786133,78,78.0652923583984,79,78,78,493.487518310547,483.466278076172,471.966369628906,471.021057128906,483.314086914062,479.118591308594,306.392120361328,288.414733886719,309.9462890625,307.554565429688,308.816314697266,291.45703125,391.327056884766,226.686630249023,304.68994140625,300.644714355469,392.28564453125,222.52360534668,2.47976478727084
96.609317230634,38.955442295843,48.700001090765,-6.55466604232788,-13.6772480010986,-98.3454208374023,1039.9677734375,-0.994760692119598,-14.9049968719482,13.9102363586426,4.56361818313599,-16.5836009979248,5.80715799331665,-19.8429355621338,168.679885864258,59.898265838623,0.800000011920929,127.412506103516,118.131790161133,3.09999990463257,82.1291275024414,4.5,-0.017254035949707,0.0254183392971754,0.0922882780432701,0.200000002980232,10,2001,4049.63745117188,125.513771057129,146.461502075195,133.450164794922,140.450164794922,131.325775146484,145.674224853516,259.831024169922,214.284851074219,252.063598632812,239.613433837891,258.240264892578,219.409240722656,324.789703369141,349.054779052734,337.112670898438,327.611083984375,317.328216552734,343.504943847656,213.226959228516,231.39143371582,226.223297119141,231.130096435547,216.064437866211,237.103775024414,268.700164794922,81.8120040893555,218.471237182617,140.590759277344,284.285308837891,99.9023895263672,260.913726806641,68.5109558105469,178.627212524414,116.019859313965,225.447357177734,94.4141082763672,36.3634376525879,76.3371124267578,78,78,79,78,78,485.028747558594,474.57373046875,465.924224853516,464.136932373047,477.503662109375,469.994293212891,301.744293212891,294.159240722656,307.852478027344,304.857360839844,306.556304931641,293.114654541016,400.51513671875,181.876190185547,276.763214111328,252.430892944336,356.551239013672,175.312957763672,2.4799953879857
96.6183003834751,38.955442295843,53.3999986946583,-6.69020843505859,-13.5067510604858,-96.0336532592773,1040.3671875,-1.05273532867432,-15.1216917037964,14.0689563751221,4.43106317520142,-16.7539558410645,5.66024971008301,-19.9936237335205,170.606704711914,60.6418266296387,0.800000011920929,128.034072875977,119.98176574707,3.09999990463257,83.1725158691406,4.5,-0.0171759368896484,0.0253710485994816,0.0922882780432701,0.275000005960464,10,2001,4082.18896484375,124.360130310059,147.279739379883,133.360137939453,140.360137939453,130.720260620117,146.279739379883,254.520935058594,216.559463500977,251,238.639862060547,255.720260620117,222.199340820312,301.405303955078,334.964782714844,315.765441894531,318.643188476562,293.125579833984,329.324890136719,222.758804321289,228.241195678711,228.08039855957,237.839202880859,225.318283081055,234.321594238281,257.842529296875,82.3601303100586,211.041854858398,137.800659179688,275.922912597656,98.2411956787109,260.160797119141,70,198.035232543945,120.479072570801,228,93.0803985595703,46.1574821472168,76.6398696899414,78,78,79,78,78,470.922912597656,464.681732177734,455.762115478516,453.762115478516,463.643188476562,463.800659179688,306.318267822266,307.716949462891,316.157470703125,309.038543701172,311.678405761719,301.877746582031,367.450469970703,157.241195678711,264,223.762115478516,342.839202880859,151.160797119141,2.48022598870057
96.6272835363163,38.955442295843,53.3999986946583,-6.94208240509033,-13.24049949646,-93.0625534057617,1038.78137207031,-1.20785713195801,-15.4400014877319,14.2321443557739,4.17675542831421,-17.0096855163574,5.39479112625122,-20.2171802520752,173.547164916992,61.2427558898926,0.800000011920929,128.391357421875,122.460426330566,3.09999990463257,84.3489379882812,4.5,-0.017108137512207,0.0254744868725538,0.0922882780432701,0.300000011920929,10,2001,4138.099609375,122.522575378418,148.492477416992,131.522583007812,140.492477416992,128.03010559082,147.984954833984,237.718231201172,207.165557861328,235.733291625977,223.733291625977,239.733291625977,212.180603027344,274.688140869141,313.135467529297,295.090301513672,300.642974853516,270.612884521484,308.120391845703,231.909698486328,225.984954833984,230.447326660156,242.462371826172,234.432266235352,234.924743652344,253.462371826172,86.4322738647461,205.015045166016,134.03010559082,263.567718505859,100.909698486328,263.417205810547,65.0752563476562,205.090301513672,115.612884521484,225.045150756836,88.0602035522461,44.6279335021973,76.5075225830078,78.4924774169922,77.5075225830078,79,77.5075225830078,78.4924774169922,459.552673339844,457.537628173828,448.522583007812,446.030090332031,452.537628173828,459.045166015625,308.537628173828,316.984954833984,320.537628173828,312.015045166016,313.537628173828,306.030090332031,316.838653564453,157.939804077148,250.703186035156,215.537628173828,322.346160888672,145.060195922852,2.48045658941543
96.6901656062047,38.955442295843,47.800000756979,-6.83378791809082,-13.8559427261353,-95.7423782348633,1060.96630859375,-1.16590118408203,-15.63893699646,14.4730358123779,4.44910001754761,-17.0052585601807,5.69946146011353,-20.5619678497314,176.584503173828,61.4426689147949,0.800000011920929,126.166305541992,123.182899475098,3.39403891563416,84.8799514770508,5.63426303863525,-0.0168332901000977,0.0287734344601631,0.11359766125679,0.300000011920929,10,2001,4035.80932617188,125.853828430176,147.167449951172,131.910018920898,138.337493896484,127.73006439209,145.291213989258,232.755416870117,183.341567993164,208.284240722656,199.476699829102,219.801696777344,189.46533203125,257.778289794922,289.947814941406,285.284362792969,279.109252929688,255.125686645508,284.170318603516,210.231292724609,224.013824462891,225.92497253418,228.882415771484,229.688827514648,231.287490844727,234.426498413086,70.4147872924805,195.377426147461,124.984855651855,255.128768920898,83.0522766113281,248.184295654297,64.6150817871094,182.535949707031,109.418701171875,213.503295898438,84.8887405395508,35.4961776733398,77.5725173950195,79.5725173950195,78.5725173950195,79.5725173950195,78.5725173950195,79.5725173950195,474.246063232422,455.482543945312,459.842468261719,457.897521972656,461.808685302734,467.636352539062,316.398895263672,319.841125488281,314.322540283203,313.220062255859,307.839996337891,300.862426757812,313.139373779297,110.307113647461,222.816772460938,192.320449829102,261.127624511719,113.369819641113,2.48207079441946
96.7260982175695,38.955442295843,56.2999993562698,-6.81993389129639,-14.2295913696289,-97.4398880004883,1073.09240722656,-1.31012904644012,-15.9138965606689,14.6037673950195,4.5420446395874,-17.0979385375977,5.78945255279541,-20.7910652160645,174.095840454102,60.7975273132324,0.800000011920929,127.438598632812,122.662536621094,3.09999990463257,84.4340591430664,4.59999990463257,-0.016666748046875,0.0296808108687401,0.120209537446499,0.325000017881393,10,2001,4025.37573242188,127.815948486328,145.591217041016,135.534744262695,141.731826782227,133.731826782227,143.534744262695,253.476669311523,204.140594482422,235.08251953125,228.491302490234,247.604248046875,211.662322998047,226.29362487793,300.076782226562,250.587844848633,261.953887939453,223.068893432617,281.143493652344,208.137832641602,212.572647094727,220.95378112793,227.449462890625,224.488525390625,222.040679931641,243.748504638672,86.7117614746094,209.993087768555,153.84049987793,275.08203125,105.218856811523,247.832916259766,66.1840515136719,194.001724243164,120.889823913574,230.105911254883,92.9565505981445,45.0738754272461,78.1406021118164,80,79.1406021118164,80,79.1406021118164,79.3376770019531,447.712799072266,440.656341552734,444.896850585938,440.979370117188,445.375122070312,448.866424560547,344.008758544922,346.77099609375,334.149353027344,331.233489990234,330.136352539062,328.895812988281,407.322448730469,125.886657714844,212.993896484375,196.309616088867,315.346160888672,133.350738525391,2.48299319727891
96.7350813704107,38.955442295843,56.2999993562698,-6.84079074859619,-14.2041625976562,-96.8339080810547,1073.91394042969,-1.29999995231628,-15.9688940048218,14.6688938140869,4.51943683624268,-17.1368675231934,5.76792335510254,-20.8247470855713,174.362228393555,61.3739356994629,0.800000011920929,127.692779541016,123.019561767578,3.09999990463257,85.1260299682617,4.64161920547485,-0.016717529296875,0.0295782908797264,0.120209537446499,0.325000017881393,10,2001,4025.48876953125,128.374389648438,147.036666870117,136.474044799805,143.036666870117,135.086502075195,144.374389648438,257.110015869141,203.750869750977,237.83528137207,229.54948425293,250.22282409668,210.98893737793,202.536529541016,283.748291015625,227.27424621582,248.031311035156,200.198806762695,266.43408203125,208.285797119141,213.671249389648,221.809661865234,225.924560546875,226.23388671875,222.060882568359,231.671356201172,78.2339859008789,188.398803710938,147.558547973633,241.596115112305,98.8831100463867,252.237380981445,65.7252578735352,177.717086791992,118.64225769043,222.558547973633,93.3245620727539,42.7661209106445,78.0498275756836,79.9501724243164,79.0498275756836,80,79.0498275756836,79.6622848510742,455.779174804688,447.618621826172,451.806884765625,450.941101074219,452.718292236328,457.716186523438,335.935028076172,338.710113525391,326.333618164062,322.472045898438,321.09765625,319.560638427734,386.021636962891,119.883697509766,231.521682739258,193.244934082031,289.422332763672,123.24772644043,2.48322379799377
96.7440645232519,38.955442295843,56.8999983370304,-6.86955785751343,-14.130916595459,-96.0203323364258,1074.35119628906,-1.29247772693634,-16.0097370147705,14.7172594070435,4.49236345291138,-17.1698570251465,5.73555612564087,-20.859827041626,176.651123046875,61.8798332214355,0.800000011920929,127.867523193359,124.815406799316,3.09999990463257,85.8281936645508,4.69999980926514,-0.0167683120727539,0.0294757708907127,0.120209537446499,0.300000011920929,10,2001,4025.68090820312,128.435165405273,146.870330810547,137.564834594727,142.870330810547,135.435165405273,144.435165405273,256.610992431641,201.175827026367,238.30549621582,227.610992431641,251.435165405273,207.610992431641,176.0087890625,255.054946899414,197.490112304688,219.536270141602,173.443954467773,236.665939331055,210.69450378418,219.518676757812,225.824172973633,228.953842163086,230.824172973633,225.953842163086,225.564834594727,70.8703308105469,168.610992431641,139.740661621094,214.610992431641,90.6109924316406,246.527481079102,66.6945037841797,165.564834594727,108.96263885498,214.740661621094,92.8703308105469,38.1758232116699,78.5648345947266,79.4351654052734,79.5648345947266,80,79.5648345947266,79.4351654052734,463.824188232422,450.740661621094,453.610992431641,456.305480957031,456.870330810547,464.564849853516,325.481323242188,329.740661621094,320,314.305480957031,312.870330810547,309.046142578125,363.962646484375,128.472518920898,230.360443115234,201.213180541992,268.786804199219,133.426376342773,2.48345439870864
96.7530476760931,38.955442295843,56.2999993562698,-6.89604806900024,-14.0418453216553,-94.7299346923828,1074.65576171875,-1.27587556838989,-16.0998802185059,14.8240051269531,4.47267532348633,-17.2022171020508,5.70717239379883,-20.8941955566406,179.072326660156,62.4271469116211,0.800000011920929,128.114501953125,126.574523925781,3.09999990463257,86.4100036621094,4.69999980926514,-0.0168190948486328,0.0293732527643442,0.116867624223232,0.275000005960464,10,2001,4039.69555664062,127.582420349121,146,137.164840698242,141.582412719727,135,143.582412719727,256.505493164062,202.34065246582,240.758239746094,229.175811767578,253.923065185547,207.087905883789,195.230712890625,266.2197265625,217.824111938477,227.637313842773,190.977966308594,249.395553588867,216.175811767578,221.329666137695,228,232.835159301758,232.582412719727,230.670333862305,232.681304931641,77.516471862793,187.296661376953,147.604385375977,242.90104675293,95.9340515136719,246.263732910156,65.0769271850586,175.604385375977,107.846145629883,215.923065185547,94.0879058837891,38.0879096984863,78.1648330688477,78.5824203491211,79.5824203491211,80,79.5824203491211,79,469.758239746094,456.516479492188,460.604370117188,461.263732910156,463.934051513672,469.593383789062,314.065948486328,322.153869628906,310.813201904297,305.483520507812,304.065948486328,299.736267089844,362.010986328125,139.593399047852,235.626342773438,211.846145629883,274.857116699219,149.681304931641,2.4836849994235
96.7620308289343,38.955442295843,54.2000010609627,-6.97794628143311,-13.9088745117188,-93.2251129150391,1074.31616210938,-1.27851450443268,-16.1996440887451,14.9211301803589,4.40079498291016,-17.2857608795166,5.62702608108521,-20.9706974029541,179.857452392578,62.258544921875,0.800000011920929,127.59846496582,126.889518737793,3.09999990463257,86.621955871582,4.69999980926514,-0.0168698776245117,0.0292707327753305,0.116227589547634,0.233333334326744,10,2001,4057.33154296875,128.148895263672,145.72966003418,136.134994506836,140.797149658203,135.27033996582,143.067504882812,259.595001220703,204.837921142578,244.581466674805,233.513961791992,257.257141113281,208.581115722656,228.301193237305,291.489105224609,254.936614990234,254.502990722656,222.774047851562,279.543762207031,218.351181030273,217.918258666992,225.296524047852,230.620834350586,230.175064086914,229.215484619141,236.864791870117,82.189094543457,203.824996948242,154.040557861328,262.621398925781,101.121597290039,251.284027099609,62.2835426330566,181.770202636719,114.243957519531,217.635070800781,97.2031936645508,37.9590263366699,77.4053497314453,78.3378448486328,79.067497253418,79.7296524047852,79.067497253418,79,476.555297851562,468.218139648438,474.339935302734,472.502014160156,474.798889160156,478.501678466797,305.093536376953,313.863616943359,300.296051025391,296.214996337891,295.363891601562,292.282836914062,398.468933105469,142.55403137207,247.391525268555,214.999786376953,286.622924804688,148.99853515625,2.48391560013836
96.7710139817755,38.955442295843,53.8999997079372,-7.10944604873657,-13.7724628448486,-91.6930465698242,1072.99462890625,-1.3423798084259,-16.3643226623535,15.0219430923462,4.27124071121216,-17.4159965515137,5.48165798187256,-21.0808334350586,181.646240234375,63.0740928649902,0.800000011920929,127.594787597656,128.196350097656,3.11066961288452,87.8972473144531,4.69999980926514,-0.0169206588745117,0.0291682127863169,0.116227589547634,0.25,10,2001,4084.57373046875,128.909637451172,145.337890625,135.384338378906,140.337890625,134.677047729492,143.24626159668,262.216400146484,204.135543823242,244.629333496094,233.506195068359,258.815490722656,208.582885742188,228.593658447266,288.251617431641,252.512817382812,256.470886230469,223.255767822266,275.727569580078,215.086196899414,216.551376342773,221.748306274414,225.439025878906,228.473434448242,223.900039672852,236.254867553711,74.6508865356445,188.238754272461,143.078765869141,239.622100830078,92.7889556884766,245.793121337891,63.7251243591309,176.080764770508,113.644271850586,214.995834350586,97.5854263305664,33.516975402832,77.662109375,78.662109375,78.8768692016602,79.2147598266602,78.8768692016602,78.8768692016602,477.218566894531,470.250061035156,474.694519042969,474.667175292969,473.215667724609,480.251342773438,307.695251464844,313.198547363281,303.557189941406,299.555908203125,298.973022460938,295.8486328125,456.331451416016,146.274337768555,230.942245483398,213.762344360352,290.706390380859,141.583160400391,2.48414620085322
96.7799971346167,38.955442295843,48.5000014305115,-7.02552700042725,-13.7416181564331,-92.0686874389648,1070.32739257812,-1.26507306098938,-16.1911563873291,14.926082611084,4.31559562683105,-17.3233642578125,5.54003667831421,-20.9495258331299,181.53678894043,62.6165313720703,0.800000011920929,127.033241271973,127.829895019531,3.11555290222168,87.5806121826172,4.69999980926514,-0.0169110687255859,0.029099540784955,0.116227589547634,0.25,10,2001,4056.43701171875,124.619964599609,145.638000488281,132.809982299805,140.638000488281,130.257965087891,144.276000976562,271.484069824219,210.570053100586,248.104019165039,236.466018676758,265.294036865234,214.932052612305,231.380035400391,291.294036865234,252.466018676758,273.244110107422,225.742034912109,275.466033935547,219.932052612305,221.656036376953,226.294036865234,226.466018676758,235.208053588867,225.742034912109,258.262145996094,71,178.447982788086,129.51594543457,254.366180419922,85.5339736938477,237.981964111328,65.9140090942383,186.502090454102,113,215.552017211914,93.8959732055664,32.9140090942383,77.3619995117188,78.3619995117188,78.3619995117188,79,78.3619995117188,78.3619995117188,461.945892333984,456.221893310547,456.117858886719,454.289855957031,453.479858398438,461.203857421875,318.1220703125,322.1220703125,317.588073730469,318.606109619141,311.674072265625,313.054107666016,477.809997558594,178.108215332031,238.054107666016,233.710144042969,312.072143554688,170.022232055664,2.48437680156809
96.7889802874579,38.955442295843,48.5000014305115,-6.8279881477356,-13.7499532699585,-92.8106918334961,1067.63696289062,-1.13624382019043,-15.9513645172119,14.8151206970215,4.45299530029297,-17.1133098602295,5.69529104232788,-20.7162952423096,180.721832275391,61.9903526306152,0.800000011920929,126.738594055176,127.041717529297,3.18487906455994,86.6652755737305,4.69999980926514,-0.0168533203125,0.0290578696876764,0.116227589547634,0.300000011920929,10,2001,4013.1689453125,123.944702148438,145.509216308594,131,139.527648925781,128.472351074219,144.509216308594,277.509216308594,212.07373046875,249.527648925781,238.018432617188,268.527648925781,216.07373046875,225.184326171875,280.785705566406,238.313354492188,266.387084960938,220.165893554688,263.767272949219,227.944702148438,226.981567382812,233.944702148438,230.963134765625,244.435485839844,229.490783691406,308.882507324219,77.8709716796875,175.036865234375,127.907836914062,286.77880859375,93.7972412109375,237.435485839844,66.0184326171875,197.981567382812,110.546081542969,217.490783691406,87.07373046875,34,77,78,78.4907836914062,79,78,78,451.472351074219,442.546081542969,436.601379394531,435.546081542969,436.546081542969,443.055297851562,321.07373046875,330.472351074219,329.453918457031,332.981567382812,319.018432617188,327.453918457031,502.011535644531,209.8525390625,269.63134765625,250.490783691406,332.907836914062,201.380187988281,2.48460740228295
96.8159297459814,38.955442295843,47.6999990642071,-6.71155071258545,-13.5433359146118,-94.0670852661133,1053.27416992188,-1.07354593276978,-15.4710845947266,14.3975381851196,4.44066858291626,-16.8764305114746,5.67400217056274,-20.3644027709961,181.727722167969,61.213981628418,0.800000011920929,124.779182434082,126.688064575195,3.2024610042572,86.5243682861328,4.70246076583862,-0.0166800765991211,0.0289328526705503,0.112395882606506,0.300000011920929,10,2001,4019.21240234375,125.373023986816,146.034927368164,131.661895751953,139.034927368164,128.373031616211,144.373031616211,272.466094970703,205.768127441406,243.374206542969,231.712310791016,260.986846923828,210.380767822266,254.526443481445,275.246795654297,273.468566894531,278.168609619141,248.237869262695,268.661315917969,217.113967895508,225.388519287109,226.466400146484,224.888671875,230.671112060547,223.747512817383,261.346130371094,75.5843048095703,193.52702331543,121.00146484375,274.008911132812,85.6129455566406,248.722808837891,67.0713043212891,209.879455566406,109.055809020996,223.011672973633,80.204704284668,34.3381080627441,77,78.6618957519531,78.9507598876953,78.7111358642578,78.2888641357422,78.7111358642578,450.362915039062,440.235809326172,436.939208984375,441.594512939453,440.551849365234,445.9326171875,332.811950683594,334.375671386719,336.594390869141,333.805694580078,328.777038574219,329.657958984375,472.236999511719,161.402374267578,217.312225341797,197.097122192383,277.672576904297,171.13557434082,2.48529920442753
96.8338960516638,38.955442295843,55.3000010550022,-6.7098913192749,-13.2317485809326,-92.3605041503906,1036.92749023438,-1.02011227607727,-15.3466596603394,14.3265466690063,4.32075452804565,-16.7054138183594,5.54844236373901,-20.0944213867188,181.895141601562,61.2994194030762,0.800000011920929,125.353981018066,127.56315612793,3.29999995231628,87.1687088012695,4.79999971389771,-0.0165358947753906,0.0289055816829205,0.112395882606506,0.300000011920929,10,2001,4034.36328125,124.583221435547,146.667114257812,131.416778564453,138.833557128906,128.416778564453,144.833557128906,249.247604370117,196.331512451172,219.663024902344,209.913360595703,237.746932983398,198.497955322266,235.834930419922,299.082550048828,270.499328613281,292.334228515625,237.500686645508,293.331512451172,207.665756225586,219.083908081055,217.581848144531,220.749664306641,220.331512451172,224.416778564453,263.165069580078,84.7510223388672,193.500686645508,127.418144226074,252.497955322266,95.4167785644531,262.083892822266,67.2503433227539,206.665756225586,115.583221435547,226.914733886719,83.3342437744141,35,77,78,78,79,78.4167785644531,78.5832214355469,472.749664306641,458,459.833557128906,459.500671386719,461.416778564453,465.334228515625,319.167816162109,322.916107177734,323.001373291016,319.749664306641,318.251708984375,310.248962402344,403.312408447266,170.751022338867,241.083908081055,250.338333129883,272.082550048828,177.917465209961,2.48576040585726
96.842879204505,38.955442295843,61.2999983131886,-6.7631139755249,-13.0609378814697,-91.0109634399414,1029.35473632812,-1.03110599517822,-15.382719039917,14.3516130447388,4.21915626525879,-16.6796703338623,5.43416547775269,-20.017650604248,184.028884887695,61.5775566101074,0.800000011920929,125.033142089844,128.940856933594,3.33606028556824,87.9863891601562,4.79999971389771,-0.0164491806030273,0.0289229601621628,0.112395882606506,0.574999988079071,10,2001,4046.662109375,124.068603515625,148.455947875977,131.931396484375,139.323532104492,128.931396484375,145.593154907227,236.553237915039,188.636917114258,204.004196166992,195.259124755859,224.930816650391,190.852661132812,235.489837646484,295.480224609375,263.097503662109,289.97998046875,235.195724487305,286.985076904297,206.514785766602,224.892578125,213.857803344727,223.789566040039,215.872512817383,228.706253051758,260.274566650391,90.7307357788086,192.004623413086,134.647430419922,251.323837280273,98.8973617553711,264.926605224609,69.8727188110352,204.166625976562,115.338233947754,218.975158691406,85.5637435913086,34.1911010742188,77,78,78,78.7303695678711,78.6617660522461,78.068603515625,471.475433349609,456.112579345703,458.166473388672,456.926086425781,460.852874755859,461.362182617188,321.347991943359,318.994842529297,328.637481689453,319.284332275391,323.274627685547,310.201171875,317.251251220703,170.529174804688,234.489471435547,261.387237548828,273.063995361328,177.744918823242,2.48599100657212
96.8518623573462,38.955442295843,61.2999983131886,-6.83320188522339,-12.8828277587891,-89.6340789794922,1021.40631103516,-1.03110599517822,-15.4038524627686,14.3727464675903,4.10099840164185,-16.664514541626,5.31164026260376,-19.9526443481445,187.845428466797,62.2592964172363,0.800000011920929,124.907043457031,131.441390991211,3.41997289657593,89.0266418457031,4.8199725151062,-0.0163624649047852,0.028943432494998,0.115026243031025,0.375,10,2001,4064,123.877494812012,148.338272094727,132.245010375977,138.554046630859,129,145.338272094727,231.755432128906,188.445953369141,203.965194702148,194.396743774414,225.626922607422,192.95036315918,224.246780395508,296.837554931641,257.760009765625,281.853729248047,227.520568847656,290.714630126953,211.871490478516,231.900726318359,218.013961791992,232.454330444336,222.101654052734,235.489135742188,264.239990234375,92.9410934448242,182.933151245117,136.568450927734,259.891540527344,103.891448974609,265.171691894531,71.8918914794922,206.827850341797,116.27424621582,220.332717895508,83.6129608154297,33.6273612976074,76.8774948120117,77.8774948120117,77.8774948120117,78.2157745361328,78.0932693481445,77.8774948120117,467.129058837891,450.305358886719,449.727630615234,442.856140136719,454.452941894531,443.043121337891,320.78369140625,317.7939453125,332.474182128906,324.689514160156,323.567901611328,322.006958007812,312.029876708984,157.84130859375,214.028717041016,240.685760498047,275.696624755859,166.97819519043,2.48622160728698
96.8608455101874,38.955442295843,60.199998319149,-6.89858245849609,-12.7023591995239,-88.429557800293,1013.36401367188,-1.03110599517822,-15.3962106704712,14.365104675293,3.99315547943115,-16.6522789001465,5.19446325302124,-19.8692436218262,190.128616333008,62.8121757507324,0.815413653850555,124.191360473633,132.535888671875,3.4620726108551,90.0307540893555,4.86207246780396,-0.016275749206543,0.0289679020643234,0.116114668548107,0.350000023841858,10,2001,4085.3017578125,123.362930297852,148.637069702148,133.274139404297,138.637069702148,129,145.637069702148,231.274139404297,188.362930297852,207.185363769531,197.185363769531,228.548294067383,195.274139404297,227.467315673828,304.556091308594,268.200958251953,292.112182617188,232.467315673828,297.370727539062,215.274139404297,236.548294067383,217.814636230469,236.637069702148,225.637069702148,236.451705932617,253.799041748047,89.9034194946289,176.17756652832,137,242.69465637207,103.17756652832,262.814636230469,71.7258529663086,208.637069702148,118.548294067383,225.096588134766,86.7336578369141,37.0965805053711,76.3629302978516,77.3629302978516,77.3629302978516,78,77.3629302978516,77.3629302978516,447.791229248047,439.532684326172,433.161956787109,422.887817382812,435.065368652344,422.161956787109,336.934631347656,323.919006347656,349.023406982422,340.47509765625,339.934631347656,341.112182617188,280.856597900391,136.976593017578,192.799041748047,224.718048095703,255.69465637207,146.976593017578,2.48645220800184
96.8698286630286,38.955442295843,53.1999990344048,-7.05427169799805,-12.4903812408447,-86.3125762939453,1007.4169921875,-1.08740377426147,-15.5592546463013,14.4718503952026,3.81131672859192,-16.7409820556641,5.00985765457153,-19.9134712219238,194.407623291016,63.9911270141602,0.831106007099152,124.074890136719,135.431503295898,3.45149707794189,91.831787109375,4.85149669647217,-0.0161890350341797,0.0289976708590984,0.116114668548107,0.350000023841858,10,2001,4122.99755859375,119.570419311523,150.469818115234,131.060363769531,139.979873657227,125.570419311523,146.979873657227,222.691146850586,188,200.671020507812,191.16096496582,220.691146850586,189.630783081055,230.080490112305,310.979888916016,261.342041015625,294.671020507812,233.120727539062,300.020111083984,225.308853149414,246.818908691406,226.288726806641,244.349090576172,231.38932800293,240.879272460938,255.758544921875,85.0402450561523,172.040237426758,131.61067199707,229.429580688477,98.5503005981445,296.275665283203,67.0804824829102,231.047286987305,126.369216918945,239.758544921875,88.0402450561523,54.2082481384277,76,77.4899368286133,77,77.5100631713867,77,77.4899368286133,422.731384277344,411.932586669922,407.811859130859,397.791748046875,411.221343994141,394.362182617188,351.959747314453,341.248504638672,365.409454345703,358.349090576172,357.409454345703,364.248504638672,300.544250488281,123.040245056152,195.738433837891,232.248489379883,261.047271728516,131.080490112305,2.48668280871671
96.8788118158698,38.955442295843,53.7000000476837,-7.39061307907104,-12.1933116912842,-83.2893981933594,1001.82171630859,-1.29082107543945,-15.9324617385864,14.641640663147,3.49613547325134,-16.9921226501465,4.67579746246338,-20.1279430389404,202.053237915039,66.0706481933594,0.831106007099152,124.365119934082,140.817611694336,3.46052145957947,94.8954925537109,4.86052131652832,-0.0162521209716797,0.0289563611149788,0.116114668548107,0.25,10,2001,4166.015625,115.314346313477,151.314346313477,127.314346313477,141.685653686523,121.314346313477,147.314346313477,219.513687133789,194.856506347656,196.113906860352,188.828033447266,212.028472900391,187.456726074219,225.657180786133,305.829132080078,247.085433959961,279.829132080078,228.371307373047,288.715240478516,228.486312866211,254.628692626953,235.971527099609,249.257400512695,229.115005493164,247.342819213867,271.428253173828,81.2858734130859,176.170867919922,126,238.485214233398,97.7141265869141,322.372406005859,63,255.028472900391,132.657180786133,252.342819213867,87.7141265869141,66.6002197265625,75.6571731567383,78.3428268432617,77,77.6856536865234,77,78.3428268432617,416.485198974609,388.971527099609,397.142395019531,388.142395019531,407.884979248047,379.771087646484,355.028472900391,356.399780273438,366.228912353516,363.257385253906,362.342834472656,373.228912353516,355.856506347656,115.514793395996,209.342819213867,216.545471191406,279.886077880859,121.514793395996,2.48691340943157
96.8967781215522,38.955442295843,56.2000013887882,-7.32335996627808,-12.0562877655029,-82.2056045532227,996.648620605469,-1.17073678970337,-15.8378238677979,14.6670866012573,3.54002976417542,-16.8550930023193,4.70868062973022,-19.9805488586426,200.907302856445,65.9065475463867,0.831106007099152,124.37858581543,140.117645263672,3.18352818489075,94.688606262207,4.61637353897095,-0.0167847534179687,0.0286662019789219,0.115708574652672,0.300000011920929,10,2001,4083.4833984375,115.468978881836,149.289840698242,126.758811950684,141.531021118164,120.807472229004,145.338500976562,234.471069335938,192.989318847656,189.991424560547,181.584487915039,202.97802734375,179.053466796875,214.814483642578,325.032745361328,244.478073120117,284.926879882812,225.59098815918,299.342254638672,209.433609008789,238.827880859375,218.765716552734,230.973846435547,205.915969848633,242.834259033203,250.7509765625,72.318717956543,160.721984863281,109.617660522461,210.826309204102,90.2016296386719,294.061950683594,59.9160842895508,226.268493652344,117.232604980469,245.947052001953,85.318717956543,54.7037773132324,75,79.661506652832,77.0486526489258,79.661506652832,77.0486526489258,79.661506652832,429.500061035156,415.036834716797,414.471160888672,408.555084228516,426.258880615234,406.981781005859,361.727844238281,346.135284423828,366.763092041016,359.8095703125,367.873809814453,350.473785400391,344.318328857422,97.9273834228516,206.332229614258,132.708480834961,257.854766845703,92.9250793457031,2.48737461086129
97.8939080869249,38.955442295843,53.8000017404556,-7.67807626724243,-11.9488325119019,-88.5744247436523,956.123168945312,-2.0378851890564,-15.5572738647461,13.5193881988525,2.80130696296692,-16.6743335723877,3.87607192993164,-19.7027339935303,248.356338500977,77.8845443725586,0.508283317089081,124.57234954834,180.168441772461,2.32934021949768,121.974960327148,2.40828347206116,-0.0183135818481445,0.025652177631855,0.096516415476799,0.233333334326744,10,2001,4151.0078125,110,149.438003540039,125.165664672852,142,118.082832336426,147.355163574219,226.952438354492,198.596755981445,208.118087768555,205.076431274414,204.336837768555,194.076431274414,264.474731445312,345.649963378906,272.843078613281,302.725891113281,266.693969726562,327.341979980469,185.568908691406,220.08332824707,208.148345947266,217.616088867188,202.125,226.367095947266,339.109802246094,81.7267761230469,192.962844848633,141.744216918945,243.223876953125,113.767936706543,307.808715820312,71.4708633422852,247.589340209961,158.568405151367,264.490570068359,83.3486480712891,53.6567497253418,72.3729934692383,76.7693252563477,73.3729934692383,75.8521575927734,73.2901611328125,76.7693252563477,411.591247558594,412.490570068359,395.787658691406,399.278228759766,402.568389892578,397.295562744141,403.100280761719,368.082824707031,396.063995361328,383.105682373047,395.567016601562,376.159759521484,366.171173095703,117.313621520996,245.348770141602,159.572906494141,301.983306884766,104.83332824707,2.512971290211
97.9028912397661,38.955442295843,53.8000017404556,-6.86749887466431,-12.5739097595215,-97.665901184082,959.653198242188,-1.6026896238327,-14.4903783798218,12.8876886367798,3.57770919799805,-15.9054918289185,4.69551420211792,-19.0078163146973,238.25373840332,73.7194137573242,0.454831838607788,123.667839050293,172.274658203125,2.03379559516907,117.741439819336,2.21932744979858,-0.0176510269165039,0.0270488634705544,0.110489934682846,0.400000005960464,10,2001,4033.7080078125,110.228805541992,150.771026611328,125.114402770996,142.343215942383,118.114402770996,148.771026611328,226.974899291992,190.975692749023,206.258834838867,200.945587158203,201.746322631836,189.945587158203,230.773300170898,337.891265869141,250.220336914062,286.210327148438,234.942443847656,317.722198486328,193.024307250977,224.512115478516,212.313095092773,224.283065795898,208.596557617188,229.228561401367,316.956878662109,71.8616180419922,179.866470336914,129.921447753906,233.747299194336,101.205154418945,293.155181884766,51.0710525512695,227.354675292969,158.995315551758,258.229522705078,79.3733291625977,53.0000801086426,74.1988525390625,77.6566314697266,75.1988525390625,76.7710342407227,75.1988525390625,77.6566314697266,408.6318359375,409.776031494141,401.482147216797,400.084533691406,406.427429199219,395.601898193359,398.886169433594,365.940734863281,386.204742431641,375.518005371094,385.632720947266,374.512847900391,357.79736328125,114.368965148926,238.369293212891,154.780807495117,305.876312255859,97.9206390380859,2.51320189092586
97.9118743926073,38.955442295843,57.1999996900558,-6.52131032943726,-12.8663740158081,-101.644309997559,961.630126953125,-1.34276914596558,-14.0047998428345,12.6620311737061,3.95555448532104,-15.5708560943604,5.08579540252686,-18.7003955841064,230.701736450195,71.1943893432617,0.415553003549576,123.695838928223,167.261001586914,1.86221194267273,114.913841247559,2.06221199035645,-0.0169884704589844,0.0284455474466085,0.1135189011693,0.350000023841858,10,2001,3954.07348632812,111.250152587891,152.250152587891,125.625076293945,143.875228881836,118.625076293945,150.250152587891,234.001205444336,185.499694824219,205.625076293945,198.374923706055,204.000595092773,187.374923706055,223.626876831055,331.499694824219,245.626281738281,273.374328613281,225.876434326172,312,198.500305175781,227.875228881836,216.750457763672,230.375534057617,212.875228881836,234.000595092773,302.624481201172,60.8740196228027,175.500305175781,119.374320983887,220.998794555664,86.7486419677734,289.000610351562,41,214.624465942383,149.873413085938,247.998794555664,78,51.7498512268066,75.6250762939453,78.6250762939453,76.6250762939453,78.2501525878906,76.6250762939453,78.6250762939453,411.625671386719,415.376129150391,405.250152587891,399.749847412109,412.625671386719,399.000610351562,389.623870849609,356.748657226562,377.999389648438,369.249542236328,374.8740234375,366.623870849609,333.496673583984,98.8728179931641,217.872207641602,168.252563476562,285.871612548828,99.8758316040039,2.51343249164072
97.9298406982897,38.955442295843,56.2999993562698,-5.75206804275513,-13.5967807769775,-112.067016601562,967.072326660156,-0.809882998466492,-12.9508724212646,12.1409893035889,4.77025890350342,-14.8510141372681,5.98212909698486,-18.0186176300049,219.212829589844,67.0523986816406,0.400000005960464,123.197792053223,158.946166992188,1.79999995231628,110.440383911133,2,-0.015866340637207,0.030161377042532,0.1135189011693,0.325000017881393,10,2001,3820.37158203125,116.624671936035,153.656585693359,127.332229614258,145.980102539062,121.645393371582,151.323516845703,204.372985839844,141.121994018555,167.39453125,154.446334838867,172.353088378906,142.466232299805,188.447158813477,283.924896240234,211.072662353516,235.077239990234,199.371337890625,268.846130371094,204.605606079102,204.867935180664,219.285385131836,221.048049926758,210.355438232422,218.472702026367,286.725372314453,56.6565818786621,162.164947509766,120.006225585938,201.363693237305,72.0638198852539,266.193115234375,43.3314056396484,187.5634765625,116.98316192627,247.243118286133,78.6470489501953,46.3848609924316,76.9991760253906,79.6661148071289,77.9991760253906,78.6764755249023,77.3425903320312,79.0095367431641,411.66943359375,433.446441650391,407.284545898438,401.626312255859,415.628814697266,414.484588623047,383.058044433594,361.685638427734,373.430053710938,376.325622558594,374.015747070312,367.699279785156,310.196472167969,77.7991485595703,171.31330871582,138.730895996094,243.250305175781,85.8725051879883,2.51389369307045
97.9388238511308,38.955442295843,46.7000007629395,-6.31730031967163,-13.2294216156006,-105.801094055176,965.353332519531,-1.03169083595276,-13.5554275512695,12.5237369537354,4.33879613876343,-15.3444423675537,5.54417705535889,-18.4332313537598,228.252853393555,70.6011581420898,0.400000005960464,123.890563964844,165.784530639648,1.79999995231628,114.055641174316,2,-0.01558046875,0.029649356380105,0.1135189011693,0.225000008940697,10,2001,3814.27490234375,116.37769317627,152.7822265625,128.439071655273,143.720840454102,121.564765930176,149.938613891602,203.438766479492,142.435546875,165.656234741211,152.469146728516,170.095001220703,142.187072753906,187.183227539062,299.186340332031,209.339614868164,241.810623168945,202.06169128418,276.90625,202.999694824219,199.121215820312,211.441055297852,210.436904907227,206.472381591797,209.097290039062,274.0966796875,55.7822303771973,160.163452148438,124.848083496094,190.395294189453,70.0607681274414,263.855377197266,45.7828521728516,184.560607910156,126.089790344238,245.461761474609,77.186767578125,48.5273132324219,78.1566925048828,80.5001525878906,79.1566925048828,79.5001525878906,79.0003128051758,80.1566925048828,411.240783691406,422.559051513672,407.145477294922,404.489532470703,414.458221435547,411.366149902344,385.603149414062,378.132629394531,381.413482666016,384.447692871094,379.069396972656,379.880035400391,328.965637207031,81.5618515014648,170.523162841797,135.492156982422,243.118621826172,91.5854721069336,2.51412429378531
97.947807003972,38.955442295843,50.2000004053116,-6.92191600799561,-12.7945613861084,-98.3492736816406,966.29052734375,-1.2661966085434,-14.2859764099121,13.0197792053223,3.8688440322876,-15.8989286422729,5.07020998001099,-18.9270687103271,235.030975341797,73.4038162231445,0.400000005960464,124.408813476562,170.881912231445,1.82693874835968,116.692909240723,2,-0.015294596862793,0.0292287468910217,0.115140520036221,0.25,10,2001,3942.52978515625,113.157829284668,151.563659667969,126.511940002441,141.209548950195,118.814323425293,148.604782104492,202.729476928711,145.283843994141,166.478820800781,152.781204223633,169.303741455078,143.232116699219,192.083541870117,300.95361328125,214.371353149414,244.698974609375,202.876647949219,277.47216796875,203.559692382812,203.273178100586,207.250671386719,211.237396240234,202.075592041016,204.907165527344,271.478820800781,54.6870079040527,151.936370849609,119.412467956543,204.716201782227,72.2267913818359,287.342132568359,43.5676307678223,186.801055908203,129.598083496094,253.705551147461,77.7227935791016,53.1962814331055,77.5636596679688,80.2612686157227,78.6047744750977,79.3023910522461,78.6047744750977,79.6047744750977,422.481414794922,426.941650390625,420.189636230469,417.220153808594,427.31298828125,422.302398681641,373.917755126953,369.087554931641,372.559692382812,371.896545410156,370.570281982422,373.446960449219,332.141906738281,82.3023910522461,180.388595581055,145.250671386719,250.324905395508,101.474792480469,2.51435489450017
97.9567901568132,38.955442295843,50.2000004053116,-6.67991590499878,-13.0256624221802,-100.170799255371,972.381225585938,-1.03258943557739,-14.0376272201538,13.0050382614136,4.15716886520386,-15.7071199417114,5.39630126953125,-18.7689914703369,232.639862060547,72.8811416625977,0.400000005960464,124.997367858887,169.891662597656,1.80177128314972,116.135887145996,2,-0.0150087265014648,0.0288770757615566,0.119856402277946,0.349999994039536,10,2001,3856.74487304688,111.551628112793,150.448379516602,125,140,117,148,212.03254699707,152.619522094727,176.480911254883,162.480911254883,177.377670288086,150.171157836914,192.138610839844,305.171142578125,218,253.377670288086,201.345123291016,283.826049804688,206.206512451172,201.380477905273,206.551620483398,213.448379516602,199.448379516602,204,281.480926513672,55.1032562255859,152.619522094727,113.345115661621,227.135803222656,74.551628112793,299.586975097656,38.6902351379395,187.896743774414,116.002807617188,256.690246582031,74.0353546142578,54.8967437744141,76.448371887207,79.448371887207,78,79,78,79,430.551635742188,433.103240966797,428.448364257812,426.103240966797,437.103240966797,432.206512451172,362.690246582031,364.516265869141,365,360.896759033203,362.896759033203,364.241851806641,326.035339355469,82,187.551620483398,154.75813293457,248.828842163086,105.896743774414,2.51458549521504
96.6183003834751,38.9464591430019,58.2000017166138,-6.32788038253784,-13.8354463577271,-101.966247558594,1028.78186035156,-0.904266774654388,-14.4779052734375,13.5736379623413,4.70684957504272,-16.2132873535156,5.9516134262085,-19.4693145751953,167.974044799805,59.4685821533203,0.800000011920929,127.204322814941,117.617652893066,3.09999990463257,81.60546875,4.5,-0.0168310546875,0.0269042272120714,0.115271896123886,0.275000005960464,10,2001,4032.14501953125,127.846290588379,146.923049926758,133.153915405273,141.538482666016,131.307815551758,145.461517333984,245.384963989258,203.923248291016,233.384963989258,218.461929321289,242.538879394531,209.923248291016,303.923034667969,340.153503417969,325.538482666016,312.691986083984,297.923034667969,328.691986083984,216.845489501953,240.923049926758,231.922637939453,243.076354980469,226.076354980469,242.615036010742,265.0771484375,84.7693405151367,212.3076171875,126,287.153717041016,102.769340515137,261.307220458984,65.9230422973633,188.845092773438,113.461524963379,218.845687866211,98.5386810302734,44.8456878662109,77.5384750366211,79,78.5384750366211,78.5384750366211,78.5384750366211,79,482.154510498047,469.154296875,463.923645019531,460.154510498047,471.539093017578,475.616027832031,301.461517333984,289.922637939453,304.153717041016,296.769134521484,302.384582519531,282.23046875,331.539672851562,167.847305297852,283.309631347656,194.232467651367,303.846893310547,164.385971069336,2.48079806250721
96.6272835363163,38.9464591430019,55.9000000357628,-6.51285886764526,-13.6106843948364,-99.0578842163086,1027.80187988281,-0.982578277587891,-14.7326221466064,13.7500438690186,4.52322483062744,-16.3992748260498,5.75241136550903,-19.646068572998,170.267974853516,60.0827980041504,0.800000011920929,127.752578735352,119.707695007324,3.09999990463257,82.6352005004883,4.5,-0.0167758895874023,0.0269625224173069,0.115271896123886,0.300000011920929,10,2001,4105.24462890625,121.949981689453,147.954040527344,131.091903686523,140.708770751953,126.869613647461,145.662826538086,232.900054931641,200.137954711914,221.528457641602,207.145431518555,227.677764892578,205.823760986328,298.041595458984,348.038269042969,318.110504150391,328.230529785156,294.240997314453,339.831695556641,240.897216796875,240.383026123047,244.78564453125,260.2646484375,245.464065551758,253.843139648438,262.686096191406,85.5596771240234,213.314102172852,129.142028808594,291.47900390625,104.188079833984,281.372375488281,65.3830337524414,219.073165893555,113.977020263672,234.939102172852,88.1796417236328,58.739688873291,76.7087707519531,79,77.7087707519531,78.3371810913086,77.7087707519531,79,458.4169921875,453.689300537109,444.535919189453,438.302185058594,449.976440429688,453.022399902344,301.3486328125,305.927673339844,310.678436279297,301.433166503906,304.559478759766,293.797271728516,299.927032470703,131.271286010742,219.814682006836,153.237564086914,280.045471191406,126.877006530762,2.48102871641103
96.6362666891575,38.9464591430019,55.9000000357628,-6.78647518157959,-13.3798761367798,-96.2526092529297,1027.46008300781,-1.15392422676086,-15.0637817382812,13.909857749939,4.26914024353027,-16.6761283874512,5.48952293395996,-19.8875255584717,175.673034667969,61.5772361755371,0.800000011920929,128.719604492188,124.103408813477,3.09999990463257,84.5738677978516,4.5,-0.0168448257446289,0.0272560324519873,0.115271896123886,0.333333343267441,10,2001,4138.654296875,119.514381408691,148.333801269531,130.332397460938,140.337219238281,125.502716064453,145.671020507812,232.008255004883,202.978073120117,222.168319702148,209.98291015625,226.51237487793,208.148391723633,285.078033447266,345.710845947266,309.918182373047,337.780395507812,286.387908935547,343.166290283203,240.471725463867,235.348083496094,239.346664428711,254.850784301758,242.824035644531,249.668792724609,272.940460205078,89.7781753540039,212.520629882812,131.793258666992,287.999176025391,110.105140686035,286.783020019531,63.1854095458984,209.39192199707,113.165489196777,234.322738647461,84.205322265625,53.0128593444824,76.1703186035156,78.8330993652344,77.1703186035156,78.8296813964844,77.1703186035156,78.8330993652344,456.854431152344,454.168304443359,445.506958007812,440.166290283203,449.680694580078,453.348297119141,303.011077880859,310.316711425781,315.146392822266,304.98291015625,307.662170410156,297.153228759766,308.387451171875,137.989959716797,228.336242675781,191.505126953125,278.319305419922,143.249740600586,2.48125937031484
96.6811824533635,38.9464591430019,52.4000003933907,-6.63806486129761,-13.9172124862671,-97.220085144043,1052.7392578125,-0.989656031131744,-15.3069505691528,14.3172950744629,4.5996789932251,-16.6713123321533,5.84013795852661,-20.2174110412598,173.815887451172,60.2792778015137,0.800000011920929,126.65550994873,121.623779296875,3.10263800621033,83.2540283203125,5.14836692810059,-0.017131396484375,0.0286331586539745,0.111483439803123,0.233333334326744,10,2001,4040.53100585938,121.720260620117,147.337432861328,129.720260620117,139.627014160156,124.301887512207,146,242.864929199219,217.344787597656,251.705459594727,239.439117431641,252.534851074219,227.727615356445,269.776977539062,346.519714355469,300.391998291016,304.553863525391,268.195678710938,336.533752441406,202.431762695312,225.916259765625,219.874450683594,226.594711303711,213.723495483398,227.862121582031,263.416534423828,90.0344696044922,221.552352905273,137.894439697266,298.285675048828,107.580551147461,269.740264892578,57.0921669006348,205.928573608398,107.347274780273,225.526412963867,83.2663421630859,33.6625595092773,76.1864929199219,77.9422988891602,77.6048583984375,78.7558059692383,77.6048583984375,77.9422988891602,475.198822021484,445.946197509766,455.223449707031,451.467651367188,463.525329589844,455.747375488281,322.613616943359,328.137542724609,324.902099609375,321.937652587891,322.657928466797,316.297241210938,295.150634765625,132.474884033203,248.05534362793,211.151077270508,282.665710449219,141.439346313477,2.48241263983393
96.7530476760931,38.9464591430019,58.6999990046024,-6.68808507919312,-14.174991607666,-97.1785430908203,1069.52734375,-1.12259030342102,-15.71080493927,14.5882148742676,4.64698457717896,-16.9068717956543,5.89189577102661,-20.6096439361572,174.152206420898,60.9327049255371,0.800000011920929,127.037384033203,122.54557800293,3.11228895187378,84.7678756713867,4.69999980926514,-0.0171841186523438,0.0291635040193796,0.112648233771324,0.349999994039536,10,2001,4014.89282226562,129.149215698242,145.857009887695,138.421829223633,141.759613037109,136.616638183594,143.95442199707,258.622863769531,208.084045410156,243.324432373047,233.227035522461,255.135864257812,213.181442260742,192.795043945312,265.630859375,220.321395874023,231.696044921875,187.501953125,253.177703857422,210.663101196289,217.027603149414,223.390487670898,225.644226074219,227.526351928711,223.930191040039,241.546112060547,69.0267105102539,179.834396362305,133.889953613281,228.868408203125,88.3582611083984,234.565704345703,65.4029541015625,156.777069091797,101.656700134277,195.761215209961,97.499641418457,30.6237525939941,78.7596130371094,79.5192337036133,79.7596130371094,79.6166305541992,79.7596130371094,79.5192337036133,472.016723632812,467.64599609375,468.314453125,472.814086914062,469.327819824219,477.151885986328,317.320159912109,315.988616943359,308.392456054688,301.301300048828,302.243255615234,299.060913085938,373.213500976562,162.191772460938,237.952270507812,221.001052856445,259.703002929688,147.582794189453,2.48425787106447
96.7620308289343,38.9464591430019,52.7999997138977,-6.7140474319458,-14.1054039001465,-96.3095932006836,1069.83117675781,-1.13955795764923,-15.7864551544189,14.6468963623047,4.61591815948486,-16.9430751800537,5.86239624023438,-20.6409702301025,175.744171142578,60.971004486084,0.800000011920929,127.346458435059,123.98738861084,3.12229871749878,84.9119720458984,4.69999980926514,-0.0172252166748047,0.0290800761431456,0.112426765263081,0.25,10,2001,4018.57543945312,128.058166503906,145.244598388672,137.209548950195,141.058166503906,135.209548950195,143.244598388672,256.444549560547,206.454147338867,242.116317749023,232.209548950195,253.351318359375,211.640594482422,207.009765625,274.238189697266,236.089508056641,241.681213378906,198.188125610352,266.708526611328,215.464599609375,223.540466308594,228.033538818359,231.495788574219,230.291641235352,230.913360595703,244.751525878906,72.7442626953125,192.919937133789,136.223861694336,252.222015380859,93.3578872680664,239.27815246582,65.9865188598633,173.345596313477,104.847099304199,202.369857788086,96.4541473388672,32.3594055175781,78.2446060180664,78.5824356079102,79.2446060180664,78.5824356079102,79.2446060180664,78.5824356079102,486.729614257812,481.325531005859,479.220336914062,483.327056884766,481.393310546875,488.175659179688,297.805786132812,295.378601074219,292.839324951172,284.514984130859,287.501495361328,281.573150634766,426.783050537109,156.471160888672,252.818954467773,229.441497802734,267.185760498047,145.002014160156,2.48448852496829
96.7889802874579,38.9464591430019,50.0999987125397,-6.97755908966064,-13.6738204956055,-92.6482772827148,1062.23461914062,-1.24613225460052,-16.0055274963379,14.7593955993652,4.315749168396,-17.1435642242432,5.53308153152466,-20.7546482086182,181.658233642578,62.2305946350098,0.800000011920929,126.235290527344,127.332130432129,3.20000004768372,87.4544296264648,4.69999980926514,-0.0170891876220703,0.0289725605398417,0.112426765263081,0.275000005960464,10,2001,4018.82495117188,126.313896179199,145.975936889648,131.072189331055,138.686111450195,130.048126220703,143.975936889648,268.538055419922,209.865814208984,245.213958740234,234.924133300781,260.634307861328,215.610229492188,242.623886108398,269.241912841797,252.845855712891,271.296752929688,235.613693237305,261.886383056641,217.986999511719,224.382400512695,231.075866699219,231.782348632812,235.983306884766,226.564712524414,291.850891113281,74.956428527832,185.169296264648,122.127456665039,287.580749511719,88.0045547485352,241.864730834961,72.4695434570312,196.580749511719,113.324081420898,215.386077880859,89.130500793457,34.3138961791992,77.0240631103516,78.3379592895508,78.3379592895508,79.3138961791992,78.3379592895508,78.3379592895508,456.486663818359,446.655090332031,441.231079101562,446.313446044922,444.241271972656,450.675476074219,326.502288818359,328.962524414062,327.717102050781,321.904205322266,319.799499511719,322.759826660156,504.413818359375,167.413604736328,253.832427978516,229.596130371094,303.482330322266,174.776718139648,2.48518048667974
96.7979634402991,38.9464591430019,50.0999987125397,-6.71722412109375,-13.7869510650635,-94.9198532104492,1061.10620117188,-1.13041830062866,-15.6559944152832,14.5255756378174,4.52132940292358,-16.8885726928711,5.75322484970093,-20.5072479248047,179.393020629883,60.8608283996582,0.800000011920929,126.024520874023,125.890434265137,3.20000004768372,85.8732604980469,4.69999980926514,-0.0169636535644531,0.0289808679372072,0.11352302134037,0.325000017881393,10,2001,3983.4248046875,126.161697387695,146.166763305664,131,138.337997436523,129.499694824219,144.166763305664,265.865692138672,208.680465698242,243.022933959961,232.360931396484,257.865692138672,212.36540222168,225.360992431641,260.160919189453,233.408676147461,246.292251586914,219.847290039062,249.207397460938,226.417495727539,222.85676574707,233.972595214844,231.004470825195,241.945205688477,225.175704956055,311.522735595703,83.7072067260742,190.401062011719,134.685485839844,305.713653564453,97.3742752075195,239.35139465332,71.6709289550781,197.985992431641,111.508628845215,215.495223999023,86.8466262817383,34.8287658691406,77.1667709350586,78.8287658691406,78.9955368041992,79.8287658691406,78.8287658691406,78.8287658691406,452.880310058594,443.047088623047,437.066162109375,439.746032714844,438.913391113281,444.908325195312,321.535430908203,334.096130371094,328.794464111328,329.24951171875,319.141418457031,329.915985107422,485.403594970703,145.137817382812,234.335021972656,226.449584960938,278.595947265625,154.462432861328,2.48541114058356
96.8069465931403,38.9464591430019,50.0000007450581,-6.5534086227417,-13.8156175613403,-95.9268646240234,1058.87658691406,-1.00517046451569,-15.4074592590332,14.4022884368896,4.63395881652832,-16.7162933349609,5.88212871551514,-20.3213768005371,178.858703613281,60.2333221435547,0.800000011920929,125.573760986328,125.317375183105,3.20193862915039,85.2415542602539,4.70193815231323,-0.0168381210327148,0.0289891753345728,0.116438068449497,0.300000011920929,10,2001,3988.18286132812,124.312858581543,146.661956787109,131.019653320312,138.661956787109,127.994476318359,144.661956787109,266.628173828125,208.76025390625,242.661956787109,232.343566894531,258.628173828125,211.779907226562,231.41389465332,282.698608398438,247.987213134766,258.790618896484,226.433547973633,274.072906494141,227.915832519531,225.109344482422,234.921356201172,230.318389892578,243.921356201172,224.397018432617,276.051696777344,74.0327377319336,179.023376464844,131.609130859375,276.653259277344,89.7198791503906,237.499160766602,70.1124267578125,196.994476318359,108.768859863281,214.617111206055,84.33251953125,34.9410209655762,77.6816177368164,79,79.6619567871094,80,79,79,457.723388671875,448.365661621094,445.936553955078,445.449829101562,448.240814208984,451.852386474609,314.698822021484,326.524963378906,318.480133056641,324.231781005859,307.837829589844,323.770263671875,496.950042724609,121.429000854492,225.146224975586,204.593185424805,280.362609863281,133.194778442383,2.48564179448737
96.8338960516638,38.9464591430019,53.3999986946583,-6.89063453674316,-13.2114915847778,-91.5010681152344,1039.84460449219,-1.129314661026,-15.5684766769409,14.4391613006592,4.20340251922607,-16.889123916626,5.428053855896,-20.3065509796143,186.541259765625,62.3272399902344,0.800000011920929,125.25659942627,130.526565551758,3.29999995231628,88.5102844238281,4.79999971389771,-0.0165095520019531,0.0290068965405226,0.116438068449497,0.300000011920929,10,2001,4052.2509765625,125.240272521973,146.240280151367,130.676345825195,139.142379760742,129,144.661819458008,257.056427001953,207.174423217773,231.486923217773,221.908477783203,247.914047241211,210.213317871094,255.057708740234,268.999084472656,269.160278320312,279.063293457031,250.876434326172,262.067932128906,219.288131713867,222.0478515625,221.081176757812,222.483917236328,231.944381713867,222.528396606445,258.815338134766,74.245849609375,181.399261474609,133.420272827148,263.582366943359,86.902099609375,238.590881347656,64.551872253418,197.097900390625,113.719535827637,215.339462280273,84.2547988891602,34.2257537841797,78,78.7597274780273,79,79.7597274780273,78.3381729125977,78.7597274780273,444.714324951172,435.577545166016,443.32275390625,437.082458496094,441.459533691406,442.474060058594,336.095428466797,342.374603271484,335.596069335938,340.43359375,326.596069335938,334.193328857422,408.494598388672,195.101654052734,278.364105224609,263.584289550781,308.695434570312,211.185028076172,2.48633375619882
96.842879204505,38.9464591430019,61.2999983131886,-6.99650621414185,-13.000147819519,-90.0561294555664,1031.22705078125,-1.20000004768372,-15.6360607147217,14.4360609054565,4.04467535018921,-16.9066772460938,5.25306177139282,-20.254467010498,188.286773681641,62.4988136291504,0.800000011920929,124.581756591797,131.434875488281,3.36018347740173,89.1355056762695,4.8241229057312,-0.0164325210571289,0.0290081948041916,0.116438068449497,0.350000023841858,10,2001,4074.30810546875,125.661781311035,146.754989624023,131.603164672852,139.848175048828,128.906799316406,144.33821105957,239.659439086914,193.233291625977,211.266708374023,200.570343017578,229.718048095703,194.586166381836,244.869903564453,273.624237060547,265.803070068359,274.067993164062,242.321243286133,264.933135986328,218.368667602539,220.427291870117,214.725646972656,222.1142578125,227.186386108398,222.589645385742,261.753845214844,77.9958877563477,169.856384277344,124.161170959473,241.529357910156,87.559196472168,255.718627929688,62.4806480407715,196.720397949219,105.631294250488,224.922637939453,86.7655258178711,33.9560317993164,77.8135986328125,78.1518173217773,78.8135986328125,79.1518173217773,78.5685806274414,78.1518173217773,444.572723388672,438.711029052734,443.293121337891,436.258544921875,439.739166259766,441.724517822266,337.058624267578,340.861694335938,341.981231689453,341.533996582031,333.074432373047,334.779022216797,369.702911376953,193.846572875977,269.027679443359,255.123153686523,291.10205078125,208.674819946289,2.48656441010264
97.9567901568132,38.9464591430019,73.7999975681305,-6.9095516204834,-12.6509122848511,-96.1238021850586,964.142211914062,-1.35562825202942,-14.5218620300293,13.1662330627441,3.71401953697205,-15.9077224731445,4.87084341049194,-19.0344371795654,238.198638916016,73.6396560668945,0.400000005960464,123.348251342773,172.316558837891,1.8113888502121,118.186805725098,2,-0.0165114639282227,0.0271331015974283,0.0949542745947838,0.425000011920929,10,2001,3942.439453125,109.384643554688,150.230712890625,124.384643554688,142.384643554688,118.384643554688,148.230712890625,230.845428466797,176.383987426758,192.691497802734,184.999008178711,194.306854248047,173.460784912109,244.922225952148,332,264.615020751953,287.845428466797,246.922225952148,314.461120605469,182.00065612793,196.077117919922,193.53889465332,201.000335693359,189.769607543945,200.769287109375,338.691833496094,61.846076965332,176.537902832031,120.846076965332,249.999664306641,92.1532669067383,334.231048583984,45.8457489013672,245.767974853516,155.076797485352,295.845764160156,81.1535949707031,56.5385627746582,74.5385589599609,78.153923034668,75.5385589599609,76.7692794799805,75.5385589599609,77.7692794799805,412.615356445312,423.615356445312,411.231048583984,407.692474365234,418.153930664062,411.231048583984,405.768615722656,380.922882080078,395.614715576172,391.922546386719,392.076477050781,387.615020751953,376.769927978516,119.23072052002,262.462432861328,205,293.615692138672,119.692153930664,2.51516549417599
97.9657733096544,38.9464591430019,73.7999975681305,-6.52195739746094,-13.0247631072998,-99.9209671020508,970.436218261719,-1.05785870552063,-14.1076183319092,13.0497598648071,4.14286756515503,-15.5868282318115,5.31317377090454,-18.7605972290039,233.527603149414,71.5816040039062,0.400000005960464,122.267272949219,168.003067016602,1.79999995231628,115.512649536133,2,-0.0161933120727539,0.0266785565763712,0.0949542745947838,0.524999976158142,10,2001,3884.59301757812,110.133918762207,149.20964050293,124.895179748535,142.417678833008,118.417686462402,147.20964050293,213.891159057617,163.143081665039,175.638107299805,164.371871948242,176.265441894531,156.712219238281,216.581695556641,319.346496582031,247.440216064453,261.818817138672,222.640365600586,294.560943603516,198.139541625977,201.832626342773,203.650482177734,208.59228515625,199.098876953125,201.551605224609,317.531860351562,59.3594856262207,162.441162109375,118.598236083984,239.065277099609,80.4109344482422,329.819641113281,39.8258781433105,213.317535400391,144.884262084961,278.127349853516,77.7194519042969,57.1482353210449,76.3419647216797,79.6855316162109,77.3419647216797,78.0290985107422,77.3419647216797,78.7903518676758,415.924743652344,422.866088867188,418.518157958984,413.414947509766,422.550476074219,418.040679931641,386.592132568359,375.406097412109,378.48779296875,378.336334228516,378.350646972656,379.751281738281,370.055358886719,106.511116027832,260.276580810547,192.585235595703,285.656127929688,110.182807922363,2.51539614807981
96.609317230634,38.9374759901607,54.8000000417233,-6.34540700912476,-13.9830169677734,-107.454002380371,1013.30963134766,-1.02779245376587,-14.0453014373779,13.0175085067749,4.66546297073364,-15.9949026107788,5.9046196937561,-19.2107124328613,168.656005859375,60.3011474609375,0.800000011920929,127.953796386719,118.433586120605,3.08073949813843,82.6433715820312,4.5,-0.0166030059814453,0.0284338686615229,0.117992237210274,0.300000011920929,10,2001,4017.30200195312,122.43034362793,147.43034362793,132.43034362793,141,127.860679626465,146,225.848297119141,196.56965637207,216.417953491211,205.987609863281,221.696594238281,202.139312744141,286.164093017578,324.455108642578,312.164093017578,295.074310302734,284.442718505859,319.455108642578,198.557266235352,228.696594238281,223.684204101562,227.393188476562,212.266250610352,236.102157592773,258.922607421875,79.8235244750977,211.938064575195,139.659439086914,295.253875732422,96.2538604736328,242.873062133789,60.4179534912109,171.151702880859,102.873069763184,212.164093017578,91.5696563720703,42.303409576416,76.5696563720703,79.5696563720703,77.5696563720703,79.1393203735352,77.5696563720703,79.5696563720703,487.987609863281,480.278625488281,473.126922607422,475,480.696594238281,481.442718505859,312.885467529297,290.594421386719,303.328186035156,297.606811523438,307.037170410156,282.455108642578,330.987609863281,161.913299560547,287.105224609375,228.269317626953,320.634674072266,159.507720947266,2.48113969315953
96.6183003834751,38.9374759901607,55.5999986827374,-6.20151138305664,-14.0227184295654,-107.418182373047,1015.85620117188,-0.919134736061096,-13.9794692993164,13.0603342056274,4.78132104873657,-15.8879089355469,6.03616189956665,-19.1337356567383,167.345809936523,59.3411483764648,0.776513040065765,127.504035949707,117.350372314453,3.06476950645447,81.458122253418,4.47651290893555,-0.0164861724853516,0.0284374058246613,0.117992237210274,0.233333334326744,10,2001,3966.853515625,122.662879943848,147.662887573242,132.379806518555,140.716918945312,128.325759887695,146,224.40251159668,196.337112426758,213.890411376953,202.378295898438,216.823501586914,201.674240112305,295.182220458984,331.906280517578,318.351470947266,313.899444580078,291.964538574219,326.340148925781,199.527679443359,224.3896484375,216.617172241211,221.610046386719,210.557510375977,227.922943115234,266.677459716797,73.1406326293945,202.383728027344,124.807624816895,282.292816162109,90.9358139038086,261.384246826172,59.0227012634277,184.769683837891,109.212059020996,228.825225830078,90.4878921508789,46.0442008972168,76.0540466308594,79.0540466308594,77.0540466308594,78.1080856323242,77.0540466308594,79.0540466308594,481.547546386719,474.253143310547,466.504852294922,469.62158203125,472.426605224609,478.207733154297,318.587646484375,300.6943359375,316.269134521484,308.768371582031,317.015869140625,293.869323730469,319.169158935547,134.666580200195,233.946228027344,177.05158996582,291.204284667969,135.284057617188,2.48137040027685
96.6272835363163,38.9374759901607,58.2000017166138,-6.18450260162354,-13.9844827651978,-106.933647155762,1017.20886230469,-0.9278324842453,-14.0144462585449,13.0866136550903,4.79255771636963,-15.9002313613892,6.03725147247314,-19.1551342010498,168.725830078125,59.7385330200195,0.769316434860229,128.009796142578,118.62181854248,3.05397462844849,81.7885513305664,4.46931648254395,-0.0164436416625977,0.02845055796206,0.117992237210274,0.300000011920929,10,2001,4035.81811523438,122.065505981445,147.337158203125,131.40266418457,140.20133972168,127.26683807373,145.864166259766,226.737976074219,196.527008056641,215.004806518555,201.864166259766,217.341979980469,202.05403137207,296.640197753906,333.695434570312,316.555114746094,309.247589111328,293.422576904297,327.098083496094,207.28938293457,225.939300537109,219.335311889648,229.457794189453,216.366363525391,233.925964355469,251.856491088867,81.8601379394531,214.737548828125,128.454513549805,278.013000488281,101.120307922363,285.912200927734,61.112865447998,202.567276000977,111.433731079102,245.290817260742,89.5384902954102,44.1424942016602,76.1358261108398,79.1358261108398,77.2716522216797,78.1358261108398,77.1358261108398,79,478.865692138672,468.856079101562,463.903442382812,461.455261230469,468.931213378906,467.407897949219,313.182067871094,305.003295898438,316.559936523438,309.086944580078,314.838256835938,298.666137695312,308.8642578125,133.570755004883,232.156600952148,176.190399169922,280.960845947266,130.497146606445,2.48160110739416
96.6362666891575,38.9374759901607,54.9000017344952,-6.44006586074829,-13.7840538024902,-104.12841796875,1016.46899414062,-1.10921764373779,-14.3561811447144,13.2469635009766,4.54103469848633,-16.1605567932129,5.77697849273682,-19.3852844238281,172.317977905273,61.0133857727051,0.768675923347473,128.67561340332,121.711036682129,3.06867575645447,83.6779327392578,4.46867609024048,-0.0166190963745117,0.0284919105470181,0.117992237210274,0.300000011920929,10,2001,4046.75073242188,121.348602294922,147.651397705078,131,140,126.348602294922,145.348602294922,229.605575561523,195.697204589844,216.954177856445,201.348602294922,219.605575561523,200.394424438477,282.155364990234,339.165344238281,307.27490234375,300.531860351562,276.246978759766,332.165344238281,206.788833618164,228.605575561523,222.605575561523,235.256973266602,216.09162902832,238.605575561523,258.239044189453,99.5418472290039,216.137451171875,141.633483886719,288.284881591797,118.89045715332,291.137451171875,59.7430267333984,200.623489379883,107.486053466797,240.366516113281,89.6513977050781,43.6513938903809,76.6513977050781,79.6513977050781,78.3027877807617,78.6513977050781,77.6513977050781,79,487.679290771484,473.770935058594,468.165344238281,463.816741943359,477.027893066406,470.422332763672,305.183258056641,297.623504638672,309.229064941406,300.926300048828,307.531860351562,290.972106933594,322.101623535156,151.753005981445,249.798828125,221.23112487793,289.936279296875,154.826721191406,2.48183181451148
96.6991487590459,38.9374759901607,45.499999076128,-6.32972574234009,-14.3217992782593,-102.437309265137,1055.74157714844,-0.864451289176941,-14.8457918167114,13.9813404083252,4.91746520996094,-16.3379459381104,6.18826389312744,-19.9765338897705,168.407135009766,59.104907989502,0.800000011920929,126.312393188477,117.762657165527,3.09999990463257,81.7753829956055,4.59999990463257,-0.0174120559692383,0.0289041735231876,0.111968033015728,0.200000002980232,10,2001,4000.91381835938,123.33861541748,147.608520507812,130.83805847168,138.608520507812,126.730102539062,145.662490844727,253.378387451172,208.582946777344,247.137481689453,235.880096435547,251.608520507812,215.67839050293,281.178131103516,320.864776611328,298.971923828125,304.724273681641,274.774108886719,313.354522705078,210.595993041992,231.015899658203,234.623825073242,239.123275756836,230.096542358398,241.568740844727,275.953308105469,87.5142364501953,214.803298950195,142.718170166016,303.069305419922,107.217086791992,258.922149658203,55.0125198364258,202.965469360352,110.001686096191,243.069290161133,86.6488647460938,36.4068031311035,77.8920364379883,79.8920364379883,78.9460220336914,79.2835235595703,78.9460220336914,79.8920364379883,484.828399658203,468.624420166016,465.663665771484,462.042633056641,473.232391357422,470.744903564453,304.292083740234,300.076171875,299.712524414062,298.834106445312,296.387512207031,287.632385253906,476.893310546875,125.949630737305,237.251037597656,199.292144775391,301.325744628906,127.400108337402,2.48344676433268
96.7081319118871,38.9374759901607,51.1999987065792,-6.57853221893311,-14.2050676345825,-101.061050415039,1054.44750976562,-1.09233748912811,-15.1494197845459,14.0570821762085,4.68039751052856,-16.5751438140869,5.94809865951538,-20.2036361694336,172.860229492188,60.5124053955078,0.800000011920929,127.560218811035,121.700836181641,3.09999990463257,83.5905685424805,4.59999990463257,-0.0174256088256836,0.0289912037551403,0.113046526908875,0.233333334326744,10,2001,4019.35522460938,123.883010864258,146.792083740234,131.409103393555,138.473922729492,127.681823730469,144.792083740234,251.967926025391,199.076614379883,235.368682861328,225.628768920898,246.019302368164,204.543807983398,255.409408569336,317.629608154297,279.248565673828,292.484130859375,248.032348632812,304.316558837891,209.486557006836,223.888122558594,230.33674621582,235.681015014648,228.415023803711,238.207107543945,260.814971923828,81.6936721801758,208.277084350586,140.401596069336,298.726470947266,99.8233108520508,249.303146362305,57.8964691162109,211.405517578125,106.836761474609,236.817352294922,85.2660064697266,33.3434715270996,78,80,79,79.9351806640625,79,80,471.899963378906,460.816589355469,458.297210693359,453.563232421875,462.095245361328,464.758483886719,317.951019287109,314.632843017578,311.366027832031,310.755767822266,308.827301025391,297.034393310547,484.609680175781,144.483901977539,223.437942504883,210.326553344727,324.180694580078,139.826568603516,2.48367747144999
96.7350813704107,38.9374759901607,51.5000000596046,-6.76638031005859,-14.2367687225342,-100.470649719238,1057.47741699219,-1.28284847736359,-15.4542903900146,14.1714420318604,4.52517795562744,-16.8109836578369,5.78284454345703,-20.4590015411377,177.620559692383,62.1087875366211,0.800000011920929,127.159439086914,124.864379882812,3.39591002464294,86.0994415283203,5.29825925827026,-0.0174863128662109,0.0290824230760336,0.113046526908875,0.275000005960464,10,2001,4024.50048828125,129.071960449219,145.642684936523,135.714630126953,140.357315063477,133.714630126953,143.357315063477,249.290283203125,194.789047241211,223.362228393555,212.79150390625,237.434188842773,199.86100769043,237.928039550781,285.851165771484,268.498779296875,260.709716796875,236.570724487305,274.280456542969,200.642684936523,219.714630126953,225.285369873047,226.642684936523,218.714630126953,225.357315063477,231.786590576172,61.9280433654785,181.13899230957,129.282897949219,233.851181030273,78.2853622436523,231.285369873047,64.6426849365234,165.501235961914,106.213409423828,194.285369873047,90.2853622436523,35.2853622436523,77.3573150634766,79.6426849365234,79,80.6426849365234,79,79.6426849365234,476.642669677734,463.928039550781,461.928039550781,465.642669677734,468.928039550781,475.285369873047,322.714630126953,316.357330322266,312.786590576172,308.071960449219,313,298.357330322266,312.352416992188,152.848709106445,223.848709106445,209.707260131836,278.707275390625,147.995086669922,2.48436959280194
96.7440645232519,38.9374759901607,51.8999993801117,-6.62100648880005,-14.2628698348999,-100.261581420898,1060.69885253906,-1.15163481235504,-15.3785486221313,14.2269134521484,4.67290306091309,-16.7068347930908,5.92774343490601,-20.3871231079102,173.78125,60.7035675048828,0.800000011920929,126.818534851074,122.147796630859,3.27559542655945,84.434700012207,4.84655094146729,-0.0175177276611328,0.0290180891752243,0.113046526908875,0.300000011920929,10,2001,4002.90307617188,130.197021484375,145.127532958984,136.534744262695,140.872467041016,134.534744262695,143.872467041016,261.002655029297,204.366714477539,237.671005249023,228.740493774414,253.078216552734,210.984115600586,234.701065063477,271.699127197266,264.051971435547,249.417739868164,233.248977661133,261.558441162109,202.860015869141,222.426467895508,226.356979370117,228.019256591797,221.84684753418,227.974380493164,238.986541748047,62.9048881530762,176.952194213867,124.193374633789,228.737350463867,77.8856353759766,232.987548828125,62.656192779541,169.737854003906,104.26823425293,196.407928466797,91.1467819213867,34.0448722839355,77.8724670410156,79.1275329589844,79,80.1275329589844,79,79.1275329589844,477.388671875,466.376220703125,462.484497070312,468.070220947266,468.853942871094,477.828308105469,319.751312255859,311.197296142578,311.158508300781,304.572814941406,309.216552734375,293.617706298828,335.647186279297,127.490943908691,203.115142822266,191.413360595703,267.980255126953,133.78108215332,2.48460029991925
96.7530476760931,38.9374759901607,51.8999993801117,-6.51552724838257,-14.2765960693359,-99.8635101318359,1063.50927734375,-1.04488909244537,-15.3419103622437,14.2970209121704,4.77274322509766,-16.6267032623291,6.03410148620605,-20.3450756072998,173.282272338867,59.8579254150391,0.800000011920929,126.003067016602,121.205787658691,3.16814875602722,83.4957122802734,4.69999980926514,-0.0175491424560547,0.0289537534117699,0.112148821353912,0.275000005960464,10,2001,3986.93676757812,129.549362182617,144.873840332031,136.085433959961,140.873840332031,134.21159362793,143.873840332031,260.449798583984,206.085433959961,239.887130737305,230.310333251953,255.098739624023,213.022354125977,230.765213012695,277.119049072266,261.666473388672,253.082580566406,229.963516235352,265.690765380859,209.870697021484,227.244110107422,231.694747924805,232.969436645508,227.63166809082,233.757827758789,251.083145141602,68.4514694213867,192.417770385742,129.690505981445,255.676864624023,79.2390365600586,238.798294067383,58.9227828979492,172.239028930664,105.302116394043,203.690505981445,95.2124404907227,33.2116012573242,78,79.0630798339844,79,80,79,79,480.162658691406,475.528686523438,467.063934326172,474.712860107422,471.824890136719,485.825714111328,310.029724121094,297.227203369141,301.241333007812,292.592407226562,299.881225585938,280.803985595703,420.920867919922,123.735191345215,212.016906738281,194.880294799805,288.666961669922,134.447204589844,2.48483100703657
96.7710139817755,38.9374759901607,48.5000014305115,-6.77260255813599,-14.0003080368042,-96.2945861816406,1062.87341308594,-1.16860258579254,-15.7081604003906,14.5395584106445,4.53517246246338,-16.8761024475098,5.77046680450439,-20.5727806091309,178.696182250977,61.2616767883301,0.800000011920929,126.020210266113,124.948791503906,3.20000004768372,85.6587371826172,4.69999980926514,-0.0176119720458984,0.0288250856101513,0.111976899206638,0.200000002980232,10,2001,4018.18115234375,127.706787109375,144.293212890625,132.13786315918,139.431076049805,131.27571105957,143.293212890625,265.448577880859,202.13786315918,241.293212890625,228.431076049805,257.017517089844,208.568923950195,245.190368652344,312.621429443359,274.1728515625,301.105010986328,242.483581542969,301.794311523438,223.017501831055,233.844635009766,241,240.706787109375,238.58642578125,241.41357421875,263.741790771484,72.7417907714844,208.68928527832,129.706787109375,286.724273681641,86.6039352416992,254.984664916992,56.5689277648926,190.380737304688,108.862144470215,226.122528076172,89.9824981689453,32.8621444702148,77.1378555297852,78.706787109375,78.1378555297852,79.1378555297852,78.1378555297852,78.1378555297852,475.551422119141,472.258209228516,461.8271484375,468.551422119141,464.396057128906,476.102844238281,302,293.897155761719,297.1728515625,290.741790771484,297.017517089844,282.483581542969,425.240692138672,174.964996337891,281.636779785156,231.947494506836,312.498901367188,183.102844238281,2.4852924212712
96.7799971346167,38.9374759901607,52.6000000536442,-6.91814947128296,-13.8311738967896,-94.5797958374023,1060.88708496094,-1.24376916885376,-15.8681879043579,14.6244192123413,4.38631916046143,-16.9998378753662,5.61793041229248,-20.6698818206787,182.655303955078,62.0088119506836,0.800000011920929,125.659599304199,127.498550415039,3.20000004768372,87.0408782958984,4.69999980926514,-0.0175183731079102,0.0288289617747068,0.111976899206638,0.25,10,2001,4081.744140625,125.309814453125,146.122222900391,131.391815185547,140.230056762695,128.647720336914,144.838241577148,270.420593261719,203.095687866211,243.690185546875,230.365966796875,260.622589111328,209.757781982422,257.531372070312,324.341552734375,283.476745605469,322.735473632812,257.221557617188,318.558624267578,224.35075378418,229.849700927734,239.012145996094,238.593795776367,239.972625732422,236.903610229492,267.987030029297,78.9748611450195,202.971221923828,128.161758422852,286.796478271484,95.0029449462891,279.830322265625,57.4738082885742,213.642852783203,109.608184814453,250.790084838867,86.3774185180664,33.8921661376953,76.1078338623047,77.4457321166992,77.3918151855469,78.1078338623047,77.3918151855469,77.1078338623047,468.023590087891,462.9013671875,453.943145751953,460.739624023438,455.145111083984,464.738922119141,307.679565429688,307.248931884766,307.044708251953,300.382598876953,304.882263183594,298.357452392578,417.390411376953,169.742691040039,268.51123046875,227.379791259766,307.786804199219,172.306869506836,2.48552312838851
96.7889802874579,38.9374759901607,56.4999990165234,-6.96027183532715,-13.7333812713623,-94.171272277832,1058.43298339844,-1.29249548912048,-15.8761558532715,14.5836601257324,4.33086824417114,-17.0258941650391,5.55051946640015,-20.6683044433594,182.613372802734,62.0648574829102,0.800000011920929,125.21590423584,127.179130554199,3.20000004768372,87.2625503540039,4.69999980926514,-0.0173250549316406,0.0288872495293617,0.111976899206638,0.349999994039536,10,2001,4043.818359375,123.329299926758,146.798965454102,131.388259887695,140.798965454102,127.265167236328,145,271.575469970703,207.824890136719,245.670700073242,233.81623840332,260.726196289062,214.025924682617,260.178802490234,322.244873046875,287.050537109375,321.303619384766,260.754272460938,315.459716796875,220.882095336914,227.689697265625,234.996536254883,237.128265380859,237.069305419922,234.27897644043,268.469451904297,78.8181838989258,200.854461669922,127.589286804199,282.175109863281,96.0557174682617,278.225433349609,60.1317291259766,220.332992553711,109.885551452637,250.759231567383,86.4107131958008,34,76,77.6620635986328,77.6620635986328,78,77.6620635986328,77,463.055267333984,457.256286621094,451.438354492188,454.845581054688,451.315246582031,459.991119384766,316.062652587891,315.054016113281,313.565124511719,307.227172851562,311.615447998047,305.729888916016,417.078186035156,171.771331787109,272.674163818359,237.440322875977,316.137817382812,168.452163696289,2.48575383550583
96.7979634402991,38.9374759901607,54.6000003814697,-6.79393243789673,-13.7788276672363,-95.1636199951172,1058.37866210938,-1.18113398551941,-15.660717010498,14.4795827865601,4.46732807159424,-16.872049331665,5.69911336898804,-20.5229415893555,180.76432800293,61.5153427124023,0.800000011920929,125.810104370117,126.520698547363,3.2006618976593,86.7451858520508,4.70066165924072,-0.0171317352294922,0.0289455372840166,0.113326847553253,0.400000005960464,10,2001,3982.11840820312,121.696266174316,147,130.044403076172,141,126.348136901855,145,269.088806152344,213.866790771484,247.303726196289,237.911193847656,259.696258544922,219.866790771484,250.658950805664,301.621612548828,278.962677001953,307.399597167969,248.747741699219,295.577209472656,220.303726196289,229.259338378906,232.044403076172,235.696273803711,235.348129272461,234.303726196289,276.733581542969,72.5257415771484,198.392532348633,126.044403076172,276.133209228516,86.9626770019531,270.525726318359,61.6518669128418,215.22200012207,112.259330749512,244.177612304688,87.9555969238281,34,76,77.3481369018555,77.3481369018555,78,77.3481369018555,77,466.822387695312,460.822387695312,454.866790771484,456.866790771484,455.170532226562,464.474273681641,312.873870849609,309.918273925781,313.088806152344,306.436950683594,309.481323242188,301.222015380859,410.873870849609,170.088806152344,277.259338378906,241.348129272461,290.932434082031,172.822387695312,2.48598454262314
96.8338960516638,38.9374759901607,50.7000014185905,-6.76687526702881,-13.3908004760742,-93.4540405273438,1044.05261230469,-1.0917557477951,-15.421070098877,14.3293142318726,4.35230493545532,-16.789213180542,5.58701229095459,-20.2605419158936,183.18034362793,61.4824180603027,0.800000011920929,124.567108154297,127.628036499023,3.38713359832764,87.4661178588867,4.88713359832764,-0.0164832092285156,0.0291156861931086,0.116916500031948,0.300000011920929,10,2001,4038.62817382812,123.598182678223,147.127334594727,131.725509643555,139.401824951172,128.534515380859,145.063659667969,250.97721862793,207.496063232422,230.820526123047,221.800689697266,248.44807434082,212.579559326172,245.999664306641,312.422607421875,274.098480224609,287.724395751953,244.141891479492,297.417236328125,214.150100708008,218.959106445312,220.522552490234,226.546981811523,225.164566040039,230.425033569336,245.661071777344,86.975227355957,217.534515380859,142.681686401367,279.6904296875,96.2989196777344,268.16259765625,62.8722343444824,221.62841796875,115.960327148438,239.829376220703,81.8230361938477,32.7201385498047,76.4853210449219,78.6618423461914,78.2108306884766,78.2744903564453,77.4853210449219,78.6618423461914,462.070251464844,456.128540039062,459.624603271484,455.271545410156,459.899108886719,462.731658935547,322.843322753906,324.637847900391,319.852844238281,317.906982421875,314.936340332031,306.843322753906,424.707916259766,159.298919677734,236.723861694336,202.007446289062,298.639129638672,157.043395996094,2.4869073710924
96.842879204505,38.9374759901607,52.4000003933907,-6.94523096084595,-13.1320762634277,-90.9702529907227,1035.98364257812,-1.15238451957703,-15.5884447097778,14.4360609054565,4.12568616867065,-16.8932723999023,5.35028886795044,-20.2959537506104,187.708923339844,62.5621604919434,0.800000011920929,124.457008361816,130.824905395508,3.48948097229004,89.1472778320312,4.96389389038086,-0.0164158615112305,0.0291083995252848,0.116916500031948,0.300000011920929,10,2001,4074.22631835938,122.843070983887,148.156921386719,132,140.156921386719,127.264610290527,145.578460693359,235.224563598633,200.323043823242,211.910705566406,205.224563598633,230.910705566406,203.587661743164,257.941558837891,324.843078613281,286.313842773438,311.196960449219,258.52001953125,312.892303466797,230.932357788086,234.196975708008,235.932357788086,247.824676513672,242.667755126953,247.618515014648,256.676940917969,93.0492401123047,216.264602661133,140.107681274414,292.833862304688,101.892318725586,281.578460693359,61.156925201416,224.372299194336,120.627708435059,249.264602661133,80.313850402832,36.049243927002,75.4215393066406,78.4215393066406,77.4215393066406,78,76.4215393066406,78.4215393066406,448.9599609375,446.587646484375,442.910705566406,436.910705566406,442.910705566406,448.695343017578,319.686157226562,319.215362548828,321.156921386719,315.264617919922,314.421539306641,303.686157226562,380.919891357422,164.892318725586,246.883117675781,215.667755126953,321.187774658203,159.206176757812,2.48713807820971
97.9747564624956,38.9374759901607,49.8999990522861,-6.8305230140686,-12.6102895736694,-94.0408172607422,969.740112304688,-1.34663736820221,-14.760142326355,13.4135055541992,3.72475051879883,-15.9271583557129,4.84400701522827,-19.1349201202393,237.45719909668,74.2523574829102,0.400000005960464,123.986717224121,172.097763061523,1.79999995231628,117.431861877441,2,-0.0173133422851563,0.0243091844022274,0.0920068547129631,0.325000017881393,10,2001,3962.48193359375,109.417671203613,150.417678833008,124,140,116,148.253021240234,202.164657592773,132.481918334961,156.240951538086,145.076293945312,160.582321166992,130.405609130859,188.152603149414,322.783172607422,219.240951538086,250.024108886719,192.835342407227,287.847412109375,180.88752746582,195.152603149414,186.317260742188,191.811233520508,186.064239501953,192.405609130859,287.329315185547,56.6706848144531,168.353424072266,118,220,76.3293151855469,298.682739257812,44.6706848144531,214.253021240234,160.682739257812,274.771087646484,80.9116439819336,55.4176712036133,76,80,77.5823287963867,78,77,79.4176712036133,418.040130615234,415.558227539062,419.293151855469,419.634521484375,425.293151855469,414.305206298828,401.072357177734,388.871520996094,394.389617919922,388.554260253906,388.642608642578,393.289184570312,379.265075683594,103.570266723633,261.140533447266,175.835342407227,288.558227539062,115.74698638916,2.51620717499135
97.9837396153368,38.9374759901607,57.3999993503094,-6.65241813659668,-12.8268337249756,-96.5623626708984,971.895751953125,-1.21668922901154,-14.5137310028076,13.2970418930054,3.9316713809967,-15.7471046447754,5.07435989379883,-18.9743976593018,234.209594726562,72.9443283081055,0.400000005960464,124.20336151123,170.07844543457,1.79999995231628,116.691459655762,2,-0.0164686630249023,0.0253584180027246,0.0920068547129631,0.375,10,2001,4008.15869140625,111.618995666504,149.563507080078,125.309501647949,140.436492919922,118.182495117188,147,204.309494018555,146.110992431641,163.492004394531,151.492004394531,163.619003295898,138.928497314453,180.468505859375,302.452514648438,213.397003173828,233.452499389648,188.507995605469,274.579498291016,200.856994628906,204.492004394531,199.983993530273,206.674499511719,199.237991333008,199.619003295898,288.127014160156,55.4365005493164,158.690505981445,116.690498352051,226.547500610352,81.4919967651367,292.436492919922,45.1824989318848,204.706512451172,151.380996704102,259.889007568359,85.1824951171875,54.1269989013672,76.4365005493164,80,78,78.4365005493164,77.4365005493164,79,432.071502685547,424.253997802734,432.071502685547,430.381011962891,437.635009765625,425.563507080078,367.071502685547,370.817504882812,367.944488525391,362.944488525391,363.127014160156,374.381011962891,375.618988037109,90.6670150756836,243.191024780273,162.341506958008,303.364990234375,104.341506958008,2.51643788210866
97.992722768178,38.9374759901607,57.7000007033348,-6.85928821563721,-12.774040222168,-96.1684875488281,969.639709472656,-1.27999889850616,-14.5834712982178,13.3034725189209,3.81458401679993,-15.8883428573608,4.95836687088013,-19.0699081420898,234.976196289062,72.5017242431641,0.400000005960464,123.962898254395,170.685607910156,1.79999995231628,117.824844360352,2,-0.0156102111816406,0.0264446455985308,0.0920068547129631,0.449999988079071,10,2001,3932.10107421875,114.391395568848,149.343673706055,126.259658813477,140.947006225586,120.153686523438,147.29069519043,207.003799438477,156.165084838867,169.320251464844,157.320251464844,169.007598876953,145.848648071289,169.874984741211,301.189971923828,205.36328125,233.062042236328,186.458724975586,272.295928955078,209.755554199219,205.087829589844,206.698776245117,211.857727050781,202.457260131836,201.810012817383,288.85009765625,55.9470138549805,157.740341186523,113.996200561523,236.240036010742,85.2854232788086,293.528381347656,45.1188583374023,192.099838256836,138.434463500977,251.869735717773,83.3747177124023,52.8152809143066,76.6563262939453,79.7093124389648,77.7093124389648,78.9470138549805,77.6563262939453,78.7093124389648,423.116516113281,423.665405273438,424.279296875,424.120330810547,431.076416015625,423.308837890625,367.127899169922,370.590454101562,369.021942138672,364.021942138672,366.46630859375,374.224822998047,350.194488525391,69.8068008422852,201.939163208008,149.571426391602,286.087005615234,87.2110824584961,2.51666858922598
98.0017059210192,38.9374759901607,69.8999986052513,-6.32250356674194,-13.3401441574097,-103.540687561035,975.814636230469,-0.880494058132172,-13.7738542556763,12.8933610916138,4.44726848602295,-15.4073572158813,5.64441776275635,-18.5858211517334,228.525512695312,69.7263336181641,0.400000005960464,123.371421813965,165.735000610352,1.79999995231628,115.284217834473,2,-0.0147517593383789,0.0275308713316917,0.105545625090599,0.5,10,2001,3869.34423828125,114.488616943359,149.801177978516,125.687438964844,141.144897460938,119.687438964844,147.946075439453,209.639419555664,162.736297607422,173.676467895508,161.53157043457,173.699234008789,151.423736572266,179.739624023438,307.134094238281,210.392578125,242.856018066406,191.2021484375,278.568786621094,207.011047363281,193.734786987305,201.516525268555,205.357330322266,195.669815063477,197.40869140625,287.170318603516,58.0285835266113,159.616653442383,113.67896270752,232.928619384766,85.4886169433594,289.096221923828,40.3546829223633,184.684112548828,119.310882568359,246.698486328125,74.8231048583984,51.4743270874023,76.3437194824219,79.1988220214844,77.3437194824219,79,77.1988220214844,78.3437194824219,414.402709960938,427.744689941406,418.476806640625,418.476806640625,426.834899902344,420.627624511719,378.586242675781,378.321716308594,380.151550292969,376.310760498047,377.495269775391,381.764892578125,305.265991210938,68.6023635864258,182.706039428711,150.014373779297,246.729522705078,81.1558609008789,2.51689929634329
96.6183003834751,38.9284928373195,54.2000010609627,-5.87737703323364,-14.3880758285522,-115.107215881348,1006.97802734375,-0.804915308952332,-13.316930770874,12.5120153427124,5.07255458831787,-15.4248552322388,6.34518671035767,-18.6624698638916,163.065414428711,58.1322212219238,0.676496028900146,128.037399291992,114.868865966797,2.91474390029907,79.8715209960938,4.37649631500244,-0.016141291809082,0.0299705862998962,0.117992237210274,0.300000011920929,10,2001,3909.99389648438,119.278732299805,147.662902832031,129.302276611328,140.093231201172,125.302268981934,145.662902832031,220.674194335938,192.871948242188,214.128051757812,199.360626220703,217.069686889648,199.430328369141,290.339935302734,343.467010498047,316.31640625,310.258850097656,293.375701904297,333.921783447266,196.094177246094,210.687377929688,213.2109375,216.675140380859,206.01318359375,222.04801940918,258.130859375,95.7220993041992,196.777740478516,142.606323242188,285.257019042969,123.048851013184,273.438751220703,60.4538612365723,210.070571899414,111.651573181152,254.593215942383,89.1515884399414,56.0932273864746,75,79.5583801269531,77,78.8954772949219,76.2325744628906,79.5583801269531,486.523559570312,478.477386474609,475.058349609375,479.803192138672,482.488677978516,483.419036865234,317.149688720703,310.730712890625,311.835235595703,302.754241943359,311.602661132812,294.300384521484,332.638275146484,139.445327758789,265.814453125,194.384124755859,297.338928222656,145.886947631836,2.48194300219222
96.6272835363163,38.9284928373195,54.8000000417233,-5.85256767272949,-14.3790979385376,-114.951187133789,1007.96246337891,-0.822776138782501,-13.3402013778687,12.5174245834351,5.08685350418091,-15.4283618927002,6.34657335281372,-18.6742534637451,164.304550170898,58.1897239685059,0.66058623790741,127.59065246582,115.413452148438,2.89087915420532,80.0296325683594,4.36058616638184,-0.0161113922119141,0.0299385916441679,0.117992237210274,0.25,10,2001,3955.01318359375,121.240409851074,147.379791259766,130,139.759582519531,126,145.379791259766,221.240417480469,193.620208740234,213.379791259766,198.379791259766,218,199.379791259766,281.735290527344,335.317138671875,308.975677490234,294.595886230469,281.393829345703,319.735290527344,192.797943115234,206.177749633789,208.317123413086,214.278762817383,200.93733215332,216.557540893555,246.735275268555,85.5191802978516,199.06266784668,132.797943115234,279.038360595703,109.317123413086,281.365753173828,59.1393852233887,204.519180297852,108.759590148926,253.379791259766,87.1393814086914,55.7595901489258,75,78.7595901489258,77,78.3797912597656,76,78.7595901489258,486.139373779297,475.898986816406,473.379791259766,476.658569335938,480.759582519531,482.519165039062,321.062683105469,317.303070068359,318.923278808594,308.062683105469,318.923278808594,300.923278808594,329.543487548828,124.874664306641,261.759582519531,190.379791259766,288.177734375,132.11506652832,2.48217376254759
96.7440645232519,38.9284928373195,47.800000756979,-6.40491914749146,-14.4171180725098,-103.571350097656,1055.4921875,-1.06157386302948,-14.985258102417,13.9236841201782,4.84957838058472,-16.3968257904053,6.12817525863647,-20.0831336975098,171.316040039062,59.9962539672852,0.800000011920929,126.472526550293,120.115173339844,3.20000004768372,83.2971115112305,4.69999980926514,-0.0178924346923828,0.0287892483174801,0.113046526908875,0.200000002980232,10,2001,3948.89184570312,125.215873718262,147.239562988281,132.403121948242,139.03271484375,129.825866699219,145.96728515625,251.732528686523,204.989288330078,239.231262207031,228.667098999023,246.122543334961,214.041610717773,277.286254882812,305.877319335938,299.260009765625,284.647644042969,269.961639404297,295.988586425781,201.693328857422,229.156936645508,222.381851196289,228.296813964844,217.026947021484,229.601806640625,257.266632080078,72.6445083618164,207.392425537109,127.924125671387,270.913421630859,93.7336196899414,240.89030456543,59.0785369873047,192.784118652344,104.248588562012,208.488159179688,86.2722778320312,32.4922409057617,78,80,79,79.7277221679688,79,79.6950073242188,481.302581787109,477.964752197266,470.191345214844,474.990966796875,474.489837646484,486.391571044922,317.30908203125,292.878295898438,306.764526367188,296.712219238281,308.483215332031,284.039337158203,352.130004882812,120.222183227539,254.455444335938,204.283966064453,277.663269042969,127.796920776367,2.48517364716742
96.7799971346167,38.9284928373195,50.2999983727932,-6.82805490493774,-13.9313201904297,-96.8157119750977,1056.26965332031,-1.25214850902557,-15.6447772979736,14.3926286697388,4.44377613067627,-16.8224430084229,5.69314861297607,-20.5000267028809,180.995452880859,61.700065612793,0.800000011920929,126.127197265625,126.829933166504,3.20000004768372,86.5509567260742,4.69999980926514,-0.0178220260620117,0.0286936722695827,0.111976899206638,0.200000002980232,10,2001,4035.02856445312,121.534042358398,147.231063842773,131,139.768936157227,126.427238464355,146,243.206085205078,191.068206787109,217.837188720703,204.957626342773,235.592498779297,196.175018310547,265.893127441406,324.343414306641,291.168853759766,308.955230712891,263.141662597656,309.269775390625,218.345565795898,222.724273681641,225.759231567383,230.056228637695,230.697082519531,232.380477905273,246.013580322266,87.9357299804688,212.797836303711,137.570648193359,293.275360107422,100.894897460938,253.357498168945,64.4485092163086,207.982543945312,105.817459106445,232.341690063477,88.5689468383789,32.6583023071289,76.8931884765625,78.7863845825195,78.7863845825195,78.8931884765625,78.7863845825195,78.7863845825195,477.541687011719,473.524230957031,468.528045654297,470.968933105469,467.341705322266,477.951477050781,304.343811035156,303.751495361328,306.374816894531,298.743774414062,301.730163574219,289.668060302734,338.707305908203,188.922103881836,287.9609375,260.248168945312,302.4052734375,182.168914794922,2.4860966885889
96.7889802874579,38.9284928373195,54.4000007212162,-6.86530637741089,-13.840033531189,-95.9761352539062,1055.78479003906,-1.26929843425751,-15.6913089752197,14.4220104217529,4.40798616409302,-16.8641605377197,5.64446401596069,-20.5320568084717,181.436660766602,61.6347465515137,0.800000011920929,125.440643310547,126.580039978027,3.20000004768372,86.6761245727539,4.69999980926514,-0.017560920715332,0.0288019403815269,0.111976899206638,0.300000011920929,10,2001,4033.52734375,124.109436035156,147,131,140,128.487548828125,146,246.681518554688,194.437744140625,220.547180175781,209.034729003906,237.681518554688,200.059631347656,266.268676757812,312.318481445312,292.646789550781,309.403015136719,262.02490234375,304.403015136719,213.512451171875,221.621887207031,221.243774414062,223.268676757812,227,225.02490234375,247.756225585938,80.6716918945312,205.427917480469,127.427917480469,275.209045410156,90.1841430664062,259.572082519531,63.1343383789062,209.243774414062,104.378112792969,230.512451171875,88.6218872070312,34.487548828125,76.3781127929688,77.7562255859375,77.7562255859375,78.3781127929688,77.7562255859375,77.7562255859375,475.890563964844,473.134338378906,466.02490234375,471.378112792969,465.512451171875,479.621887207031,310.596984863281,305.243774414062,313.109436035156,305.353210449219,307.487548828125,295.353210449219,356.253601074219,180.806030273438,273.427917480469,239.587158203125,294.015075683594,182.756225585938,2.48632744894427
96.7979634402991,38.9284928373195,50.0000007450581,-6.76036548614502,-13.8643312454224,-96.2759323120117,1056.24499511719,-1.14751720428467,-15.5483379364014,14.4008207321167,4.50256443023682,-16.7662487030029,5.74134635925293,-20.4517669677734,180.205947875977,61.0617027282715,0.800000011920929,125.485214233398,125.889045715332,3.20227837562561,86.2149200439453,4.70227813720703,-0.0172998168945313,0.0289102084934711,0.113326847553253,0.375,10,2001,4012.26733398438,126.47486114502,147.474868774414,131.949722290039,140,129.525131225586,146.474868774414,255.949722290039,202.949722290039,232.374313354492,222.849166870117,247.899444580078,208.949722290039,252.128463745117,317.770965576172,278.128479003906,301.251373291016,247.128463745117,309.547515869141,214.849166870117,223.424591064453,226.27375793457,226.698333740234,230.324035644531,228.648056030273,251.27375793457,76.8994445800781,199.474868774414,126.223472595215,277.346405029297,88.2234725952148,260.301666259766,58.2011108398438,196.703887939453,103.52513885498,226.150833129883,85.2011108398438,35.5251388549805,76.4748611450195,77.4748611450195,77.9497222900391,78.4748611450195,77.9497222900391,77.4748611450195,468.301666259766,465.351928710938,456.351928710938,463.877075195312,457.351928710938,470.977630615234,317.324035644531,311.223480224609,317.374298095703,308.949737548828,312.324035644531,300.374298095703,396.167663574219,153.106094360352,254.178741455078,210.955276489258,279.849182128906,164.904998779297,2.48655820929964
96.8069465931403,38.9284928373195,49.6999993920326,-6.5133638381958,-14.000036239624,-97.8738861083984,1058.36791992188,-1.02821314334869,-15.3324403762817,14.3042278289795,4.73389434814453,-16.5847816467285,5.97464179992676,-20.259105682373,178.005142211914,59.4491348266602,0.800000011920929,124.587814331055,123.892288208008,3.29577231407166,84.3585357666016,4.79577207565308,-0.0170387115478516,0.0290184747427702,0.116916500031948,0.533333361148834,10,2001,3936.57275390625,126.661994934082,147.006286621094,131.996139526367,139.344284057617,128.68229675293,146.334136962891,256.979705810547,205.291107177734,237.899932861328,228.889785766602,250.287246704102,210.963256835938,224.500335693359,310.739349365234,244.59895324707,273.807403564453,219.828186035156,294.228179931641,218.922653198242,225.297393798828,232.22004699707,234.517456054688,234.584655761719,237.497146606445,278.858459472656,78.3036880493164,211.136901855469,135.166885375977,314.013732910156,99.1340026855469,250.187561035156,58.343318939209,181.956390380859,105.632987976074,220.110214233398,83.3761901855469,34.3544425964355,77.3177032470703,77.9898452758789,78.9796981811523,78.661994934082,78.9796981811523,77.9898452758789,470.318176269531,466.994201660156,452.74853515625,459.758666992188,456.043487548828,466.766418457031,311.093292236328,307.708404541016,315.031433105469,305.061889648438,309.371856689453,295.736450195312,442.805389404297,147.495101928711,246.503326416016,200.893539428711,290.479736328125,157.840362548828,2.48678896965501
96.8159297459814,38.9284928373195,49.6999993920326,-6.37278652191162,-14.0507354736328,-98.1885528564453,1059.09143066406,-0.905663073062897,-15.2158231735229,14.3101596832275,4.84823799133301,-16.4640979766846,6.1023154258728,-20.1424427032471,175.230377197266,58.9955368041992,0.800000011920929,123.66724395752,121.419784545898,3.29999995231628,83.7839202880859,4.79999971389771,-0.0167776077270508,0.0291267428547144,0.116916500031948,0.200000002980232,10,2001,3962.34155273438,125.976318359375,145.833282470703,130.652420043945,138.495223999023,128.157180786133,145.495223999023,256.276519775391,206.828674316406,242.223617553711,232.861892700195,250.300216674805,212.347579956055,210.659149169922,283.042419433594,224.744033813477,250.0830078125,206.863693237305,266.098083496094,219.443252563477,229.098419189453,233.828674316406,237.214080810547,234.419570922852,240.214080810547,305.230438232422,75.3248291015625,221.240264892578,135.544769287109,333.115112304688,103.325149536133,246.237457275391,63.5096969604492,182.78498840332,107.933876037598,217.585037231445,87.2614593505859,33.8569641113281,77.6619491577148,78,78.8191299438477,78.3380508422852,78.8191299438477,78,483.613037109375,479.490020751953,460.079650878906,466.175323486328,466.617645263672,476.4130859375,296.438934326172,291.592437744141,306.272521972656,296.272521972656,298.962768554688,283.372802734375,487.652984619141,163.155380249023,249.502334594727,209.473114013672,311.789886474609,163.742279052734,2.48701973001039
96.8249128988226,38.9284928373195,50.0000007450581,-6.52416467666626,-13.8258056640625,-96.3495559692383,1055.01196289062,-0.95028167963028,-15.3000001907349,14.3497190475464,4.68076944351196,-16.5897216796875,5.92749691009521,-20.2175235748291,179.605239868164,60.2080230712891,0.800000011920929,124.684257507324,125.145645141602,3.36770629882812,85.4491424560547,4.86770629882812,-0.0165165023803711,0.0292350109666586,0.116916500031948,0.300000011920929,10,2001,3983.0146484375,125.168601989746,146.425506591797,130.729705810547,138.763595581055,128,145.661911010742,254.555755615234,206.014282226562,242.845672607422,232.454071044922,249.217666625977,212.371994018555,230.945510864258,292.404937744141,251.707305908203,272.208648681641,228.371017456055,284.881286621094,218.079391479492,238.761795043945,233.658340454102,239.016952514648,232.112411499023,241.711868286133,288.324798583984,70.2274856567383,206.251617431641,124.060691833496,294.997467041016,94.7422256469727,252.164123535156,61.2640609741211,187.838516235352,104.448722839355,222.756454467773,89.0187301635742,35.32470703125,77.2363967895508,78,78.2702941894531,78.6619110107422,78.2363967895508,78,487.934875488281,479.451385498047,466.110595703125,469.326477050781,472.583404541016,481.157897949219,293.681518554688,282.44873046875,300.859069824219,291.028564453125,295.30419921875,277.130249023438,534.339782714844,141.489822387695,235.069625854492,197.648574829102,342.317504882812,136.247192382812,2.48725049036576
96.8338960516638,38.9284928373195,52.4000003933907,-6.62250232696533,-13.5906858444214,-94.8483428955078,1048.89379882812,-1,-15.3293142318726,14.3293142318726,4.52361440658569,-16.6631679534912,5.77783060073853,-20.2097721099854,181.741333007812,60.8976821899414,0.800000011920929,123.925514221191,126.149833679199,3.60000014305115,86.7066116333008,5.09999990463257,-0.0164568664550781,0.0292328111827374,0.116916500031948,0.275000005960464,10,2001,4002.98706054688,122.804748535156,147.548812866211,131.548812866211,140.097625732422,128,145.451187133789,258.488128662109,206.646438598633,245.841690063477,234.841690063477,252.939315795898,213.097625732422,248.097625732422,323.952545166016,277.939331054688,297.036956787109,246.646438598633,320.757293701172,235.306091308594,247.841690063477,244.07389831543,254.464401245117,244.915588378906,252.525085449219,270.353546142578,80.2691497802734,205.622711181641,128.720336914062,283.208465576172,99.0738983154297,273.11083984375,56.255931854248,199.329833984375,107.585762023926,232.585754394531,83.9630508422852,39.8416938781738,75.9023742675781,78,77.4511871337891,78.4511871337891,76.9023742675781,78,471.34033203125,467.023742675781,456.279663085938,453.34033203125,460.084411621094,467.535583496094,293.353546142578,285.585754394531,299.548828125,292.292877197266,295,279.939331054688,523.7783203125,131.781021118164,241.11083984375,196.878646850586,360.195251464844,123.683387756348,2.48748125072113
96.842879204505,38.9284928373195,54.4999986886978,-6.77222442626953,-13.3555936813354,-92.5192947387695,1043.13940429688,-1.02315425872803,-15.4592142105103,14.4360599517822,4.33678913116455,-16.7822914123535,5.58293056488037,-20.2496547698975,184.217834472656,61.4109840393066,0.800000011920929,123.941314697266,127.993064880371,3.60000014305115,87.6731109619141,5.21615505218506,-0.016399201965332,0.0292278956621885,0.116916500031948,0.300000011920929,10,2001,4046.7841796875,121.401840209961,148.401840209961,131.598159790039,140.196319580078,128,145.803680419922,258.177917480469,215.233123779297,251.411041259766,242.42024230957,256.196319580078,222.840484619141,268.288330078125,338.785278320312,296.868072509766,308.027587890625,268.092010498047,334.588958740234,248.383438110352,246.57975769043,248.374237060547,263.579772949219,253.57975769043,258.383453369141,272.616546630859,86.3742370605469,204.748474121094,129.552154541016,287.346649169922,100.159515380859,280.365051269531,55.2055206298828,208.607360839844,115.009201049805,238.401840209961,80.2055206298828,44.2055206298828,75,78,76.5981597900391,78,76,78,453.588958740234,461.616546630859,443.392639160156,438.401824951172,445.794494628906,454.803680419922,298.027587890625,291.803680419922,307.233123779297,298.616546630859,300.625762939453,286.812866210938,471.095123291016,155.877288818359,258.009185791016,219.868087768555,360.392639160156,148.082809448242,2.4877120110765
97.9747564624956,38.9284928373195,35.7000008225441,-7.02390336990356,-12.3546772003174,-89.5901641845703,973.766845703125,-1.47753310203552,-15.2772827148438,13.7997493743896,3.48204803466797,-16.215669631958,4.57136726379395,-19.4263916015625,239.760391235352,73.6380233764648,0.400000005960464,123.26197052002,173.172470092773,1.79999995231628,119.634201049805,2,-0.0187515213012695,0.0222973339259624,0.0920068547129631,0.325000017881393,10,2001,4056.02197265625,110.754119873047,151,125.754119873047,141.169418334961,117.923530578613,148.584701538086,215.016479492188,156.125900268555,175.956481933594,170.125900268555,176.617660522461,155.710601806641,224.35530090332,332.956481933594,242.278839111328,269.278839111328,228.601181030273,306.617645263672,194.628219604492,222.797637939453,213.797637939453,216.5517578125,208.119979858398,222.874099731445,314.311798095703,70.9070587158203,178.661178588867,120.568229675293,233.218841552734,83.8141098022461,314.065887451172,46.4152946472168,236.787063598633,156.508239746094,286.880004882812,81.4152908325195,55.7541198730469,73.8305892944336,78.2458801269531,74.8305892944336,76.2458801269531,74.8305892944336,77.2458801269531,404.601196289062,388.371765136719,397.863525390625,393.278839111328,406.202362060547,388.4482421875,400.770599365234,388.245880126953,388.338836669922,390.169403076172,385.677642822266,388.677642822266,386,101.58470916748,252.584701538086,172.475280761719,280.278839111328,111.136459350586,2.51678781585324
98.0017059210192,38.9284928373195,56.6000007092953,-6.98747634887695,-12.6454982757568,-95.5717926025391,965.638854980469,-1.48580360412598,-14.7421293258667,13.2563257217407,3.62320494651794,-15.9874696731567,4.75237035751343,-19.1529083251953,237.584106445312,73.1977310180664,0.400000005960464,124.19059753418,172.706329345703,1.84210216999054,119.325187683105,2,-0.015565315246582,0.0262426529079676,0.105545625090599,0.375,10,2001,4112.8212890625,106.46248626709,148.731246948242,124.365623474121,139.731246948242,115.46248626709,145.731246948242,213.409301757812,165.387451171875,174.581192016602,166.215560913086,170.774917602539,154.387451171875,215.2060546875,341.903137207031,236.52799987793,277.849945068359,222.893615722656,308.656219482422,190.32194519043,195.387451171875,191.268753051758,193,187.612548828125,196.021835327148,320.087341308594,62.9468078613281,173.065505981445,121.656211853027,243.087341308594,80.581184387207,315.065521240234,50.4843215942383,229.2060546875,158.193725585938,293.043670654297,84.3874588012695,57.1937294006348,73.9031372070312,77.2687606811523,74.9031372070312,76.2687606811523,74.9031372070312,77.2687606811523,415.22509765625,410.053192138672,413.934478759766,411.568878173828,419.321960449219,413.568878173828,394.818603515625,394.559356689453,394.431121826172,395.431121826172,393.431121826172,390.043670654297,376.462493896484,99.8185882568359,232.549835205078,170.818588256836,306.828094482422,108.774917602539,2.51748009691935
98.0106890738604,38.9284928373195,57.9999983310699,-6.56904268264771,-13.1137847900391,-101.892036437988,969.340637207031,-1.13752293586731,-14.0170860290527,12.879563331604,4.14493465423584,-15.5881204605103,5.30968236923218,-18.7381725311279,232.150573730469,71.243522644043,0.400000005960464,124.185737609863,169.060165405273,1.79999995231628,117.43138885498,2,-0.0144970504760742,0.0275706946849823,0.111631043255329,0.375,10,2001,4014.64184570312,107.93180847168,148.977264404297,124,140.465911865234,114.977272033691,146.465911865234,206.954544067383,156.113647460938,168.488632202148,158.045455932617,164.93180847168,148.045455932617,194,331.761383056641,221.534088134766,265.159118652344,207.045455932617,302.068176269531,194.090927124023,186.602279663086,192.488632202148,192.022735595703,188.579559326172,189.06819152832,299.602294921875,56.9772682189941,162.465911865234,115.556823730469,233.352249145508,74.4886322021484,302.511352539062,41.5795555114746,195.295486450195,134.500061035156,267.897766113281,74.6250152587891,47.1818428039551,75.4886322021484,78.4886322021484,76.4886322021484,77.4886322021484,76.4886322021484,78.4886322021484,424.488647460938,420.909088134766,426,426.931823730469,428.954528808594,427.465911865234,381.420440673828,392.488647460938,381.511352539062,381.045471191406,381.977264404297,383.465911865234,346.170532226562,72.2500305175781,199.852325439453,148.625015258789,274.216003417969,85.82958984375,2.51771085727472
96.6721993005223,38.9195096844783,49.8999990522861,-6.05563163757324,-14.3883781433105,-107.405410766602,1030.4404296875,-0.742536127567291,-14.1431159973145,13.400580406189,5.07657480239868,-15.7197294235229,6.37657451629639,-19.2222480773926,165.052795410156,58.3571357727051,0.800000011920929,125.55574798584,114.659507751465,3.09999990463257,80.6469573974609,4.59999990463257,-0.0175102813720703,0.0291437208652496,0.111233197152615,0.200000002980232,10,2001,3959.65551757812,119.893409729004,145.262268066406,128.262268066406,138.893417358398,124.524551391602,144.631134033203,261.475463867188,209.737731933594,254.737731933594,237.368865966797,253.106582641602,215.737731933594,292.409545898438,318.631134033203,314.614349365234,299.622741699219,291.302978515625,316.786834716797,209.213180541992,241.155685424805,237.057495117188,237.106582641602,222.475448608398,244.417953491211,269.942504882812,126.360466003418,216.835922241211,150.573638916016,302.262268066406,147.253875732422,278.098205566406,60.2622756958008,204.893417358398,109.631134033203,244.467056274414,89.5245513916016,39,75.3688659667969,79,76.3688659667969,78.3688659667969,76.3688659667969,79,499.164093017578,477.631134033203,476.057495117188,479.795227050781,485.901794433594,488.426361083984,291.622741699219,281.213165283203,286.885009765625,283.098205566406,291.622741699219,267.786834716797,425.22998046875,157.859817504883,248.286178588867,205.941207885742,266.114990234375,160.974807739258,2.48390075014426
96.6811824533635,38.9195096844783,52.4999983608723,-6.22153663635254,-14.2828798294067,-103.517784118652,1037.79162597656,-0.742536127567291,-14.5420866012573,13.7995500564575,4.96811676025391,-15.9229831695557,6.27630758285522,-19.4962997436523,168.355056762695,58.856372833252,0.800000011920929,126.36319732666,117.807334899902,3.09999990463257,81.474006652832,4.59999990463257,-0.0176313613891602,0.0290451385080814,0.111233197152615,0.200000002980232,10,2001,3981.93139648438,119.012145996094,144.452972412109,127.452972412109,137.346771240234,123.127738952637,144.337387084961,262.206878662109,209.659866333008,253.772705078125,236.553665161133,253.544281005859,215.881652832031,275.01318359375,311.240112304688,290.737670898438,285.319610595703,271.029205322266,307.483428955078,210.532135009766,239.686904907227,239.84521484375,236.435317993164,222.985107421875,241.474517822266,276.248168945312,111.9794921875,212.057983398438,143.27815246582,303.670867919922,131.326263427734,270.958435058594,59.4529724121094,206.45182800293,109.780960083008,238.06462097168,88.7931060791016,38.7782096862793,75.884407043457,79,76.884407043457,78.884407043457,76.884407043457,79,503.054870605469,478.002746582031,480.175964355469,484.722991943359,490.823669433594,493.503936767578,286.412994384766,282.310333251953,279.978820800781,278.619903564453,286.191223144531,264.915344238281,451.462585449219,120.902198791504,222.616256713867,141.144180297852,286.993927001953,138.242446899414,2.48413156376226
96.7889802874579,38.9195096844783,49.8999990522861,-6.51654958724976,-14.1106081008911,-99.3491439819336,1055.32995605469,-1.01956605911255,-15.2242040634155,14.2046384811401,4.73657131195068,-16.4767837524414,6.00450754165649,-20.192232131958,176.011871337891,60.1403045654297,0.800000011920929,125.577323913574,123.090156555176,3.20000004768372,84.6900329589844,4.69999980926514,-0.0175427169799805,0.0289091616868973,0.111976899206638,0.300000011920929,10,2001,3976.86694335938,120.88941192627,147.555297851562,130.444702148438,139.444702148438,125.88941192627,145.555297851562,264.002349853516,210.668228149414,253.447052001953,241.002349853516,259.557647705078,217.223526000977,267.103546142578,332.882354736328,303.656494140625,304.101196289062,268.882354736328,324.437652587891,212.776473999023,238.223526000977,227.889404296875,239.223526000977,225.221176147461,241.668228149414,283.442352294922,90.9976501464844,221.223526000977,141.889404296875,305.557647705078,115.11058807373,286.110595703125,65.3317642211914,214.884704589844,111.887062072754,240.665878295898,92.8870620727539,33.4447059631348,75.4447021484375,76.4447021484375,77,77.4447021484375,76.4447021484375,76.4447021484375,473.887054443359,465.665893554688,458.442352294922,458.776458740234,461.887054443359,469.331756591797,313.336456298828,296.110595703125,313.77880859375,302,313.336456298828,288.444702148438,460.312957763672,187.684677124023,283.684692382812,272.797637939453,304.228240966797,198.350570678711,2.4869013271783
96.7979634402991,38.9195096844783,46.5999990701675,-6.63653707504272,-14.0023860931396,-97.6492538452148,1055.97839355469,-1.02951538562775,-15.3701257705688,14.3406105041504,4.64333248138428,-16.6183700561523,5.90762090682983,-20.3153781890869,177.798324584961,60.7092704772949,0.800000011920929,125.351547241211,124.181800842285,3.23920631408691,85.6794281005859,4.73920631408691,-0.0173045761108398,0.0289960540831089,0.113326847553253,0.200000002980232,10,2001,4007.68481445312,121.919616699219,147.337936401367,131.257553100586,139.959808349609,126.919616699219,145.635696411133,266.554016113281,212.567840576172,256.513824462891,243.256256103516,261.296447753906,219.203536987305,259.013854980469,308.987976074219,283.865234375,281.847503662109,258.089050292969,300.028167724609,210.49870300293,240.799041748047,229.812866210938,240.01252746582,224.054016113281,242.97233581543,275.153015136719,79.8111801147461,219.035003662109,138.453338623047,300.150390625,107.827590942383,275.850067138672,61.6456451416016,200.985778808594,106.792579650879,231.974533081055,88.9835891723633,33.9598083496094,76.2575607299805,77.2575607299805,77.2977523803711,78.2575607299805,77.2575607299805,77.5553131103516,472.365600585938,467.098083496094,456.108032226562,459.476226806641,460.365600585938,469.516418457031,317.135681152344,292.102874755859,313.754974365234,300.213500976562,316.540191650391,287.768798828125,441.573089599609,201.490875244141,303.148162841797,281.574737548828,305.952026367188,205.549667358398,2.48713214079631
96.8069465931403,38.9195096844783,52.6000000536442,-6.51826000213623,-14.0835390090942,-98.4958572387695,1057.4814453125,-1.0018697977066,-15.3006010055542,14.2987308502197,4.75174236297607,-16.5489139556885,6.01058053970337,-20.2424278259277,176.914306640625,59.7633361816406,0.800000011920929,124.51148223877,123.104164123535,3.29757046699524,84.8898696899414,4.79757022857666,-0.0170664352416992,0.0290866326540709,0.116916500031948,0.449999988079071,10,2001,3931.19580078125,122.603271484375,147.511199951172,131.662017822266,139.849182128906,127.150817871094,146.324020385742,263.310180664062,210.447036743164,253.310180664062,239.346542358398,257.346527099609,217.771072387695,269.544281005859,292.092437744141,282.963653564453,277.343505859375,261.896362304688,282.790802001953,212.019378662109,242.357360839844,233.700759887695,239.083648681641,227.700759887695,242.083648681641,273.954711914062,74.9045181274414,216.725784301758,136.387786865234,291.982757568359,104.471435546875,259.349792480469,60.9776077270508,190.857849121094,103.935844421387,220.547775268555,88.3379898071289,33.396728515625,76.9636459350586,78.1144638061523,77.9636459350586,78.9636459350586,77.9636459350586,78.776481628418,477.047180175781,472.580749511719,458.122894287109,463.885406494141,463.539001464844,474.488677978516,310.933441162109,285.061889648438,308.651184082031,296.368927001953,309.609436035156,284.089691162109,484.572875976562,180.689392089844,292.133178710938,242.950119018555,306.255340576172,176.172897338867,2.48736295441431
96.8159297459814,38.9195096844783,54.2000010609627,-6.31754732131958,-14.1546382904053,-99.2341690063477,1060.42517089844,-0.866556406021118,-15.1307506561279,14.2641944885254,4.93207836151123,-16.392406463623,6.20168209075928,-20.1082496643066,174.714782714844,58.9472770690918,0.800000011920929,123.643272399902,121.093338012695,3.29999995231628,83.7452621459961,4.79999971389771,-0.0168282943725586,0.0291811395436525,0.116916500031948,0.699999988079071,10,2001,3944.6005859375,124.66349029541,146.672164916992,131.334121704102,139.338027954102,127.669776916504,145.668258666992,262,208.687774658203,251.9921875,237.334121704102,255.338027954102,215.352127075195,273.435577392578,295.948211669922,283.771240234375,281.344116210938,267.405029296875,285.635955810547,216.280151367188,246.934310913086,241.910034179688,244.58610534668,235.921752929688,247.589996337891,292.849578857422,93.9798736572266,233.092422485352,152.53971862793,313.037567138672,126.270210266113,252.045303344727,62.7025146484375,188.320037841797,103,219.680618286133,88.6853866577148,31.348217010498,77.6619720458984,79.3278427124023,78.6658706665039,79.6619720458984,78.6658706665039,79.6619720458984,482.985046386719,475.939086914062,456.674530029297,462.334991455078,464.349731445312,474.994567871094,300.734802246094,277.126617431641,301.749542236328,292.744781494141,300.062652587891,277.749542236328,528.885986328125,214.660781860352,329.664672851562,260.89208984375,357.448944091797,208.00422668457,2.48759376803231
96.8249128988226,38.9195096844783,54.2000010609627,-6.43272352218628,-13.9656066894531,-97.6615829467773,1057.49645996094,-0.91492772102356,-15.2149276733398,14.3000001907349,4.80236482620239,-16.5103855133057,6.05419969558716,-20.1722965240479,177.853912353516,59.6033554077148,0.800000011920929,124.051528930664,123.576095581055,3.33890676498413,84.8372192382812,4.83890628814697,-0.016590153503418,0.0292798336595297,0.116916500031948,0.566666662693024,10,2001,3956.31079101562,126,146.518936157227,131,139.518936157227,128.518936157227,145,262,210.594665527344,250.962127685547,237,255.518936157227,216.075729370117,286.492279052734,298.32958984375,298.011199951172,287.594665527344,280.378662109375,289.924255371094,212.772796630859,242.216003417969,236.621337890625,239.659194946289,232.178131103516,243.178131103516,291.432006835938,111.075736999512,217.977600097656,152.026672363281,297.269348144531,139.88639831543,256.708251953125,69.1893310546875,187.443206787109,103,224.594665527344,91.5946655273438,31.5568008422852,77.4810638427734,79.4810638427734,79,79.4810638427734,79,79.4810638427734,484.962127685547,469.216003417969,455.518920898438,459.481079101562,466.075744628906,472.962127685547,302.265075683594,288.567993164062,307.859741210938,300.859741210938,301.746124267578,283.859741210938,540.178161621094,210.712539672852,326.231475830078,278.253875732422,377.875213623047,206.269332885742,2.48782458165032
96.8338960516638,38.9195096844783,47.4000014364719,-6.49788570404053,-13.7805128097534,-96.1729888916016,1053.2822265625,-0.91492772102356,-15.2442426681519,14.3293142318726,4.68319177627563,-16.5683174133301,5.94705057144165,-20.167236328125,179.825271606445,60.1365852355957,0.800000011920929,124.344665527344,125.171981811523,3.50979948043823,85.7154693603516,5.00979948043823,-0.0165266540527344,0.029280811548233,0.116916500031948,0.266666680574417,10,2001,3967.14501953125,125.627983093262,147,131.372009277344,139.627990722656,129,145.372009277344,263.860076904297,213.372009277344,250.744033813477,239.232086181641,258.604095458984,219.488052368164,287.095581054688,291.395904541016,298.723571777344,283.67578125,279.211608886719,285.395904541016,206.255966186523,233.511947631836,224.395904541016,231,221.395904541016,234.255966186523,270.67578125,106.303764343262,199.44026184082,135.907852172852,257.443695068359,126.583625793457,267.208190917969,71.0238952636719,196.416366577148,104.11604309082,232.580200195312,91.7679214477539,33.372013092041,76.6279830932617,78.255973815918,78.6279830932617,78.6279830932617,78.255973815918,78.255973815918,485.116027832031,465.348114013672,460.092132568359,461.232086181641,470.232086181641,473.488067626953,308.255981445312,301.139923095703,315.883972167969,307.767913818359,308.372009277344,292.255981445312,531.627990722656,174.279861450195,296.976104736328,266.791809082031,362.372009277344,171.279861450195,2.48805539526832
96.842879204505,38.9195096844783,49.6999993920326,-6.62714147567749,-13.551079750061,-93.9728088378906,1049.5908203125,-0.930266439914703,-15.3509883880615,14.4207210540771,4.52798223495483,-16.6989669799805,5.78251504898071,-20.2173938751221,182.660202026367,60.7624549865723,0.800000011920929,124.185272216797,127.052307128906,3.60000014305115,86.7936019897461,5.28649520874023,-0.0164648635864258,0.029280811548233,0.116916500031948,0.300000011920929,10,2001,4007.39575195312,124.662818908691,147.225112915039,131.661834716797,139.113052368164,129,145.886947631836,262.832977294922,213.436721801758,250.423233032227,241.421264648438,260.632873535156,221.998031616211,272.193298339844,296.345611572266,288.03369140625,283.250946044922,268.555511474609,291.020935058594,217.38215637207,234.603759765625,229.120483398438,238.653823852539,228.146499633789,238.853897094727,267.549621582031,93.4330520629883,204.111251831055,127.317054748535,248.751647949219,108.113296508789,270.365325927734,66.2290420532227,208.133331298828,106.561309814453,237.377838134766,88.2280578613281,33.8869514465332,75.8879318237305,77.2260971069336,77.8879318237305,78.1130447387695,77.0009841918945,77.2260971069336,478.781921386719,466.380767822266,460.353790283203,459.819458007812,466.568359375,471.270690917969,303.174072265625,299.015472412109,311.187561035156,301.526702880859,305.51025390625,289.875427246094,506.125579833984,170.030914306641,289.839996337891,256.881317138672,347.579315185547,167.706253051758,2.48828620888632
98.0106890738604,38.9195096844783,52.9999993741512,-6.66581678390503,-12.9112586975098,-100.078590393066,967.5185546875,-1.40645825862885,-14.3242149353027,12.9177570343018,3.90095543861389,-15.7141342163086,5.04777669906616,-18.9004917144775,235.655792236328,72.5479354858398,0.400000005960464,124.208946228027,171.464981079102,1.79999995231628,118.748657226562,2,-0.0150938873291016,0.0268709734082222,0.111631043255329,0.400000005960464,10,2001,4021.65771484375,110.665519714355,150.299880981445,124.387565612793,139.987319946289,116.053085327148,147.321792602539,213.444091796875,141.599914550781,165.46257019043,157.118850708008,170.431411743164,139.594100952148,210.137435913086,329.905548095703,234.207778930664,278.880004882812,211.198532104492,298.949371337891,178.859375,207.273391723633,191.872055053711,202.39680480957,181.449890136719,206.891616821289,311.116638183594,60.6667518615723,164.270095825195,116.197296142578,223.694625854492,79.4256057739258,319.482299804688,42.5273628234863,242.156997680664,149.118850708008,290.697906494141,75.8258514404297,58.3252372741699,73.6089935302734,76.6216735839844,75.2652740478516,75.943473815918,74.2871932983398,76.6216735839844,397.945831298828,406.326354980469,398.858154296875,391.489074707031,406.614807128906,395.801635742188,423.194793701172,387.056518554688,409.591583251953,406.114135742188,411.913391113281,397.284820556641,373.216400146484,99.6968383789062,242.718444824219,167.980285644531,277.455963134766,109.765892028809,2.51829197922677
98.0196722267016,38.9195096844783,79.9999982118607,-6.11132907867432,-13.5046195983887,-108.854713439941,971.869262695312,-1.00595581531525,-13.4268398284912,12.4208841323853,4.54486274719238,-15.1914329528809,5.72475051879883,-18.3828411102295,229.090866088867,70.3539428710938,0.400000005960464,123.961380004883,166.816207885742,1.79999995231628,115.966819763184,2,-0.0140407119750977,0.0280854757875204,0.111631043255329,0.5,10,2001,3873.43188476562,111.312469482422,150.480087280273,124.832382202148,140.968704223633,117.320999145508,147.656234741211,213.215957641602,148.701690673828,168.914840698242,159.377868652344,172.065399169922,143.443267822266,198.471817016602,314.684600830078,228.059585571289,260.4658203125,206.204620361328,286.5029296875,184.772796630859,195.55110168457,194.866485595703,203.624938964844,185.707397460938,200.443161010742,310.34375,58.1023979187012,164.7529296875,118.818321228027,227.931701660156,77.9831237792969,315.300964355469,36.8523292541504,215.411849975586,142.218322753906,282.377593994141,70.1477508544922,55.3096542358398,75.9857635498047,77.6647644042969,77.3295288085938,77.4971466064453,76.3295288085938,77.6647644042969,408.920471191406,417.704498291016,410.272766113281,405.786956787109,415.943237304688,408.417602539062,406.306732177734,386.912017822266,395.516998291016,390.588104248047,398.349365234375,391.139221191406,346.174377441406,99.3915710449219,230.846160888672,164.692886352539,264.414398193359,103.354827880859,2.51852279284478
98.037638532384,38.9195096844783,67.9000020027161,-5.3680567741394,-14.3229808807373,-119.479278564453,985.792297363281,-0.347881019115448,-12.3377056121826,11.9898242950439,5.50496292114258,-14.5681476593018,6.75632905960083,-17.7512512207031,222.861038208008,68.152702331543,0.400000005960464,123.323638916016,162.002395629883,1.72165906429291,113.128486633301,2,-0.012899446105957,0.0296658333390951,0.111631043255329,0.450000017881393,10,2001,3731.42211914062,112.705230712891,147.917907714844,126.082092285156,137.917907714844,119.705230712891,146.458953857422,214.294769287109,153.917907714844,174.835815429688,161.835815429688,175.294769287109,153.458953857422,203.458953857422,298.164184570312,215.917907714844,232.753723144531,205.917907714844,279.917907714844,203.033599853516,180.458953857422,203.869415283203,198.835815429688,196.951507568359,193.541046142578,271.503662109375,62.2947692871094,162.261169433594,126.589538574219,193.07829284668,85.2126770019531,279.604431152344,37.0820922851562,178.671630859375,105.082092285156,245.179077148438,64.3768615722656,50.9179077148438,76.5410461425781,78.5410461425781,78,78.5410461425781,77.5410461425781,78.5410461425781,413.966400146484,421.130584716797,418.048492431641,419.294769287109,424.671630859375,418.294769287109,383,398.410461425781,378.082092285156,381.869415283203,377.835815429688,388.705230712891,338.86181640625,58.5074501037598,176.179077148438,115.73503112793,214.096984863281,73.8358154296875,2.51898442008078
98.0466216852252,38.9195096844783,67.9000020027161,-5.22553157806396,-14.4655666351318,-121.183128356934,992.576171875,-0.179794982075691,-12.1218204498291,11.9420251846313,5.72880363464355,-14.4795799255371,7.02558708190918,-17.6569786071777,221.557037353516,68.0459594726562,0.356953173875809,123.691841125488,161.447326660156,1.59897863864899,112.588607788086,1.91390633583069,-0.0125322288513184,0.0302932299673557,0.112338028848171,0.450000017881393,10,2001,3713.97216796875,115.395408630371,146.604598999023,127,137,122.395408630371,146,204.487289428711,148.255126953125,167.464309692383,154.464309692383,167.464309692383,147.859725952148,203.395401000977,295.650543212891,215.395401000977,227.232162475586,203.813781738281,275.045928955078,211.767837524414,181.977035522461,206.022964477539,197.790817260742,200.813781738281,197.16325378418,244.32649230957,60.7908134460449,149.650527954102,125.954063415527,167.977035522461,86.3494644165039,258.859710693359,39.1862182617188,176.581619262695,108.372436523438,232.83674621582,63,48.0229682922363,77.3954086303711,79.3954086303711,78.3954086303711,79.3954086303711,78.3954086303711,79.3954086303711,415.908111572266,428.466766357422,418.140289306641,418.977020263672,424.163238525391,422.721893310547,372.324035644531,389.556182861328,375.836761474609,383.232147216797,374.418365478516,381.114837646484,268.811309814453,49.8367500305176,163.83674621582,95.2091903686523,199.650527954102,66.0689086914062,2.51921523369879
98.0556048380664,38.9195096844783,77.1000012755394,-4.9814567565918,-14.6720781326294,-123.40259552002,1001.48217773438,0.0577584281563759,-11.8351163864136,11.8928747177124,6.04616594314575,-14.313720703125,7.38912582397461,-17.5113945007324,218.298828125,65.9325256347656,0.307802468538284,122.990325927734,158.728302001953,1.5945235490799,111.706024169922,1.81560492515564,-0.0121650115966797,0.0309206247329712,0.117335893213749,0.474999994039536,10,2001,3699.03002929688,116.155639648438,146.843505859375,127.499572753906,137.749359130859,123.155639648438,146.499572753906,195.787948608398,144.377838134766,161.31721496582,149.316360473633,161.816787719727,142.972427368164,204.155639648438,294.781555175781,217.404556274414,230.153457641602,203.031799316406,276.186096191406,215.340957641602,183.779907226562,204.220092773438,201.809127807617,200.531372070312,200.997024536133,253.492767333984,61.0623474121094,145.284545898438,127.811309814453,172.777328491211,91.2150192260742,257.219635009766,39.4686317443848,179.372756958008,110.685760498047,229.002975463867,61.7510719299316,45.4707412719727,77.9058532714844,79.9058532714844,78.9058532714844,79.9058532714844,78.9058532714844,79.9058532714844,431.362518310547,447.016479492188,429.522003173828,426.524963378906,433.742095947266,437.14453125,353.296508789062,369.20361328125,366.257904052734,371.665893554688,365.632385253906,362.608642578125,247.329086303711,48.2510375976562,162.750610351562,99.1839981079102,192.536911010742,62.6585693359375,2.51944604731679
98.0645879909076,38.9195096844783,74.1000026464462,-4.86674642562866,-14.7417612075806,-122.773536682129,1009.87841796875,0.209671169519424,-11.8027820587158,12.0124540328979,6.23804616928101,-14.2577676773071,7.61242914199829,-17.4824371337891,218.843322753906,66.3095474243164,0.336904019117355,123.310119628906,159.414749145508,1.57465255260468,111.992530822754,1.87808120250702,-0.0117977935791016,0.0315480194985867,0.117335893213749,0.449999988079071,10,2001,3681.93310546875,116.864387512207,148.17643737793,128.728775024414,139.593170166016,123.968574523926,147.312042236328,196.457565307617,147.737686157227,162.24919128418,152.185836791992,163.873794555664,145.217269897461,205.489486694336,300.110076904297,219.623596191406,241.827743530273,204.384811401367,285.608978271484,213.499603271484,180.739898681641,203.0927734375,204.892807006836,200.404830932617,198.531036376953,256.103179931641,59.5110092163086,146.175933837891,122.638214111328,178.46696472168,89.6775436401367,265.995788574219,37.5115127563477,180.551345825195,109.198463439941,227.614196777344,59.0947799682617,44.0623512268066,78,80,79,80,79,80,444.589447021484,457.715667724609,440.652313232422,437.516693115234,445.099456787109,450.172210693359,341.910949707031,361.54443359375,356.359100341797,357.590484619141,354.391510009766,351.536529541016,246.144012451172,53.2271766662598,165.830459594727,109.725067138672,191.668426513672,70.0277099609375,2.5196768609348
98.0735711437488,38.9195096844783,70.7999989390373,-4.53182649612427,-14.9506912231445,-123.827651977539,1021.54827880859,0.528014421463013,-11.5486192703247,12.0766334533691,6.64947175979614,-14.0388298034668,8.06697940826416,-17.3095302581787,216.284820556641,65.2803649902344,0.301968187093735,122.595710754395,157.090866088867,1.62709259986877,110.422134399414,2.02315640449524,-0.0114305763244629,0.0321754142642021,0.117335893213749,0.400000005960464,10,2001,3637.36450195312,117.61457824707,148.38542175293,130.229156494141,141.84375,125.229164123535,146.770843505859,199.45832824707,149.38542175293,164.229156494141,154.61457824707,166.84375,146.38542175293,209.30207824707,288.333374023438,216.468765258789,243.468765258789,205.61457824707,279.864624023438,201.250030517578,170.322937011719,193.093780517578,191.947952270508,189.864608764648,185.020874023438,252.468765258789,57.7708358764648,144.312515258789,122.072906494141,183.687484741211,83.8541793823242,269.770843505859,37.8437461853027,177.69792175293,105.927093505859,222.239593505859,57.3854179382324,39.4687614440918,78,80,79,80,79,80,452.6875,462.84375,446.229156494141,443.84375,447.3125,454.15625,346.062469482422,366.833312988281,361.291625976562,364.208282470703,362.208282470703,360.822875976562,243.468765258789,58.6874923706055,157.479202270508,117.072906494141,206.052047729492,74.6145782470703,2.5199076745528
96.6362666891575,38.9105265316371,56.2999993562698,-5.38630962371826,-14.8168649673462,-123.731689453125,1001.33953857422,-0.450718104839325,-12.4265747070312,11.9758567810059,5.58451271057129,-14.7782602310181,6.926833152771,-18.0253582000732,158.889755249023,56.2124671936035,0.700112760066986,126.08763885498,110.60782623291,2.90011262893677,77.3571090698242,4.40011262893677,-0.0167785552978516,0.0301581528037786,0.117992237210274,0.200000002980232,10,2001,3873.78588867188,121.36979675293,147.221237182617,130.347747802734,140.768173217773,124.696334838867,146.221237182617,231.791763305664,189.527282714844,215.707656860352,205.569702148438,224.475830078125,196.190139770508,264.821258544922,320.360809326172,284.603210449219,301.461242675781,262.5771484375,316.284088134766,202.213027954102,211.296295166016,215.360748291016,209.349304199219,206.666091918945,208.548492431641,314.715759277344,121.370628356934,237.704315185547,171.094589233398,329.621063232422,138.090682983398,239.130706787109,65.9052886962891,175.118423461914,109.000839233398,218.738861083984,102.713478088379,36.5363349914551,76.1159133911133,78.3371429443359,77.1159133911133,79.1159133911133,77.1159133911133,78.3371429443359,497.607330322266,504.238372802734,492.322479248047,498.008209228516,497.354278564453,509.565734863281,300.179656982422,284.46533203125,292.316772460938,293.642486572266,294.979614257812,281.222900390625,407.543670654297,169.893280029297,313.000823974609,229.245635986328,324.774932861328,165.876251220703,2.48355073300242
96.6542329948399,38.9105265316371,53.1000010669231,-5.63421583175659,-14.6691799163818,-116.59977722168,1012.31378173828,-0.518133878707886,-13.1028871536255,12.584753036499,5.43245458602905,-15.0934143066406,6.75455141067505,-18.4497261047363,161.361328125,56.9641647338867,0.767883777618408,126.084053039551,112.562019348145,3.00207567214966,78.464973449707,4.53529930114746,-0.0170716949462891,0.0297906529158354,0.111427754163742,0.200000002980232,10,2001,3924.40380859375,128,146.515365600586,132.515365600586,139,129.515365600586,145.515365600586,253.061462402344,206.938537597656,244.484634399414,231.907806396484,250.515365600586,213.42317199707,238.654907226562,291.784881591797,244.985885620117,259.023681640625,232.654907226562,276.692687988281,215.669021606445,221.122924804688,235.184387207031,225.730484008789,221.669021606445,223.153656005859,328.522430419922,113.460960388184,243.706802368164,157.983383178711,330.044860839844,120.075576782227,251.692687988281,64.1536560058594,187.631225585938,109.484634399414,223.600494384766,91.9692687988281,34.9385375976562,77,79,78,80,78,79,495.238800048828,494.754150390625,479.208068847656,487.238800048828,488.754150390625,498.26953125,289.092193603516,284.122924804688,285.607543945312,287.546081542969,289.061462402344,278.092193603516,371.170257568359,166.092193603516,279.560211181641,204.307312011719,281.870025634766,158.092193603516,2.48401246681288
96.6811824533635,38.9105265316371,50.4000000655651,-6.32082271575928,-14.2015953063965,-103.141571044922,1029.80554199219,-0.701993942260742,-14.4728240966797,13.7708301544189,4.92205238342285,-15.8779106140137,6.23017263412476,-19.3953971862793,171.936492919922,60.5217781066895,0.800000011920929,127.973335266113,121.28101348877,3.09999990463257,83.3985900878906,4.59999990463257,-0.0174583633422852,0.0293402671813965,0.111233197152615,0.333333343267441,10,2001,4034.14184570312,123.380935668945,147.706207275391,130.380935668945,140.706207275391,125.468086242676,146.706207275391,257.506042480469,205.919311523438,240.462463378906,229.756240844727,249.581100463867,212.844253540039,293.163055419922,331.719421386719,328.548217773438,340.534729003906,299.841156005859,333.190063476562,218.015472412109,212.177383422852,236.293792724609,221.936172485352,224.638458251953,220.78434753418,286.930023193359,84.7781982421875,211.381790161133,126.85718536377,305.775970458984,95.776496887207,255.941787719727,62.7368507385254,190.221801757812,114.464157104492,225.161361694336,88.956428527832,38.4253616333008,75.3373641967773,77.956428527832,76.3373641967773,78.956428527832,76.3809356689453,78,490.311492919922,482.763580322266,476.601348876953,487.676422119141,482.08154296875,493.394714355469,291.966827392578,305.352844238281,287.104858398438,290.387390136719,293.279998779297,285.820922851562,466.10009765625,171.111328125,286.694946289062,259.326965332031,317.168975830078,181.942642211914,2.48470506752857
96.6901656062047,38.9105265316371,48.5999993979931,-6.32996416091919,-14.2240762710571,-103.096321105957,1033.5126953125,-0.748104155063629,-14.545750617981,13.797646522522,4.92433023452759,-15.924337387085,6.22599363327026,-19.4898853302002,172.01057434082,60.6015129089355,0.800000011920929,127.998268127441,121.357612609863,3.10368227958679,83.5077056884766,4.59999990463257,-0.017527864074707,0.0293030757457018,0.111233197152615,0.25,10,2001,4015.47900390625,124.118377685547,148,131.118377685547,141,127.236747741699,147,260.881622314453,206.644866943359,243.32243347168,232.32243347168,253.32243347168,213.204055786133,297.408111572266,320.040618896484,323.428436279297,325.738494873047,297.665191650391,319.652801513672,211.81623840332,222.861312866211,236,225.473495483398,223.085678100586,230.065383911133,273.224365234375,76.8162460327148,208.881622314453,124.644874572754,285.954925537109,94.2897491455078,264.473510742188,66.1183776855469,198.18376159668,110.848937988281,229.795944213867,88.4408111572266,36.4408111572266,75.5591888427734,77.4408111572266,76.5591888427734,78.4408111572266,77.1183776855469,78,489.591888427734,477.763244628906,470.204071044922,481.644866943359,478.118377685547,488.322448730469,298.591888427734,299.375427246094,293.795928955078,292.881622314453,298.795928955078,281.612182617188,458.473510742188,173.473495483398,289.171356201172,258.493804931641,298.750854492188,187.236755371094,2.4849359344338
96.8249128988226,38.9105265316371,48.9999987185001,-6.25491857528687,-14.139289855957,-98.8001251220703,1061.27526855469,-0.701436221599579,-15.0125589370728,14.3111219406128,5.01783514022827,-16.3696022033691,6.29722213745117,-20.0517730712891,173.282257080078,58.8758392333984,0.777755320072174,125.01522064209,121.020347595215,3.08062767982483,83.7235260009766,4.13709020614624,-0.0167331024169922,0.0292804315686226,0.116916500031948,0.300000011920929,10,2001,3920.55688476562,123.658042907715,148,133,141,128.658050537109,147.341949462891,260.735656738281,209.31608581543,249.025863647461,236.367828369141,254.419555664062,215.290222167969,257.709777832031,308.083282470703,282.658050537109,289.896514892578,255.68391418457,296.451080322266,215.212615966797,243.818923950195,238.425231933594,245.399353027344,228.135009765625,248.083267211914,290.818908691406,101.321746826172,206.606307983398,142.793045043945,292.586090087891,126.057395935059,274.528686523438,67.6580429077148,189.974136352539,104.922393798828,229.186737060547,94.3160858154297,32.0258674621582,76.3419570922852,78,78,78,78,78,480.341949462891,462.077606201172,455.761505126953,456.129333496094,465.419555664062,467.445434570312,304.103485107422,294.445434570312,304.813262939453,298.471313476562,305.445434570312,285.129333496094,544.083251953125,136.715438842773,239.528701782227,223.471298217773,339.244140625,139.160873413086,2.48839893801224
96.8338960516638,38.9105265316371,48.9999987185001,-6.34024715423584,-13.9589834213257,-97.084602355957,1058.84655761719,-0.715882956981659,-15.0944795608521,14.3785963058472,4.90398120880127,-16.4677028656006,6.16824007034302,-20.1005687713623,176.525314331055,59.4681243896484,0.730329751968384,124.550704956055,122.847869873047,3.077805519104,84.5868225097656,4.13426828384399,-0.0166575973510742,0.029280811548233,0.116916500031948,0.300000011920929,10,2001,3939.6279296875,122.947875976562,147.804885864258,132.804885864258,141,127.947875976562,147.466796875,260.173492431641,207.310440063477,247.449295043945,236.672073364258,256.448364257812,212.910049438477,256.968200683594,302.707000732422,281.362548828125,286.057159423828,253.787399291992,292.549713134766,207.611618041992,231.441879272461,223.223236083984,229.432632446289,215.898513793945,233.341766357422,279.612548828125,85.7923583984375,208.268859863281,133.163238525391,275.277587890625,111.721824645996,270.775299072266,65.3870086669922,191.94091796875,102.042877197266,226.284057617188,91.9202194213867,33.7661437988281,76.466796875,77.6097793579102,77.8048934936523,77.8048934936523,77.6097793579102,77.6097793579102,476.759735107422,462.615814208984,457.915161132812,459.953002929688,466.667938232422,469.068328857422,314.966735839844,306.604187011719,318.056701660156,310.614349365234,316.628662109375,297.928009033203,522.903198242188,130.059371948242,236.750854492188,232.102401733398,310.494476318359,135.103240966797,2.48862980491747
96.842879204505,38.9105265316371,51.8999993801117,-6.45982074737549,-13.737904548645,-94.9612426757812,1056.140625,-0.769007205963135,-15.2360601425171,14.4670534133911,4.75552225112915,-16.6012153625488,6.01685094833374,-20.1656742095947,178.760894775391,60.0514984130859,0.800000011920929,124.783866882324,124.653411865234,3.25502681732178,85.5966567993164,4.31148958206177,-0.0165828964233398,0.029280811548233,0.116916500031948,0.300000011920929,10,2001,3970.8193359375,122.193298339844,147.386413574219,132.289855957031,140.951721191406,127.241577148438,146.628005981445,249.004913330078,204.932098388672,240.313690185547,233.13981628418,249.782592773438,213.241226196289,248.8310546875,321.624237060547,278.435241699219,289.700927734375,246.15478515625,311.121459960938,206.510925292969,224.849960327148,218.511291503906,226.303573608398,213.704055786133,230.482620239258,274.227874755859,92.4497528076172,220.20817565918,136.797119140625,286.681762695312,111.990776062012,277.870941162109,60.8984222412109,199.623794555664,105.632659912109,237.131591796875,88.4635391235352,34.565299987793,75.6279983520508,76.6279983520508,77.3381423950195,77.2898635864258,76.6762771606445,76.6279983520508,464.590362548828,452.555969238281,449.203582763672,450.928161621094,456.155670166016,456.957000732422,328.657104492188,322.883911132812,331.995269775391,322.768280029297,329.850433349609,313.222229003906,502.468627929688,152.347732543945,248.159713745117,236.579010009766,296.921173095703,148.531356811523,2.48886067182269
98.0196722267016,38.9105265316371,73.7000033259392,-6.21007776260376,-13.309271812439,-105.662940979004,973.464721679688,-1.21933102607727,-13.8326196670532,12.6132879257202,4.29336261749268,-15.3568992614746,5.45577764511108,-18.6152210235596,232.834243774414,71.5016937255859,0.400000005960464,123.788032531738,169.090774536133,1.79999995231628,117.384765625,2,-0.0147913223266602,0.0272406414151192,0.111631043255329,0.675000011920929,10,2001,3867.69213867188,109.739730834961,148.678207397461,124.702629089355,138.353012084961,116.721183776855,146.678207397461,198.026306152344,129.038040161133,151.385192871094,142.072677612305,156.719665527344,128.369110107422,192.446716308594,326.980865478516,223.010223388672,267.254760742188,197.047317504883,302.323669433594,173.370635986328,190.941879272461,184.427215576172,188.97216796875,182.940002441406,191.709442138672,285.187957763672,53.6098823547363,153.319320678711,111.652854919434,218.618194580078,74.2754135131836,305.086120605469,46.3588905334473,200.372512817383,147.2451171875,273.077239990234,81.8852920532227,58.3193244934082,75.68408203125,80,77.0185470581055,78.3437423706055,76.68408203125,79.99072265625,420.593780517578,420.564086914062,422.237365722656,416.614807128906,428.327667236328,413.874145507812,405.044860839844,388.494018554688,392.991668701172,394.413024902344,388.723052978516,394.416412353516,306.219665527344,78.51806640625,219.849334716797,150.581314086914,261.702972412109,95.082160949707,2.51910423640771
98.0286553795428,38.9105265316371,67.100003361702,-6.18288993835449,-13.4489183425903,-107.983657836914,972.650939941406,-1.16454064846039,-13.6472120285034,12.4826717376709,4.38687086105347,-15.3049955368042,5.5507550239563,-18.537691116333,232.302520751953,71.9845428466797,0.400000005960464,124.564666748047,169.451507568359,1.79999995231628,117.383735656738,2,-0.0141058258056641,0.0279595069587231,0.111631043255329,0.574999988079071,10,2001,3900.49853515625,114.159400939941,148.519927978516,127.079704284668,139.039855957031,120.119552612305,146.519927978516,193.519927978516,127.559776306152,149.079696655273,140.119552612305,154.079696655273,127.559776306152,194.719177246094,316.400360107422,220,248.240966796875,196.079696655273,295.440216064453,178.599624633789,185.36051940918,189.199249267578,187.440231323242,184.400375366211,192.079696655273,269.641357421875,50.8804473876953,150.960144042969,112.480072021484,191.643218994141,71.8804473876953,278.284576416016,48.5597763061523,198.559768676758,140.800750732422,260.962005615234,76.7608947753906,55.960147857666,77.0398483276367,80,78.0398483276367,78.5199279785156,78.0398483276367,79.4800720214844,419.360534667969,424.840606689453,421.320678710938,418.920288085938,430,415.280822753906,401.559783935547,389.798889160156,388.960144042969,393.639465332031,385.079711914062,392.639465332031,242.402236938477,67.1612701416016,203.523666381836,144.202987670898,222.722915649414,88.0018692016602,2.51933510331294
98.037638532384,38.9105265316371,76.4999985694885,-6.33384895324707,-13.4110460281372,-107.504936218262,971.596374511719,-1.21118080615997,-13.7228832244873,12.5117025375366,4.3163013458252,-15.4190111160278,5.47224903106689,-18.6131191253662,233.565704345703,71.9309616088867,0.400000005960464,124.08268737793,170.00260925293,1.79999995231628,118.26895904541,2,-0.0137256973266602,0.0285335760563612,0.111631043255329,0.425000011920929,10,2001,3908.072265625,116.876983642578,149,128.62565612793,140,122.251327514648,147,195.871688842773,132.743377685547,153.994705200195,145.246032714844,157.497344970703,133.117721557617,194.75927734375,305.764556884766,213.261917114258,236.38493347168,195.753967285156,280.149505615234,185.117721557617,183.123016357422,194.748672485352,188.620361328125,185.369033813477,192.128311157227,260.625671386719,55.1124153137207,161.230133056641,117.61506652832,183.727478027344,76.112419128418,268.839904785156,45.8822860717773,202.246032714844,139.369033813477,255.486755371094,68.379638671875,54.6256637573242,78,80,79,79,78.6256637573242,79.3743362426758,419.743377685547,424.369049072266,421.492065429688,421.492065429688,431.123016357422,418.235443115234,395.138916015625,392.507934570312,383.133605957031,389.887573242188,382.882293701172,389.636260986328,229.871688842773,60.8716888427734,182.994705200195,127.620361328125,196.138916015625,79.3690414428711,2.51956597021817
98.0466216852252,38.9105265316371,85.7999995350838,-6.09068584442139,-13.6431922912598,-110.547744750977,975.246948242188,-1.01951944828033,-13.3784685134888,12.3589487075806,4.60297775268555,-15.1972951889038,5.7971248626709,-18.4051208496094,230.127227783203,70.9169616699219,0.400000005960464,123.955810546875,167.571716308594,1.79999995231628,116.501335144043,2,-0.0133455688476563,0.0291076470166445,0.112338028848171,0.525000035762787,10,2001,3816.61791992188,114.658996582031,149.228775024414,128.115097045898,139.771224975586,121.001434326172,147,197.738189697266,138.077743530273,157.164108276367,147.394317626953,158.853286743164,138.276336669922,188.297729492188,297.048706054688,205.673217773438,231.014221191406,193.376922607422,265.834136962891,193.707870483398,183.739624023438,198.286254882812,193.795669555664,191.565460205078,190.719360351562,260.801422119141,64.1267547607422,172.657867431641,123.214553833008,199.485153198242,84.8979873657227,289.494079589844,39.8085823059082,204.165542602539,140.303787231445,259.292419433594,64.3481750488281,53.2000274658203,77.7712326049805,80,78.5424652099609,79,77.8863296508789,79.884895324707,422.561279296875,430.107940673828,423.958465576172,425.331085205078,429.909454345703,427.637603759766,383.502075195312,386.152465820312,377.411407470703,380.873229980469,378.409973144531,381.643035888672,250.726013183594,62.0518760681152,184.791488647461,129.135360717773,200.287124633789,83.7353134155273,2.5197968371234
98.0556048380664,38.9105265316371,85.7999995350838,-5.70851945877075,-13.9961423873901,-115.020301818848,981.48095703125,-0.700002729892731,-12.8752317428589,12.1752290725708,5.04130411148071,-14.8805551528931,6.27741098403931,-18.1034069061279,224.997955322266,68.5010986328125,0.358585208654404,123.159057617188,163.527542114258,1.71717035770416,114.47859954834,1.91717040538788,-0.0129654388427734,0.0296817179769278,0.117335893213749,0.649999976158142,10,2001,3823.1357421875,112.698860168457,149.65608215332,127.833564758301,139.177474975586,120.094253540039,147.083221435547,197.281402587891,140.405059814453,156.958190917969,146.958190917969,158.86393737793,139.353576660156,188.051483154297,298.634429931641,207.508010864258,233.893737792969,194.301132202148,271.203582763672,202.193511962891,184.206466674805,204.298797607422,199.256988525391,196.4248046875,193.944808959961,266.295654296875,64.8653030395508,168.430435180664,120.346244812012,202.903961181641,86.124626159668,281.881958007812,37.3549499511719,202.469909667969,133.920074462891,247.299438476562,62.7710456848145,51.1259956359863,77.2606964111328,80,77.604606628418,79,77.3439102172852,79.9167785644531,419.938446044922,433.613311767578,417.753631591797,421.523712158203,424.627655029297,426.418426513672,377.211944580078,382.180206298828,377.291473388672,379.219299316406,378.947570800781,379.636749267578,289.731109619141,59.8138236999512,181.43913269043,125.679122924805,228.641525268555,83.2620697021484,2.52002770402863
98.0645879909076,38.9105265316371,75.9000033140182,-5.86902046203613,-13.9374208450317,-113.177406311035,983.930908203125,-0.725825726985931,-13.0472431182861,12.3214178085327,4.98485422134399,-15.029465675354,6.22810840606689,-18.2247943878174,228.200256347656,70.0689010620117,0.393284559249878,123.557945251465,166.193130493164,1.78468334674835,115.560729980469,1.98656904697418,-0.0125853103637695,0.030255788937211,0.117335893213749,0.5,10,2001,3782.34350585938,111.406265258789,149.406265258789,126.812538146973,138.406265258789,118.812538146973,147.593734741211,199.562393188477,144.749862670898,161.531051635742,151.531051635742,164.718521118164,143.937316894531,187.812530517578,292.312805175781,211.374923706055,233.437606811523,195.593734741211,272.843872070312,209.156127929688,196.437042236328,208.187469482422,207.718521118164,199.781204223633,202.905990600586,292.092895507812,64.5937347412109,170.124786376953,118,219.96809387207,91.7185211181641,278.156127929688,35.8125343322754,202.187469482422,134.343597412109,240,63.7811965942383,50.5937309265137,77,80,77.5937347412109,79,77.5937347412109,79.4062652587891,425.499725341797,434.406280517578,417.156127929688,418.406280517578,424.562408447266,426.374938964844,364.937896728516,369.156677246094,374.250152587891,373.875213623047,375.656402587891,370.719085693359,295.781768798828,59.7811965942383,183.937316894531,125.374931335449,230.781768798828,76.8752136230469,2.52025857093386
98.0735711437488,38.9105265316371,75.0999972224236,-5.44967603683472,-14.3052206039429,-117.811668395996,992.374206542969,-0.389757007360458,-12.5329971313477,12.1432399749756,5.45777416229248,-14.711033821106,6.7435941696167,-17.9247055053711,223.038238525391,67.8899002075195,0.351628690958023,123.276657104492,162.385803222656,1.60651469230652,113.65763092041,1.90325736999512,-0.0122051811218262,0.0308298598974943,0.117335893213749,0.474999994039536,10,2001,3729.74682617188,114.137245178223,149.448181152344,128.689071655273,140.24089050293,121.585418701172,148.448181152344,207.378128051758,153.826309204102,173.170837402344,163.619018554688,175.826309204102,153.826309204102,188.792709350586,270.210144042969,203.140090942383,221.140090942383,192.414581298828,256.106506347656,209.310928344727,200.277328491211,205.862762451172,212.103637695312,200.551818847656,205.414581298828,306.621856689453,64.103645324707,174.103637695312,119.344535827637,234.103637695312,94.7591094970703,278.310943603516,35,196.277328491211,125.00284576416,235.966400146484,61.4145774841309,46.5182228088379,77,80,78,79.4481811523438,78.4481811523438,79.4481811523438,444.100799560547,446.548980712891,436.582580566406,432.341674804688,439.997161865234,441.445343017578,347.036437988281,353.173706054688,357.554656982422,356.002838134766,359.451019287109,352.691925048828,302.823455810547,63.2408866882324,182.173690795898,139.100799560547,218.551818847656,74.6890640258789,2.52048943783909
98.08255429659,38.9105265316371,75.8000016212463,-5.08231210708618,-14.6824913024902,-123.297729492188,1000.42309570312,-0.105183176696301,-12.0161113739014,11.910927772522,5.90823554992676,-14.4372844696045,7.23707962036133,-17.6383457183838,219.238327026367,66.3681640625,0.349281907081604,122.784759521484,159.342971801758,1.6131763458252,112.053092956543,1.92977738380432,-0.0118326133728027,0.0312498025596142,0.117335893213749,0.5,10,2001,3669.31127929688,118.315490722656,149.958602905273,132.054244995117,142.490371704102,125.971450805664,148.958602905273,212.897933959961,159.251251220703,180.127059936523,171.085662841797,181.553894042969,159.251251220703,187.505340576172,253.668792724609,187.673782348633,208.094924926758,181.673065185547,235.44108581543,211.695938110352,195.344757080078,206.526779174805,213.806579589844,204.581024169922,206.778747558594,282.338287353516,65.5039291381836,173.385437011719,124.507507324219,225.516754150391,92.8122787475586,261.629516601562,36.2105674743652,178.331161499023,109.292633056641,220.780120849609,57.6338310241699,39.5981369018555,77.3026428222656,80,78,79.9586029052734,78.6559600830078,79.9586029052734,449.408264160156,455.695922851562,447.296936035156,440.50390625,443.904327392578,447.073516845703,339.249114990234,349.261962890625,346.176300048828,346.345458984375,351.212005615234,345.491790771484,313.063507080078,65.1877212524414,169.182708740234,148.645248413086,221.975738525391,76.8436813354492,2.52072030474432
98.0915374494312,38.9105265316371,71.5000033378601,-4.70890283584595,-15.0504608154297,-128.880004882812,1008.11273193359,0.150007873773575,-11.5281782150269,11.678186416626,6.35144138336182,-14.1535148620605,7.7033805847168,-17.361780166626,216.657379150391,65.2606353759766,0.338375061750412,122.573745727539,157.422912597656,1.67962241172791,110.825248718262,2.07962250709534,-0.011461474609375,0.0316405929625034,0.117335893213749,0.425000011920929,10,2001,3562.79296875,119.783210754395,149.842880249023,132.655914306641,142.186950683594,126.813041687012,148.842880249023,209.859924316406,156.647964477539,176.233840942383,167.076705932617,178.361129760742,156.333709716797,183.470657348633,251.713165283203,181.97428894043,202.550506591797,172.784194946289,225.048583984375,221.891754150391,200.260131835938,215.268081665039,219.888626098633,213.766876220703,217.677368164062,251.374603271484,67.1474685668945,169.88493347168,128.24250793457,208.902954101562,91.2692108154297,241.712738037109,39.1949157714844,160.985076904297,106.875122070312,203.800537109375,57.4987907409668,35.9646224975586,77.8130416870117,80,78,79.8428726196289,78.1869583129883,79.8428726196289,439.063079833984,449.435272216797,436.461975097656,429.776245117188,428.930236816406,433.239654541016,338.419097900391,350.960510253906,348.269927978516,350.522094726562,356.64697265625,348.738891601562,294.34619140625,65.3166656494141,156.669128417969,143.560165405273,225.269927978516,76.81787109375,2.52095117164954
96.6272835363163,38.9015433787959,53.5999983549118,-5.31607913970947,-14.790150642395,-122.443267822266,999.076110839844,-0.199116080999374,-12.2783708572388,12.0792551040649,5.74994373321533,-14.6188535690308,7.10195255279541,-17.8100490570068,158.948715209961,56.6815032958984,0.687944650650024,126.749206542969,111.092674255371,2.88794469833374,77.8270721435547,4.38794469833374,-0.0170352783203125,0.03023312240839,0.116062417626381,0.300000011920929,10,2001,3910.97607421875,120.493919372559,148.494216918945,130.999694824219,141.325531005859,126.083892822266,147.494216918945,232.662612915039,191.651962280273,212.91520690918,207.977188110352,227.578414916992,201.640716552734,265.214599609375,331.977508544922,283.562652587891,296.507873535156,263.466888427734,319.844055175781,192.442886352539,202.358993530273,204.442581176758,200.420379638672,195.538330078125,204.493026733398,266.055877685547,119.83553314209,215.980514526367,160.171112060547,290.777770996094,143.690551757812,266.366516113281,71.87109375,187.95588684082,113.472320556641,237.388717651367,97.0504379272461,45.8547134399414,76.6629180908203,78.0841979980469,76.8313064575195,78.8313064575195,76.8313064575195,78.7471084594727,503.527984619141,511.899719238281,497.034057617188,501.489410400391,504.275390625,513.428283691406,304.607849121094,285.572601318359,298.439147949219,298.090209960938,300.270477294922,281.415740966797,355.404510498047,127.720886230469,272.001098632812,274.636077880859,299.4072265625,150.394760131836,2.48389331485972
96.6811824533635,38.9015433787959,50.7000014185905,-5.99694538116455,-14.4050617218018,-106.659812927246,1026.78283691406,-0.425575196743011,-13.9343461990356,13.508770942688,5.2807731628418,-15.4841594696045,6.60908031463623,-18.9744453430176,168.457748413086,59.743579864502,0.687944650650024,128.113006591797,118.805931091309,2.93191695213318,82.1352386474609,4.48794460296631,-0.0172853652954102,0.0296353939920664,0.11282916367054,0.300000011920929,10,2001,3996.72314453125,122.52791595459,147.472091674805,133,141,128.527908325195,147,263.583740234375,206.05583190918,244.639556884766,230.639556884766,255.583740234375,213.05583190918,290.583740234375,321.030334472656,320.888336181641,306,287.360443115234,319.974517822266,202.11164855957,217.223297119141,217.695388793945,218.751220703125,214,229.807037353516,254.334945678711,75.2232971191406,210.141983032227,134.558258056641,295.395629882812,94.8070373535156,271,59.3604354858398,191.248779296875,108.63956451416,223.88835144043,87.6395645141602,38,76,77.5279159545898,77.5279159545898,78.5279159545898,77.5279159545898,78,500.279113769531,489.390777587891,486.695373535156,490.111663818359,488.3349609375,495,297.609222412109,293.385925292969,294.609222412109,290.6650390625,297.6650390625,275.720886230469,349.192962646484,226.532760620117,341,309.360443115234,287.751220703125,204.16748046875,2.48527883616211
96.8159297459814,38.9015433787959,46.9999983906746,-6.03927993774414,-14.4035472869873,-100.998100280762,1063.63049316406,-0.450930058956146,-14.7126331329346,14.2617034912109,5.27501583099365,-16.1241931915283,6.59073638916016,-19.8692359924316,167.695526123047,57.5815849304199,0.687944650650024,125.754806518555,117.726509094238,2.67588925361633,81.8717422485352,3.72107577323914,-0.0169527969360352,0.0293366201221943,0.116916500031948,0.25,10,2001,3884.99658203125,126.194030761719,147.350341796875,132.987655639648,140.662002563477,130.597015380859,146.688323974609,262.779632568359,214.143966674805,253.7919921875,242.818313598633,257.753326416016,218.129989624023,247.76594543457,304.591430664062,269.583312988281,282.495239257812,246.491989135742,297.241119384766,206.246673583984,247.052642822266,239.260650634766,245.597015380859,226.80339050293,248.376663208008,293.781951904297,108.000946044922,232.429046630859,142.4111328125,314.394317626953,110.079917907715,245.521575927734,79.4367599487305,177.544372558594,111.663635253906,206.881683349609,102.536224365234,33.4696044921875,77,79.9736785888672,78.9736785888672,80,78.6620101928711,80.6356887817383,482.559295654297,468.025634765625,466.361999511719,466.414642333984,473.402313232422,477.102996826172,311.220367431641,284.921722412109,294.027008056641,287.988342285156,300.482635498047,275.156036376953,530.12158203125,145.113418579102,216.607299804688,208.242736816406,343.069885253906,133.840423583984,2.48874263941808
96.8338960516638,38.9015433787959,48.700001090765,-6.27100801467896,-14.0740623474121,-97.1634674072266,1062.72436523438,-0.556862592697144,-15.0422048568726,14.4853420257568,5.0324821472168,-16.4436779022217,6.30633878707886,-20.088357925415,171.876358032227,58.7907524108887,0.625780642032623,125.862182617188,120.589820861816,2.72578072547913,83.6959533691406,3.32578086853027,-0.016788542175293,0.029280811548233,0.116916500031948,0.300000011920929,10,2001,3927.00732421875,126.887535095215,146.716217041016,132.959930419922,140.698120117188,129.261810302734,146.716217041016,262.394287109375,211.157073974609,249.889450073242,240.43049621582,256.070434570312,213.90950012207,257.087677001953,317.658599853516,283.015289306641,287.73486328125,254.553146362305,310.280456542969,204.348449707031,234.66911315918,233.101547241211,232.755737304688,217.493927001953,235.439636230469,271.739593505859,94.2217483520508,218.117736816406,153.636627197266,280.238098144531,95.614128112793,239.427886962891,84.6923065185547,185.782119750977,112.370414733887,202.355484008789,98.8436050415039,33.3561782836914,76.9819030761719,78.6218566894531,78.3199768066406,78.6399536132812,77.9819030761719,78.6218566894531,482.005767822266,462.136352539062,457.208740234375,459.983123779297,468.820220947266,468.478302001953,313.645782470703,303.194549560547,310.009674072266,307.261138916016,313.685852050781,296.743988037109,509.440307617188,151.037567138672,236.64436340332,223.891983032227,336.687744140625,142.785446166992,2.48920447985221
96.842879204505,38.9015433787959,48.700001090765,-6.3733549118042,-13.8833351135254,-95.2754974365234,1062.08215332031,-0.608148396015167,-15.1800327301025,14.5718841552734,4.91741561889648,-16.5767612457275,6.18464231491089,-20.168794631958,174.126281738281,59.346549987793,0.687944650650024,125.449058532715,121.81477355957,2.78794479370117,84.6743850708008,3.38794469833374,-0.0167009292602539,0.029280811548233,0.116916500031948,0.300000011920929,10,2001,3945.2099609375,123.867111206055,148.066452026367,132,141.533218383789,127.466773986816,148.066452026367,254.401992797852,206.200988769531,237.136215209961,233.468444824219,248.468444824219,211.333892822266,256.337219238281,325.533233642578,280.204315185547,297.599670410156,248.737533569336,317,205.199340820312,226.333892822266,227.466781616211,227.066452026367,213.599670410156,230,275.197662353516,91.4667739868164,222.730895996094,161.066452026367,290.260803222656,94.5996704101562,251.064788818359,75.9352188110352,188.466781616211,113.666114807129,211.931900024414,94.9335556030273,34.0664443969727,76.4667739868164,77.4667739868164,78,78,77.4667739868164,77.4667739868164,472.202667236328,455.868774414062,453.001647949219,458.601318359375,462.802337646484,462.335540771484,322.598022460938,317.797332763672,319.531555175781,314.332214355469,323.598022460938,308.131225585938,495.134552001953,134.335540771484,243.933547973633,248.196014404297,336.867095947266,137.400329589844,2.48943540006928
97.9657733096544,38.9015433787959,66.600002348423,-7.10009098052979,-12.445032119751,-89.5450820922852,982.943725585938,-1.56851506233215,-15.4668025970459,13.8982877731323,3.45897269248962,-16.4901447296143,4.50228643417358,-19.6607322692871,242.081665039062,72.6858673095703,0.443972319364548,121.592491149902,173.211944580078,2.15997838973999,121.020851135254,2.17588925361633,-0.0194736343383789,0.0215141288936138,0.0920068547129631,0.625,10,2001,4047.23095703125,110.402587890625,146.28434753418,126.372184753418,139.627822875977,118.686935424805,143.912170410156,208.613754272461,170.153732299805,181.896408081055,175.495513916016,179.865997314453,163.506774902344,210.976364135742,345.256744384766,228.885147094727,277.030395507812,212.917236328125,309.328826904297,186.966781616211,228.432998657227,208.741561889648,210.818130493164,191.831085205078,222.286041259766,365.855316162109,86.642463684082,234.78434753418,143.425109863281,293.968475341797,100.455528259277,318.471862792969,49.4296112060547,275.012969970703,153.236480712891,302.246643066406,82.3322067260742,57.686939239502,74.6565322875977,79.6565322875977,75.7156524658203,78,75.6565322875977,79,398.854736328125,370.484252929688,383.099090576172,375.003387451172,391.893035888672,373.0625,413.521942138672,401.739288330078,408.159332275391,414.835021972656,416.27587890625,404.651458740234,432.864807128906,91.1852416992188,236.519149780273,159.20719909668,340.291625976562,98.0028076171875,2.5183004272024
97.9747564624956,38.9015433787959,60.3000000119209,-7.16441631317139,-12.4193649291992,-89.7647247314453,979.834106445312,-1.62971246242523,-15.4707174301147,13.8410043716431,3.37811303138733,-16.5046348571777,4.43940687179565,-19.6589660644531,242.754470825195,73.5223388671875,0.443972319364548,122.624313354492,174.518539428711,2.04541397094727,121.617027282715,2.17588925361633,-0.019213232421875,0.0215141288936138,0.0920068547129631,0.574999988079071,10,2001,4085.341796875,111.140090942383,146,126.429954528809,139.570053100586,119.140090942383,143.570053100586,213.260848999023,168.260848999023,179.270523071289,172.980651855469,176.56037902832,163.83088684082,213.690795898438,330.608734130859,223.420288085938,277.710144042969,215.120758056641,305.019348144531,193.83088684082,229.850234985352,216.400939941406,215.980651855469,200.681121826172,222.850234985352,375.091735839844,91.1207504272461,237.570053100586,149.840560913086,301.681121826172,101.410614013672,330.951629638672,49.1497650146484,278.700469970703,155.280181884766,315.521697998047,79.7198104858398,58.1400947570801,74.4299545288086,79.4299545288086,76,78,75.4299545288086,79,398.850219726562,371.2705078125,380.140106201172,376.700469970703,387.570037841797,375.2705078125,406.888916015625,399.309204101562,403.458953857422,407.748840332031,411.748840332031,401.879241943359,435.637756347656,93.8599090576172,225.149765014648,152.178771972656,338.048370361328,90.4589691162109,2.51853134741947
97.9837396153368,38.9015433787959,50.7000014185905,-6.96341705322266,-12.5891771316528,-92.4970169067383,979.829345703125,-1.57588922977448,-15.1998567581177,13.6239671707153,3.55883717536926,-16.2952690124512,4.63212823867798,-19.4700126647949,241.058303833008,73.4311065673828,0.443972319364548,122.460380554199,173.313995361328,1.97588920593262,120.346473693848,2.17588925361633,-0.018489306640625,0.0229842253029346,0.0920068547129631,0.550000011920929,10,2001,4072.42553710938,112.424461364746,144.726623535156,125.575538635254,139.151077270508,120.424461364746,143.151077270508,221.424453735352,176,185.697845458984,181.122299194336,182.122299194336,172,231.61149597168,317.302154541016,234.489196777344,275.604309082031,232.187042236328,295.604309082031,207.517974853516,241.338119506836,228.39567565918,230.064743041992,217.366897583008,236.460418701172,380.812957763672,87.3885040283203,218.899307250977,149.057556152344,294.597137451172,98.9352645874023,345.575531005859,45.726619720459,280.453247070312,157,325.057556152344,82.2445983886719,55.179859161377,74,79,76,78,75.4244613647461,78.5755386352539,409.064727783203,380.669067382812,389.064727783203,386.093505859375,397.762573242188,382.546752929688,383.417297363281,377.992828369141,382.539581298828,383.841735839844,384.870513916016,381.417297363281,430.705017089844,104.460418701172,221.302154541016,142.273376464844,331.489196777344,88.6402816772461,2.51876226763653
97.992722768178,38.9015433787959,59.5000013709068,-6.76466369628906,-12.7546300888062,-95.0428237915039,980.533447265625,-1.4960253238678,-14.9250326156616,13.4290065765381,3.73252558708191,-16.097225189209,4.83117866516113,-19.2990951538086,239.09814453125,73.0014572143555,0.428829818964005,122.804733276367,172.417556762695,1.91531932353973,119.725250244141,2.11531925201416,-0.0177524627685547,0.0241348650306463,0.0920068547129631,0.625,10,2001,4013.53979492188,112.377510070801,145.425247192383,125.343597412109,139.244979858398,120.377510070801,144.081649780273,214.126327514648,165.402114868164,179.374435424805,174.194152832031,176.86750793457,162.238784790039,234.621170043945,321.67333984375,240.522537231445,275.143218994141,237.195907592773,297.653259277344,208.023223876953,243.094177246094,224.673400878906,231.682754516602,216.94157409668,242.722900390625,347.636047363281,74.6176147460938,193.680572509766,137.164703369141,260.544982910156,85.046012878418,328.052307128906,46.146354675293,262.885864257812,158.952239990234,305.913513183594,87.0740585327148,52.5345840454102,74.5577850341797,79,76,78,75.9352951049805,78.3435974121094,421.280639648438,391.866088867188,406.021789550781,399.195831298828,415.368530273438,391.468505859375,370.696136474609,365.039733886719,369.304809570312,369.400299072266,367.689910888672,366.464996337891,408.887725830078,101.798362731934,210.892074584961,143.248107910156,307.681121826172,91.1419143676758,2.5189931878536
98.0017059210192,38.9015433787959,68.4999972581863,-6.3815975189209,-13.0671586990356,-99.3494262695312,983.790222167969,-1.26657259464264,-14.4221277236938,13.1555547714233,4.09017324447632,-15.7423238754272,5.22103261947632,-18.9992656707764,235.303634643555,72.2027893066406,0.400000005960464,123.346099853516,170.403732299805,1.79999995231628,118.267890930176,2,-0.0170156204223633,0.0250372905284166,0.10429485887289,0.574999988079071,10,2001,3933.71801757812,110.887222290039,149.05094909668,125.656364440918,140.492095947266,118.887222290039,147.261245727539,199.48828125,145.591247558594,164.175552368164,156.750061035156,163.021636962891,143.827011108398,214.226760864258,325.562683105469,230.420867919922,274.732360839844,220.934066772461,302.506408691406,196.159759521484,225.683319091797,209.154846191406,216.765182495117,201.498489379883,229.077896118164,304.705352783203,70.8665237426758,185.88232421875,126.374961853027,230.81706237793,76.1544494628906,295.894683837891,49.7946090698242,232.868545532227,162.927947998047,281.976013183594,86.6769256591797,54.994556427002,75.5794067382812,79.1333389282227,76.1333389282227,78.1333389282227,76.1333389282227,78.7897033691406,425.907257080078,402.39404296875,420.665618896484,412.475891113281,427.450439453125,402.317077636719,377.932983398438,371.922637939453,370.179504394531,371.415283203125,371.051086425781,368.815307617188,344.170471191406,74.474235534668,195.308898925781,141.620544433594,253.323287963867,82.1805953979492,2.51922410807066
98.0106890738604,38.9015433787959,68.4999972581863,-6.36594581604004,-13.0964317321777,-100.094436645508,982.524719238281,-1.27295863628387,-14.3597946166992,13.0868368148804,4.10283613204956,-15.6863193511963,5.23902273178101,-18.9530181884766,236.437606811523,72.7673645019531,0.400000005960464,123.181816101074,170.946533203125,1.79999995231628,118.317893981934,2,-0.016278776550293,0.0257639978080988,0.108005404472351,0.525000035762787,10,2001,3919.41796875,108.423477172852,149.71174621582,125.35587310791,138.779342651367,116.423477172852,147.71174621582,192.067611694336,136.067611694336,157.355865478516,148.067611694336,157.644134521484,134.423477172852,191.031951904297,301.284576416016,212.964340209961,252.437606811523,198.099563598633,284.658264160156,185.914566040039,212.914566040039,196.62629699707,205.558700561523,189.270431518555,217.270431518555,277.184997558594,62.6939125061035,181.135223388672,118.202827453613,209.184997558594,73,279.491088867188,52.2882614135742,210.184997558594,165.932388305664,268.846954345703,84.4234771728516,54.4234771728516,76,79.6441268920898,76.6441268920898,78.6441268920898,76.6441268920898,79,423.202819824219,405.067596435547,426.644134521484,416.711730957031,431.355865478516,405.711730957031,390.882598876953,382.017822265625,376.729553222656,378.08544921875,379.373687744141,377.017822265625,342.071319580078,66.1530456542969,189,138.135223388672,253.206527709961,85.3060913085938,2.51945502828773
98.0196722267016,38.9015433787959,64.0999972820282,-6.84403657913208,-12.7743072509766,-96.1948852539062,976.503540039062,-1.57720351219177,-14.8744068145752,13.2972040176392,3.65735149383545,-16.061824798584,4.77445793151855,-19.2911777496338,242.112869262695,74.7568359375,0.400000005960464,123.475578308105,175.155776977539,1.79999995231628,120.906852722168,2,-0.0155419326782227,0.0263617560267448,0.108005404472351,0.649999976158142,10,2001,4022.5654296875,108.495727539062,149.498580932617,125.498573303223,139.492874145508,115.99715423584,147.498580932617,199.974380493164,134.002853393555,156.501419067383,145.504272460938,157.501419067383,132.002853393555,181.99430847168,311.413146972656,212.472946166992,254.943054199219,189.988616943359,286.948760986328,181.002853393555,211.492874145508,194.991455078125,201.002853393555,187.991455078125,212.002853393555,270.994293212891,57.4985771179199,170.025619506836,115,209.974380493164,73.9971542358398,286.971527099609,51.0056953430176,204.991455078125,164.008544921875,275.472961425781,83.4985733032227,52.0028457641602,76,80,77,79,77,79.4985733032227,418.005706787109,402.005706787109,423.011383056641,412.509979248047,427.011383056641,402.507110595703,400.991455078125,386.501434326172,382.495727539062,386.487182617188,384.997161865234,384.991455078125,334.578308105469,72.9886093139648,195.481491088867,141.484344482422,271,95.9857635498047,2.51968594850479
98.0286553795428,38.9015433787959,46.900000423193,-7.20160531997681,-12.560076713562,-93.6860809326172,972.319641113281,-1.79293465614319,-15.231595993042,13.4386606216431,3.33053755760193,-16.3481273651123,4.43585681915283,-19.5488662719727,245.441818237305,75.7832489013672,0.400000005960464,124.01091003418,178.060394287109,1.79999995231628,123.148696899414,2,-0.0149449890136719,0.0268805753439665,0.108005404472351,0.275000005960464,10,2001,4088.16455078125,110.353042602539,150.353042602539,126,141.646957397461,117.353042602539,147.646957397461,212.883453369141,138.295608520508,160.23649597168,149.295608520508,160.530410766602,135.589538574219,200.592926025391,337.410461425781,231.179061889648,277.471282958984,209.886840820312,304.293914794922,182.471282958984,209.410461425781,194.822631835938,198.940872192383,192.059127807617,206.410461425781,289.945953369141,57.6469573974609,161,113.587837219238,226.060821533203,75,296.64697265625,47.9408760070801,212.23649597168,156.057434082031,280.410461425781,83.2939147949219,53.4712867736816,75.6469573974609,80,77,78.6469573974609,77,80,413.528717041016,405.295623779297,417.940887451172,408.293914794922,419.822631835938,403.883453369141,404.35302734375,385.64697265625,387.883453369141,392.765197753906,388.118255615234,389.412170410156,313.707763671875,81.9425735473633,202.706085205078,153.001693725586,273.118255615234,95.3513488769531,2.51991686872186
98.037638532384,38.9015433787959,68.400003015995,-7.30433130264282,-12.5012073516846,-93.3416519165039,970.339965820312,-1.88789629936218,-15.3017644882202,13.4138679504395,3.24495053291321,-16.4143733978271,4.34664392471313,-19.6007709503174,245.93310546875,75.7064743041992,0.400000005960464,123.750953674316,178.274520874023,1.79999995231628,123.547637939453,2,-0.0145519485473633,0.0274013206362724,0.108005404472351,0.350000023841858,10,2001,4102.40234375,110.863716125488,150.448669433594,125.584953308105,141.343811035156,117.656188964844,146.928756713867,215.59553527832,145.333160400391,164.289352416992,153.842880249023,163.976959228516,140.360580444336,221.689300537109,331.394256591797,244.871658325195,277.933135986328,229.339294433594,304.102661132812,185.838485717773,200.073883056641,190.019027709961,196.163711547852,193.59114074707,197.90397644043,311.345489501953,57.5513343811035,161.830093383789,112.790283203125,236.481842041016,75.4150466918945,298.003997802734,46.4088516235352,215.044204711914,150.153121948242,277.922180175781,81.8575210571289,57.046012878418,75.1362838745117,80,76.7924728393555,78.1362838745117,76.7924728393555,79.7924728393555,412.651794433594,416.068603515625,419.106658935547,411.007995605469,418.131896972656,413.236297607422,401.958374023438,384.513702392578,391.010589599609,392.620758056641,388.276947021484,389.587158203125,321.957946777344,89.7145919799805,209.538116455078,161.268127441406,278.672576904297,88.2181701660156,2.52014778893892
98.0466216852252,38.9015433787959,105.999998748302,-6.72835874557495,-12.9567394256592,-99.4043045043945,974.4306640625,-1.53749978542328,-14.5971088409424,13.059609413147,3.79237461090088,-15.8881196975708,4.93381500244141,-19.1343822479248,239.439193725586,73.7829208374023,0.400000005960464,123.390441894531,173.38410949707,1.79999995231628,120.020980834961,2,-0.0141589080810547,0.0279220659285784,0.108724474906921,0.899999976158142,10,2001,3917.34204101562,110.813919067383,149.56364440918,124.563652038574,141.594116210938,117.219795227051,146.281829833984,208.891082763672,145.47331237793,160.322036743164,147.669128417969,160.944458007812,137.226287841797,217.96826171875,329.231719970703,245.652740478516,269.552642822266,224.123870849609,303.825836181641,186.902084350586,192.842224121094,188.716003417969,193.24919128418,194.558242797852,192.466812133789,309.483032226562,59.0566177368164,163.500549316406,115.743240356445,239.780197143555,77.3047256469727,303.207885742188,46.4962120056152,208.571212768555,150.874862670898,284.254608154297,80.9358062744141,58.1860809326172,75,80,76.2818222045898,78,76.2818222045898,79.3438491821289,417.343872070312,424.656158447266,424.343872070312,418.810699462891,423.062042236328,422.686645507812,395.379730224609,382.721405029297,386.940124511719,387.283966064453,382.379730224609,385.784515380859,326.120971679688,91.9139938354492,222.806365966797,160.826904296875,287.478912353516,88.4048004150391,2.52037870915599
98.0556048380664,38.9015433787959,77.5000005960464,-6.35066604614258,-13.2641773223877,-103.939300537109,976.921630859375,-1.30433619022369,-14.089243888855,12.7849082946777,4.17419147491455,-15.5374670028687,5.34312057495117,-18.8041343688965,235.387161254883,72.1653442382812,0.400000005960464,122.945358276367,170.239501953125,1.79999995231628,118.248344421387,2,-0.0137658676147461,0.0284428112208843,0.113807760179043,0.850000023841858,10,2001,3917.07275390625,109.282035827637,149,124,140.854690551758,116.427345275879,146,196.264877319336,141.564071655273,153.418762207031,138.846115112305,156.136734008789,132.136734008789,189.512588500977,314.247711181641,215.068084716797,251.538330078125,197.375869750977,288.102416992188,191.726547241211,198.880432128906,192.008575439453,196.153884887695,199.153884887695,197.589813232422,299.128143310547,64.7265396118164,161.564071655273,121.008583068848,240.572647094727,85.0171585083008,311.871856689453,50.5812339782715,204.572647094727,148.991424560547,272.529754638672,83.4359283447266,59.7179641723633,75,80,76,78,76,79.5726547241211,412.837524414062,419.692230224609,419.837524414062,414.692230224609,418.837524414062,417.546905517578,395.008575439453,380.854705810547,388.153900146484,388.726531982422,382.008575439453,385.290618896484,366.530303955078,82.5469131469727,219.974258422852,145.965682983398,306.179626464844,88.2820358276367,2.52060962937305
98.0645879909076,38.9015433787959,77.5000005960464,-6.32670545578003,-13.3172035217285,-104.375465393066,977.57080078125,-1.25237739086151,-14.0214471817017,12.7690696716309,4.24101686477661,-15.496434211731,5.41522979736328,-18.7674922943115,236.087585449219,72.7584075927734,0.400000005960464,122.806373596191,170.659606933594,1.79999995231628,117.90380859375,2,-0.0133728271484375,0.0289635565131903,0.113807760179043,0.550000011920929,10,2001,3843.12426757812,109.281455993652,149.854309082031,124.854301452637,140.854309082031,116.427154541016,147.281448364258,197.11589050293,144.552978515625,157.688735961914,143.11589050293,160.407272338867,136.407272338867,179.251647949219,294.165557861328,197.970184326172,241.281448364258,190.960250854492,267.592712402344,196.427154541016,198.88410949707,200.980117797852,204.271514892578,200.864242553711,204.427154541016,296.135772705078,69,157.291397094727,118.44702911377,237.582778930664,92.2814559936523,312.301330566406,45.0298118591309,208.417221069336,138.738418579102,260.990051269531,79.1655731201172,58.4370880126953,75.4271545410156,79.5728454589844,76.4271545410156,78,76.4271545410156,79.5728454589844,409.417205810547,417.552978515625,410.864227294922,407,414.135772705078,412.417205810547,394.155639648438,382.562896728516,388.155639648438,388.728485107422,385.427154541016,383.155639648438,413.533111572266,76.9900588989258,201.602661132812,131.437088012695,303.195373535156,82.7284851074219,2.52084054959012
98.0735711437488,38.9015433787959,80.0999999046326,-5.760094165802,-13.7896823883057,-111.553230285645,982.869201660156,-0.916107535362244,-13.288046836853,12.3719387054443,4.80188512802124,-15.0085039138794,6.00090837478638,-18.31982421875,227.612030029297,69.2162170410156,0.400000005960464,122.412109375,164.64518737793,1.79999995231628,114.974739074707,2,-0.0129797866821289,0.0294843018054962,0.113807760179043,0.474999994039536,10,2001,3760.68408203125,110.81307220459,151.157043457031,126.157051086426,141.875381469727,117.219360351562,149.376403808594,212.449462890625,154.851654052734,172.230117797852,157.886138916016,173.980377197266,148.290374755859,195.166244506836,283.743621826172,210.944839477539,241.404724121094,207.790328979492,263.032989501953,198.627700805664,184.958862304688,205.029312133789,206.56022644043,195.77653503418,201.839340209961,297.561767578125,67.5916595458984,154.967575073242,110.965026855469,232.935150146484,91.8413925170898,297.953704833984,34.0268402099609,206.586486816406,123.580902099609,259.212127685547,68.4619445800781,53.1205177307129,76.2193603515625,79.3439788818359,77.2193603515625,78.2816696166992,77.2193603515625,79.3439788818359,414.909851074219,426.161651611328,409.719879150391,410.380004882812,418.660125732422,418.754852294922,386.462432861328,388.161163330078,385.250793457031,383.059753417969,386.219360351562,379.405792236328,406.474212646484,75.2121353149414,186.145797729492,130.627197265625,273.320404052734,75.369758605957,2.52107146980718
98.08255429659,38.9015433787959,70.1000019907951,-5.45992136001587,-14.1293754577637,-117.674522399902,984.881530761719,-0.739166259765625,-12.7490367889404,12.0098705291748,5.14878749847412,-14.7300109863281,6.37503814697266,-18.0199451446533,223.397491455078,68.559326171875,0.400000005960464,123.692108154297,162.885665893555,1.78646898269653,113.804290771484,2,-0.0123364326477051,0.0300843492150307,0.113807760179043,0.375,10,2001,3688.43310546875,111.681015014648,151.655975341797,127.33699798584,142.136199951172,118.609397888184,150.448165893555,221.664398193359,161.889770507812,182.370452880859,168.259292602539,184.273803710938,156.610336303711,204.115585327148,277.572906494141,216.473663330078,239.720108032227,213.857238769531,268.122619628906,203.115127563477,176.525863647461,202.056625366211,203.304000854492,192.232391357422,197.511810302734,293.515808105469,65.3114929199219,154.88883972168,110.530296325684,230.32600402832,88.454719543457,281.850952148438,32.752628326416,194.048706054688,111.324607849121,247.088272094727,62.8703575134277,48.1177253723145,76.7921829223633,79.6559829711914,77.7921829223633,78.7921829223633,77.7921829223633,79.6559829711914,421.093597412109,432.996917724609,414.003967285156,417.323425292969,423.362487792969,423.882263183594,375.791290283203,390.269378662109,383.939422607422,379.5087890625,384.612945556641,378.742126464844,356.349578857422,65.5399169921875,178.206878662109,142.373443603516,248.380813598633,70.3901290893555,2.52130239002425
98.0915374494312,38.9015433787959,69.300003349781,-5.1890869140625,-14.4659185409546,-123.540802001953,986.27099609375,-0.548275113105774,-12.2600402832031,11.7117643356323,5.47180557250977,-14.4785785675049,6.71739053726196,-17.7548561096191,219.804351806641,66.4218444824219,0.377868413925171,122.828636169434,159.81510925293,1.64299249649048,112.588188171387,1.95573687553406,-0.0116457344055176,0.0306993946433067,0.113807760179043,0.475000023841858,10,2001,3607.93603515625,114.233467102051,151.353302001953,129.586776733398,142.646697998047,121.880165100098,150.353302001953,217.652893066406,163.059921264648,183.766525268555,172,183.533065795898,158.706619262695,209.880157470703,271.826446533203,218.646697998047,241.233474731445,214.706619262695,271.940093994141,209.466934204102,174.940078735352,206.407028198242,205.820251464844,195.466934204102,199.820251464844,284.006195068359,65.2933883666992,157.233474731445,117.053718566895,225.826446533203,87,276.940093994141,34.5867767333984,181.006195068359,108.586776733398,232.419418334961,61,44.4132232666016,77,79.3533096313477,78,79,78,79.3533096313477,433.873962402344,443.640502929688,422.700408935547,422.880157470703,427.880157470703,427.586761474609,356.659088134766,381.41943359375,370.892578125,371.9462890625,376.652893066406,373.239685058594,288.390502929688,60.0599174499512,179.173553466797,174.15495300293,230.066116333008,67.7066116333008,2.52153331024131
98.1005206022724,38.9015433787959,67.5999969244003,-5.0329704284668,-14.6912336349487,-127.320457458496,988.596801757812,-0.410770088434219,-11.9506187438965,11.5398483276367,5.71137571334839,-14.3336124420166,6.98346900939941,-17.5719242095947,218.44319152832,66.3150939941406,0.300000011920929,122.868873596191,158.920059204102,1.45079219341278,111.709869384766,1.85079228878021,-0.0109550354003906,0.0313144400715828,0.117087937891483,0.449999988079071,10,2001,3598.21606445312,116.501220703125,150.498779296875,131,143,124.501220703125,150,210.496322631836,162.501220703125,182,172.501220703125,181.503677368164,160.506118774414,199.970611572266,257.471832275391,206.469390869141,226.960815429688,198.462051391602,251.447357177734,224.52815246582,181.513473510742,214.007339477539,217.520812988281,208.52326965332,210.017135620117,261.960815429688,61.4889793395996,157.496322631836,116.987754821777,198.94123840332,84.9951019287109,270.481628417969,38.5061225891113,175.501220703125,108.49633026123,221.992660522461,58.4938774108887,43,77,79.501220703125,78,79,78,79.501220703125,441.498779296875,457.518371582031,431.007354736328,426.503662109375,431.503662109375,433.511016845703,334.474273681641,360.968170166016,354.985321044922,356.474273681641,359.973052978516,356.970611572266,264.530609130859,61.0048980712891,166.462051391602,158.410629272461,200.94612121582,70.0073471069336,2.52176423045838
98.1095037551136,38.9015433787959,67.500002682209,-4.99404001235962,-14.7999725341797,-129.099227905273,990.413635253906,-0.33255723118782,-11.7969341278076,11.464376449585,5.85034847259521,-14.2970991134644,7.13215970993042,-17.4791889190674,219.152450561523,66.3313751220703,0.300000011920929,122.92512512207,159.511291503906,1.5958479642868,112.289054870605,1.97588932514191,-0.0102643371582031,0.0319294854998589,0.119686707854271,0.400000005960464,10,2001,3595.810546875,118.067321777344,149.644226074219,131,142.644226074219,125.711547851562,149.288452148438,210.067321777344,163,182.355773925781,173,183.355773925781,163,186.576904296875,243.865356445312,194.711547851562,206.730712890625,180.865356445312,226.086486816406,234.932678222656,191.980819702148,216.288452148438,224.576904296875,217.644226074219,214.509582519531,238.884536743164,56.6442260742188,148.528762817383,109.509590148926,174.644226074219,81.576904296875,253.749893188477,42.0673217773438,169.951858520508,105.932678222656,211.528762817383,58.1346397399902,41.5769081115723,77.3557739257812,80,78,79.3557739257812,78,80,439.932678222656,460.374938964844,434.355773925781,428.711547851562,430.509582519531,438,325.423095703125,347.644226074219,349.355773925781,346.711547851562,351.490417480469,347.490417480469,288.740509033203,62.2884521484375,155.980819702148,135.163619995117,188.961654663086,73.3557739257812,2.52199515067544
96.6452498419987,38.8925602259547,47.4000014364719,-5.1607780456543,-14.841498374939,-119.435409545898,1007.58508300781,0.115112759172916,-12.3150291442871,12.4301414489746,6.04474639892578,-14.4769582748413,7.41343784332275,-17.7178192138672,157.06999206543,55.6790466308594,0.600000023841858,127.34342956543,110.598045349121,2.79999995231628,76.7982788085938,4.30000019073486,-0.0172927185058594,0.0300674084573984,0.112112082540989,0.200000002980232,10,2001,3921.32690429688,118.674301147461,147.337158203125,130.485961914062,139.737091064453,125.611518859863,147.062789916992,238.739944458008,191.006271362305,221.756576538086,209.78466796875,232.802719116211,199.120391845703,280.650634765625,311.630340576172,299.389129638672,285.852630615234,277.177551269531,303.739624023438,202.184921264648,208.183502197266,211.520645141602,203.955276489258,205.327117919922,207.292434692383,250.172378540039,101.535858154297,239.424499511719,166.873672485352,299.184173583984,125.929183959961,243.830474853516,68.188346862793,185.710754394531,104.594886779785,216.796447753906,91.2906723022461,36.6344299316406,76.4512634277344,78.6628494262695,78.3884811401367,79.6628494262695,78.3884811401367,78.7256317138672,498.330535888672,507.518890380859,492.085693359375,501.839752197266,498.490814208984,513.142211914062,299.484527587891,284.297607421875,296.456451416016,294.204986572266,296.244842529297,279.502593994141,365.551391601562,136.393753051758,276.703826904297,258.531860351562,297.425933837891,153.530120849609,2.48492897563229
96.7620308289343,38.8925602259547,49.100000411272,-5.97586488723755,-14.4592409133911,-103.960113525391,1046.67077636719,-0.387735724449158,-14.2965631484985,13.9088277816772,5.36963129043579,-15.7334642410278,6.74202728271484,-19.3899364471436,168.5234375,59.0974578857422,0.67445307970047,125.120712280273,117.223106384277,2.9489061832428,82.3603286743164,4.57445287704468,-0.0171393966674805,0.0297666881233454,0.118270926177502,0.200000002980232,10,2001,3955.39086914062,127.411422729492,143,135.35285949707,140,133.058563232422,142,267.352844238281,212.64714050293,260.647155761719,245,263.058563232422,217.35285949707,229.004318237305,285.295715332031,250.180023193359,254.414306640625,229.004318237305,277.708587646484,192.234283447266,240.117141723633,230.175704956055,230.528564453125,208.117141723633,229.822845458984,243.588577270508,90.1171417236328,163.764282226562,122.941429138184,226.175704956055,104.35285949707,252.470001220703,68.8828582763672,149.411422729492,114.705711364746,190.822845458984,101.705711364746,41.1771469116211,78,80,79,79.6471405029297,79,80,487.118591308594,473.294281005859,466.882873535156,473.941436767578,479.529998779297,487.294281005859,320.647155761719,285.941436767578,302.941436767578,295.529998779297,312.352844238281,282.882873535156,487.938537597656,208.531448364258,299.825744628906,290.82861328125,341.118591308594,217.357177734375,2.48793163182816
96.7710139817755,38.8925602259547,50.7999993860722,-6.06949234008789,-14.3689231872559,-102.782020568848,1047.27990722656,-0.454743772745132,-14.4350347518921,13.9802904129028,5.28090286254883,-15.8324785232544,6.64234209060669,-19.4971981048584,171.387268066406,59.5554656982422,0.760581433773041,125.613357543945,119.774147033691,3.12116289138794,83.2138366699219,4.66058111190796,-0.0170407974243164,0.0298002157360315,0.118270926177502,0.275000005960464,10,2001,3959.41162109375,129.473220825195,143.618194580078,135.456176757812,140.206069946289,133.986724853516,142.618194580078,265.189483642578,210.277130126953,256.422546386719,242.733306884766,261.101837158203,214.571304321289,221.26203918457,284.362884521484,242.749481201172,251.108520507812,219.819610595703,271.105224609375,199.862121582031,245.888656616211,238.936019897461,239.186141967773,213.682601928711,237.037399291992,246.060165405273,97.5371627807617,174.171936035156,126.752723693848,239.057281494141,107.959251403809,254.223571777344,68.881103515625,153.53385925293,114.50023651123,194.94645690918,104.179054260254,37.4656753540039,78,79.7939376831055,79,79.3377532958984,79,79.7939376831055,480.212249755859,469.790618896484,460.287078857422,469.304138183594,473.861236572266,482.760314941406,319.925628662109,284.189025878906,300.776885986328,291.509735107422,312.456176757812,280.202301025391,505.772064208984,190.184814453125,282.714904785156,256.192474365234,343.897216796875,186.020965576172,2.48816260538168
96.7799971346167,38.8925602259547,47.2000017762184,-6.06723499298096,-14.3672142028809,-102.279113769531,1049.39123535156,-0.446403503417969,-14.4937019348145,14.0472993850708,5.2711009979248,-15.8706817626953,6.63791656494141,-19.5513744354248,171.334381103516,59.3039093017578,0.800000011920929,125.391944885254,119.703048706055,3.06855249404907,83.1231536865234,4.6631498336792,-0.0169992446899414,0.0297950375825167,0.118270926177502,0.25,10,2001,3952.59545898438,130.118576049805,145.045883178711,134.734893798828,140.721496582031,133.013397216797,144.105178833008,258.442779541016,205.328735351562,246.598175048828,236.707885742188,252.497528076172,206.219024658203,255.005142211914,300.822448730469,266.853851318359,272.884033203125,250.132583618164,287.837005615234,205.169006347656,252.252868652344,249.362579345703,248.435272216797,220.183563232422,244.932998657227,258.058532714844,110.1591796875,196.728851318359,142.367416381836,264.001861572266,117.363845825195,250.447311401367,76.8302459716797,159.629913330078,112.382530212402,196.177871704102,108.999046325684,37.3244018554688,78,79.2785110473633,79,79.7214889526367,79,79.2785110473633,475.137481689453,463.579284667969,450.497528076172,460.821929931641,467.132934570312,473.675384521484,319.693542480469,284.227142333984,300.139892578125,290.742797851562,312.683502197266,281.3916015625,513.900512695312,172.669708251953,269.420318603516,238.123870849609,361.268798828125,166.112686157227,2.48839357893521
96.7889802874579,38.8925602259547,47.2000017762184,-5.9578104019165,-14.4609622955322,-102.833213806152,1053.6044921875,-0.355132430791855,-14.4179058074951,14.0627737045288,5.38149452209473,-15.8232355117798,6.73364305496216,-19.5530567169189,168.253387451172,58.2559471130371,0.800000011920929,124.445327758789,116.94010925293,3.02554702758789,81.999397277832,4.37604665756226,-0.0170031951904297,0.0297509990632534,0.118270926177502,0.200000002980232,10,2001,3910.65307617188,131.149383544922,144.850616455078,135.724075317383,141,133.724075317383,144.425308227539,253.275924682617,201.275924682617,237.977157592773,230.551849365234,245.701232910156,199.701232910156,228.53092956543,284.966705322266,234.53092956543,248.599426269531,223.255004882812,268.219787597656,208.149383544922,246.080871582031,245.655563354492,245.954330444336,219.402481079102,241.379638671875,274.493804931641,124.769744873047,227.412933349609,172.286392211914,302.458618164062,134.941955566406,247.425308227539,89.7697448730469,166.022842407227,116.896286010742,197.724075317383,119.195053100586,36.8506202697754,78,79,79,80,79,79,468.827789306641,462.298767089844,443.701232910156,453.551849365234,458.678405761719,468.425323486328,323.022827148438,292.195037841797,310.643188476562,300.493804931641,321.919128417969,290.195037841797,511.253082275391,169.74690246582,259.253082275391,225.379638671875,352.587066650391,163.74690246582,2.48862455248874
98.0017059210192,38.8925602259547,99.3999987840652,-6.72359657287598,-12.8759737014771,-95.9721298217773,984.803283691406,-1.44713830947876,-14.8678760528564,13.4207372665405,3.80687999725342,-16.1286735534668,4.89040613174438,-19.3259773254395,240.872161865234,73.6653823852539,0.400000005960464,122.943244934082,173.772476196289,1.79999995231628,120.712196350098,2,-0.0174498977661133,0.0246506221592426,0.100583724677563,0.774999976158142,10,2001,3974.82470703125,112.377502441406,148.244995117188,127,140,120.377502441406,145.244995117188,204.13249206543,140.735000610352,154.377502441406,142,153.509994506836,133.112503051758,181.205017089844,300.364959716797,222.755004882812,246.794982910156,200.450012207031,289.794982910156,194.807525634766,225.052536010742,216.450012207031,215.827514648438,208.072525024414,232.185028076172,303.304992675781,67.3974914550781,192.264999389648,148.397491455078,229.509994506836,75.6424942016602,306.794982910156,56.7350044250488,214.622497558594,141.377502441406,254,86.4900054931641,56.245002746582,76,79,77.3775024414062,78.3775024414062,77,79,421.489990234375,388.397491455078,406.887481689453,404.642486572266,420.622497558594,389.642486572266,384.324981689453,386.549987792969,376.284973144531,379.529998779297,371.549987792969,377.794982910156,504.232452392578,92.6824798583984,242.742446899414,175.397491455078,343.987457275391,117.947471618652,2.51980598221504
98.0106890738604,38.8925602259547,63.2999986410141,-6.68042850494385,-12.9012393951416,-95.7562713623047,986.880676269531,-1.39391815662384,-14.873556137085,13.4796380996704,3.86116647720337,-16.103307723999,4.93921518325806,-19.3199615478516,240.563766479492,74.0046844482422,0.400000005960464,123.009773254395,173.621292114258,1.79999995231628,120.227394104004,2,-0.0168712203979492,0.0251056514680386,0.100583724677563,0.675000011920929,10,2001,3963.52294921875,110.569000244141,149,126.523002624512,140,119.046005249023,146,204.907989501953,144.430999755859,155.430999755859,143.907989501953,155.815994262695,136.430999755859,191.815994262695,318.297912597656,226.769989013672,264.326934814453,205.138000488281,301.602966308594,206.430999755859,237.907989501953,225.430999755859,225.384994506836,218.384994506836,242.953994750977,300.723999023438,64,182.368011474609,141.184005737305,230.384994506836,78.2469863891602,305.246978759766,52.799015045166,216.907989501953,142.430999755859,257.815979003906,83.7070083618164,57,75.5230026245117,79.4769973754883,77,78.4769973754883,76.5230026245117,79.4769973754883,413.460021972656,379.276000976562,394.983032226562,394.845001220703,411.460021972656,381.276000976562,380.631988525391,382.338989257812,379.585968017578,379.769989013672,370.677978515625,375.769989013672,473.213043212891,84,231.200988769531,169.615005493164,330.815979003906,106.046005249023,2.52003695576856
98.0196722267016,38.8925602259547,63.2999986410141,-6.89672899246216,-12.7416172027588,-93.1174392700195,987.061340332031,-1.50176560878754,-15.1889457702637,13.687180519104,3.67256712913513,-16.3074378967285,4.7406005859375,-19.521110534668,243.330810546875,74.8913803100586,0.400000005960464,122.941215515137,175.474365234375,1.79999995231628,121.393424987793,2,-0.0162925430297852,0.0254467222839594,0.100583724677563,0.625,10,2001,4057.77026367188,110.031112670898,149.331512451172,126.012184143066,140.663024902344,119.018920898438,146.663024902344,208.608825683594,148.947082519531,160.941619873047,150.923980712891,163.88069152832,141.941619873047,208.500091552734,339.522308349609,235.856307983398,277.117797851562,213.676177978516,306.274932861328,203.653732299805,238.625183105469,223.648284912109,225.618453979492,215.634811401367,239.665924072266,320.777404785156,64.3315124511719,180.162292480469,137.429016113281,232.607543945312,86.1865463256836,311.197448730469,49.4735984802246,233.86946105957,147.941619873047,264.223114013672,79.7727203369141,56.6684837341309,74.0176391601562,78.661750793457,75.6739349365234,77.9932632446289,74.6861267089844,78.661750793457,402.249206542969,373.809295654297,383.592926025391,384.862213134766,397.928588867188,375.809295654297,394.109252929688,386.577728271484,392.758819580078,389.519348144531,386.117248535156,384.524780273438,428.867462158203,97.260627746582,244.80339050293,181.64762878418,331.587341308594,112.317718505859,2.52026792932209
98.0286553795428,38.8925602259547,47.4999994039536,-7.29655885696411,-12.4632053375244,-89.4272918701172,984.512512207031,-1.74752688407898,-15.6860570907593,13.9385299682617,3.29493355751038,-16.6609516143799,4.34449052810669,-19.8525829315186,247.558563232422,76.1703491210938,0.400000005960464,122.97730255127,178.435791015625,1.79999995231628,123.399925231934,2,-0.0157841506958008,0.0258016437292099,0.100583724677563,0.600000023841858,10,2001,4128.365234375,111.154815673828,149.470199584961,125.813949584961,141.312515258789,120.154815673828,147.312515258789,214.932556152344,157.11572265625,171.572891235352,162.541656494141,174.200790405273,151.828689575195,226.147094726562,318.419708251953,243.223968505859,261.773010253906,228.503860473633,288.46337890625,195.747665405273,232.537643432617,213.739608764648,219.685195922852,204.360244750977,230.073211669922,340.888397216797,65.5865097045898,188.231231689453,137.284149169922,235.134521484375,90.6403427124023,308.865478515625,52.0043869018555,252.252456665039,153.921615600586,269.198486328125,80.6846084594727,57.4600524902344,72.6591339111328,77.0028839111328,74.0028839111328,76.6591339111328,73.0028839111328,77.0028839111328,404.938323974609,382.126678466797,389.013244628906,387.243560791016,399.274780273438,382.824310302734,399.500061035156,384.521728515625,397.247161865234,393.071258544922,395.708709716797,387.102478027344,391.631683349609,115.459594726562,253.083694458008,190.665740966797,328.623504638672,120.553894042969,2.52049890287562
98.037638532384,38.8925602259547,70.9000006318092,-7.63626956939697,-12.2195920944214,-86.6962966918945,980.802734375,-1.951899766922,-16.0550651550293,14.1031646728516,2.97001886367798,-16.9307250976562,4.0157322883606,-20.0949192047119,251.199783325195,77.7388000488281,0.400000005960464,123.491195678711,181.601455688477,1.79999995231628,125.060974121094,2,-0.0153781982421875,0.0262690633535385,0.100583724677563,0.449999988079071,10,2001,4203.56005859375,110.565757751465,148.64697265625,125.262573242188,140.525146484375,119.52515411377,146.606369018555,224.636962890625,166.574691772461,183.896362304688,173.68408203125,185.624542236328,162.230911254883,226.05729675293,321.254669189453,247.490600585938,267.967254638672,225.444869995117,296.282379150391,189.797439575195,220.263961791992,198.639114379883,211.372894287109,192.788650512695,219.363662719727,342.57275390625,67.8278732299805,188.231674194336,135.706512451172,244.001800537109,93.3000030517578,300.93212890625,47.2662200927734,244.752319335938,154.856521606445,273.796508789062,81.1218185424805,60.7559051513672,72.7374267578125,77.4748458862305,74.4342422485352,76.7374267578125,73.4748458862305,77.4748458862305,415.952117919922,402.466644287109,406.923004150391,402.751342773438,415.882385253906,399.670135498047,394.866058349609,376.966217041016,394.437896728516,385.875762939453,391.025756835938,380.966217041016,398.006927490234,115.272743225098,250.422119140625,162.250350952148,333.233459472656,116.378799438477,2.52072987642915
98.0466216852252,38.8925602259547,75.4999965429306,-7.5831184387207,-12.2615461349487,-87.354248046875,980.099060058594,-1.90759027004242,-15.9824819564819,14.0748910903931,3.00990009307861,-16.8704853057861,4.06688451766968,-20.0393905639648,250.173568725586,77.4623641967773,0.400000005960464,123.459808349609,180.931777954102,1.79999995231628,124.605934143066,2,-0.0149722473144531,0.0267364848405123,0.101327531039715,0.349999994039536,10,2001,4082.89965820312,109.448654174805,148.551345825195,124.448654174805,138.897308349609,117.897300720215,146,214.356857299805,151.394729614258,168.189331054688,155.535293579102,170.843383789062,146.843383789062,210.767654418945,339.78369140625,240.627090454102,278.308074951172,215.486526489258,314.475616455078,183.589218139648,208.486526489258,187.691909790039,200.281127929688,183.037872314453,208.383819580078,329.421691894531,69.5513458251953,183.140563964844,132.243255615234,259.578308105469,88.3838272094727,297.102691650391,47.4107856750488,214.189331054688,148.935165405273,274.897308349609,82.6540451049805,61.3459548950195,73.5513458251953,79.1026992797852,75.5513458251953,77.5513458251953,75.1026992797852,79.1026992797852,413.524383544922,409.486511230469,415.794616699219,409.691925048828,424.243255615234,405.589202880859,402.78369140625,382.026947021484,396.513488769531,390.026947021484,392.718872070312,386.026947021484,416.167510986328,107.037864685059,260.989105224609,158.297180175781,343.718872070312,118.167526245117,2.52096084998268
98.0556048380664,38.8925602259547,82.8000009059906,-7.15980243682861,-12.5581197738647,-91.3078842163086,982.255615234375,-1.67160546779633,-15.4590559005737,13.7874507904053,3.40059018135071,-16.4826908111572,4.49138355255127,-19.6808280944824,246.512924194336,75.9012603759766,0.400000005960464,123.058464050293,177.912063598633,1.79999995231628,122.861396789551,2,-0.0145662948608398,0.0272039044648409,0.106585681438446,0.524999976158142,10,2001,3986.33837890625,109.811798095703,149,124.405899047852,139.623596191406,117.811798095703,146,197.970504760742,135.841278076172,150.43537902832,136.841278076172,153.623596191406,129.217697143555,202.841278076172,321.775360107422,223.664352416992,261.922821044922,205.723327636719,295.804870605469,185.682571411133,202.376403808594,185.811798095703,194.811798095703,183.87077331543,201.376403808594,313.099731445312,65.5351257324219,174.723327636719,125.941024780273,252.358200073242,85.8412857055664,307.335632324219,50.5941009521484,198.87077331543,146.43537902832,271.158721923828,84,61.2176933288574,74.4058990478516,80,76,78,76,79.5941009521484,408.247192382812,411.900268554688,416.029479980469,408.623596191406,421.594116210938,406.058990478516,405.476135253906,385.723327636719,398.158721923828,396.564605712891,394.535125732422,392.564605712891,402.922821044922,93.2584609985352,264.664367675781,161.82307434082,337.823059082031,113.04076385498,2.52119182353621
98.0645879909076,38.8925602259547,95.2999964356422,-6.55446863174438,-12.9995193481445,-97.0232009887695,987.257629394531,-1.33147573471069,-14.7429752349854,13.4114990234375,3.97354102134705,-15.9298782348633,5.09577560424805,-19.2014408111572,240.669876098633,74.0634460449219,0.400000005960464,122.694450378418,173.551818847656,1.79999995231628,120.003189086914,2,-0.0141603424072266,0.0276713259518147,0.106585681438446,0.899999976158142,10,2001,3889.17309570312,110.312171936035,148.739532470703,124.395622253418,141.145263671875,118.051704406738,146,200.88703918457,142.541442871094,154.801635742188,141.978652954102,157.749923706055,133.093841552734,196.518142700195,284.747894287109,211.137939453125,237.140731811523,195.177856445312,262.632995605469,193.873565673828,197.208206176758,187.874969482422,196.874969482422,193.90559387207,200.37565612793,298.427917480469,62.7830696105957,166.001113891602,124.741485595703,230.900497436523,90.7181854248047,317.7783203125,46.1764602661133,203.696273803711,146.894638061523,268.886474609375,82.1767349243164,60.4054565429688,74.9165496826172,80,76,78.2604675292969,76,79.3439178466797,413.374267578125,419.539489746094,419.624603271484,411.968536376953,420.562530517578,411.165496826172,392.929168701172,383.252288818359,392.500427246094,391.156494140625,385.531890869141,388.719299316406,387.777984619141,79.9609298706055,247.710021972656,145.982559204102,326.931396484375,98.7322082519531,2.52142279708973
98.0735711437488,38.8925602259547,95.2999964356422,-6.00668859481812,-13.3882637023926,-102.434844970703,992.326904296875,-1.02115905284882,-14.1103630065918,13.0892038345337,4.49046421051025,-15.4481821060181,5.64217805862427,-18.7794895172119,232.75910949707,70.6570663452148,0.400000005960464,122.363578796387,167.940856933594,1.79999995231628,117.384658813477,2,-0.0137543914794922,0.0281387455761433,0.106585681438446,0.849999964237213,10,2001,3800.03930664062,109.80297088623,148.574066162109,123.80297088623,140.687911987305,116.801765441895,146.345153808594,210.157516479492,149.828399658203,158.890960693359,146.31689453125,162.744033813477,138.745223999023,178.158599853516,276.963317871094,206.766296386719,230.075973510742,187.008834838867,258.279022216797,198.119857788086,190.516754150391,192.845657348633,200.810180664062,203.026641845703,202.314483642578,283.999237060547,67.2519378662109,161.291458129883,129.725570678711,225.307281494141,93.395263671875,315.188629150391,38.8937835693359,204.445587158203,143.20947265625,270.165161132812,77.2216949462891,56.1751976013184,75.2301025390625,80,76.2301025390625,78.7710952758789,76.2301025390625,79.7710952758789,414.703735351562,417.765075683594,418.747833251953,411.979156494141,417.271789550781,410.734405517578,387.832427978516,391.603118896484,388.406494140625,387.325714111328,379.816619873047,387.607147216797,394.774261474609,75.9156188964844,231.666290283203,141.307281494141,326.665649414062,94.8825454711914,2.52165377064326
98.08255429659,38.8925602259547,94.200000166893,-5.92799425125122,-13.5086612701416,-106.482437133789,987.545532226562,-1.07293462753296,-13.7979688644409,12.7250347137451,4.53898096084595,-15.3014259338379,5.70655584335327,-18.6206951141357,230.673767089844,70.2537155151367,0.400000005960464,123.19482421875,167.400238037109,1.79999995231628,117.239784240723,2,-0.0128402526855469,0.0289188958704472,0.106585681438446,0.600000023841858,10,2001,3771.21411132812,110.876976013184,149.876983642578,124.876976013184,141.251312255859,116.62565612793,147.876983642578,210.369064331055,155.128295898438,164.630935668945,150.753952026367,167.128295898438,144.379608154297,171.502639770508,271.117767333984,201.994735717773,222.240783691406,186.128295898438,255.620391845703,203.630935668945,186.748687744141,206.015808105469,209.384887695312,208.502639770508,204.251312255859,273.117767333984,68.7486801147461,161.502639770508,124.989463806152,219.743408203125,92.4973678588867,305.363800048828,37.5026359558105,213.513168334961,145.005264282227,268.246032714844,69.4920959472656,54.625659942627,76.2513198852539,80,77.2513198852539,79,77.2513198852539,80,409.492095947266,411.743408203125,404.855895996094,400.358520507812,407.112487792969,405.117767333984,387.251312255859,400.882232666016,389.128295898438,390.882232666016,385.010528564453,391.005279541016,373.963104248047,75,209.727600097656,135.743408203125,301.963104248047,91.8717041015625,2.52188474419679
98.0915374494312,38.8925602259547,85.6000036001205,-5.63518571853638,-13.7972726821899,-112.613960266113,984.456420898438,-0.952296078205109,-13.2313165664673,12.2790203094482,4.80895948410034,-14.966911315918,6.00024318695068,-18.2916679382324,227.046920776367,69.0575714111328,0.391761183738708,123.401573181152,165.283935546875,1.73925912380219,116.024101257324,1.98352241516113,-0.0118299942016602,0.02975819632411,0.106585681438446,0.5,10,2001,3695.38159179688,113.440719604492,151,126.960479736328,142,119.401206970215,149,209.40119934082,161.80241394043,170.881439208984,158.282653808594,172.361694335938,151.80241394043,171.559280395508,279.486267089844,199,220.361694335938,181.276626586914,257.802398681641,215.164093017578,183.59880065918,213.559280395508,210.19758605957,210.960479736328,202.59880065918,276.683868408203,71.361686706543,166.361694335938,118.519760131836,211.677825927734,87.638313293457,287.954467773438,39.9604835510254,200.829879760742,131.191558837891,255.914932250977,65.4802398681641,55,77,79.5197601318359,78,78.5197601318359,78,79.5197601318359,414.124572753906,422.4072265625,405.525787353516,406.367706298828,410.085052490234,416.367706298828,370.231079101562,393.474212646484,380.434692382812,383.954467773438,379.474212646484,381.033477783203,336.191558837891,70.6778335571289,189.316146850586,130.079040527344,263.711334228516,84.7173461914062,2.52211571775032
98.1005206022724,38.8925602259547,81.0000002384186,-5.37424755096436,-14.0808897018433,-118.51220703125,982.245483398438,-0.82554692029953,-12.7189283370972,11.8933820724487,5.07721424102783,-14.6666240692139,6.29264450073242,-17.9799880981445,223.393432617188,67.7776870727539,0.344646155834198,123.189994812012,162.631759643555,1.48929226398468,114.505180358887,1.88929235935211,-0.010819734954834,0.0305974986404181,0.11687259376049,0.524999976158142,10,2001,3665.89624023438,115.641952514648,150.665161132812,128.986038208008,142,122.958312988281,148.665161132812,214.632522583008,166.572723388672,177.962646484375,168.251281738281,178.948883056641,159.25146484375,180.74267578125,287.737060546875,205.027160644531,231.301834106445,186.183715820312,265.25146484375,224.177719116211,188.077896118164,213.032257080078,208.775695800781,211.646667480469,202.390106201172,280.164337158203,71.5868759155273,167.256561279297,118.678924560547,210.766448974609,84.7343826293945,276.547424316406,37.6330909729004,183.406311035156,111.314445495605,248.542526245117,63.9817047119141,54.3303146362305,77,79.3440856933594,78.3348388671875,78.3440856933594,78,79.3440856933594,422.819854736328,434.039459228516,418.113006591797,418.686126708984,420.805908203125,428.686126708984,352.346527099609,377.873413085938,368.533660888672,372.547424316406,367.891510009766,368.923767089844,309.617614746094,65.7483444213867,172.441986083984,130.715713500977,233.613265991211,77.7623062133789,2.52234669130385
98.1095037551136,38.8925602259547,79.5999988913536,-5.37307167053223,-14.1720476150513,-121.896087646484,977.924743652344,-0.870270729064941,-12.5006055831909,11.6303358078003,5.12968635559082,-14.6108484268188,6.34662008285522,-17.8582878112793,223.509689331055,68.0024719238281,0.300000011920929,123.403495788574,162.855422973633,1.43562316894531,114.517311096191,1.80000007152557,-0.00980947647094727,0.0314368009567261,0.125022560358047,0.574999988079071,10,2001,3655.13671875,116.501205444336,150.344131469727,130.346542358398,142,124.346542358398,148.344131469727,218.762680053711,166.154663085938,184.71240234375,175.368270874023,184.555328369141,163.106811523438,190.987930297852,275.015045166016,206.827011108398,233.503189086914,195.337875366211,260.959930419922,223.140182495117,197.425796508789,212.262466430664,211.835678100586,208.691665649414,205.34895324707,268.428771972656,65.4098815917969,161.153244018555,118.743362426758,210.046432495117,84.5538940429688,273.435028076172,34.2518119812012,185.354782104492,106.412292480469,245.685409545898,62.0647659301758,52.3620223999023,77,79.655876159668,78.655876159668,78.655876159668,78,79.655876159668,424.116455078125,432.301086425781,422.066192626953,417.592529296875,423.273559570312,426.076843261719,352.588684082031,370.083648681641,366.172546386719,370.57177734375,368.880126953125,368.57421875,298.105377197266,65.7230529785156,161.673767089844,136.278366088867,215.792205810547,74.6713485717773,2.52257766485737
98.1184869079547,38.8925602259547,87.8000035881996,-5.37975454330444,-14.2655076980591,-124.739700317383,974.276916503906,-0.892952501773834,-12.33376121521,11.4408092498779,5.18976402282715,-14.5686521530151,6.40385484695435,-17.7497463226318,223.804321289062,68.1429138183594,0.300000011920929,123.399864196777,163.149444580078,1.5,114.647537231445,1.80000007152557,-0.00879921722412109,0.0322761014103889,0.125022560358047,0.5,10,2001,3686.03930664062,116.432373046875,150.611724853516,130.344177246094,141.955902099609,124.38826751709,148.611724853516,219.867691040039,165.911804199219,187.967483520508,178.22346496582,188.323257446289,164.611724853516,180.704727172852,259.724945068359,190.98161315918,213.902740478516,177.770431518555,242.587432861328,219.141632080078,197.541488647461,207.174133300781,207.694702148438,202.430099487305,205.253005981445,253.854537963867,60.8445129394531,154.16845703125,116.368041992188,194.946380615234,81.8004150390625,265.944763183594,37.4316825866699,177.221878051758,101.400550842285,227.096649169922,64.0672836303711,48.9711380004883,76.9559020996094,79.2559661865234,78.2559661865234,78.3000717163086,77.9559020996094,79.2559661865234,430.269836425781,439.593078613281,430.105010986328,427.616271972656,428.869964599609,431.928619384766,350.588531494141,362.209594726562,363.020904541016,364.644927978516,369.655822753906,362.818389892578,297.141387939453,67.1438903808594,164.005218505859,142.216857910156,211.488067626953,71.8972549438477,2.5228086384109
96.6721993005223,38.8835770731135,49.4000017642975,-5.19165134429932,-14.7698802947998,-112.91284942627,1023.96197509766,0.391350150108337,-12.6895570755005,13.0809078216553,6.2019248008728,-14.611686706543,7.58747053146362,-17.9600887298584,158.828948974609,56.6005668640137,0.600000023841858,127.416114807129,111.841003417969,2.79999995231628,77.9296646118164,4.40000009536743,-0.0169284942626953,0.0302614439278841,0.116096094250679,0.200000002980232,10,2001,3909.90478515625,123.25186920166,145.298385620117,133,138.635650634766,128,144.635650634766,261.325469970703,204.938171386719,244.97705078125,230.620346069336,253.628005981445,210.620346069336,283.281829833984,312.661285400391,299.127777099609,279.664184570312,277.693328857422,308.23095703125,212.096374511719,232.886703491211,234.789520263672,225.573013305664,221.332321166992,227.561233520508,236.385025024414,100.693153381348,204.691253662109,147.360214233398,254.056854248047,104.074234008789,253.757843017578,71.2165069580078,177.272735595703,108.996482849121,212.052093505859,95.9729156494141,38.9340400695801,77.0076522827148,78.6627349853516,78.3449096679688,79,78.3449096679688,78.6627349853516,514.242797851562,497.883392333984,498.134613037109,505.530181884766,507.990905761719,515.417724609375,272.978668212891,268.586608886719,267.393676757812,268.234039306641,270.6767578125,257.3388671875,358.156219482422,176.043258666992,318.212432861328,282.307098388672,305.494079589844,184.004577636719,2.48619614185053
96.6811824533635,38.8835770731135,53.3000007271767,-5.27397680282593,-14.7476673126221,-111.088821411133,1028.71130371094,0.378077059984207,-12.8978538513184,13.2759313583374,6.14666557312012,-14.7320070266724,7.52559661865234,-18.1364974975586,160.060119628906,57.7169532775879,0.600000023841858,128.123794555664,113.020561218262,2.79999995231628,79.2388916015625,4.40000009536743,-0.0169393676757813,0.0302256513386965,0.116096094250679,0.200000002980232,10,2001,3919.80249023438,124.479782104492,146.004699707031,132.828994750977,139.838394165039,127.657997131348,145.838394165039,256.912628173828,206.76725769043,245.912261962891,231.078567504883,252.235473632812,212.446563720703,272.509033203125,328.832611083984,292.653656005859,283.48193359375,271.161987304688,326.830078125,212.795776367188,238.507949829102,239.652938842773,232.650421142578,221.166305541992,232.978332519531,248.12043762207,104.857162475586,206.296859741211,143.843444824219,266.562316894531,110.04224395752,266.602172851562,67.4635314941406,186.386413574219,111.793251037598,220.381713867188,96.1330871582031,42.0400810241699,75.6699142456055,78.1663055419922,77.3326110839844,79,77.3326110839844,78.1663055419922,508.21923828125,494.408996582031,489.409362792969,497.4140625,500.3974609375,509.048217773438,278.818695068359,266.916748046875,271.600372314453,269.940216064453,278.436248779297,258.636138916016,369.75048828125,197.466979980469,336.859375,295.41064453125,319.959594726562,194.600784301758,2.48642716876516
96.7260982175695,38.8835770731135,49.1999983787537,-5.4318380355835,-14.7564058303833,-109.274063110352,1043.20874023438,0.139038532972336,-13.3653545379639,13.5043926239014,5.97271728515625,-15.0971851348877,7.40416812896729,-18.6763191223145,164.264007568359,57.5452728271484,0.600000023841858,125.901763916016,114.623626708984,2.79999995231628,79.6801452636719,4.40000009536743,-0.0174040786743164,0.0298698097467422,0.11360477656126,0.300000011920929,10,2001,3873.66528320312,125.823135375977,145.800735473633,133.723495483398,141.662475585938,129.160659790039,146.562835693359,257.155212402344,202.903839111328,245.177627563477,231.415512084961,252.441558837891,208.694732666016,257.554840087891,319.482147216797,268.96337890625,288.265930175781,255.655395507812,312.942779541016,210.84114074707,243.977584838867,246.478485107422,239.140975952148,226.806167602539,238.079956054688,274.078704833984,125.396743774414,236.87419128418,168.837387084961,315.673828125,131.15885925293,246.648986816406,68.698371887207,172.868118286133,110.771957397461,205.267578125,92.2504501342773,49.5018196105957,77.6624755859375,79.6624755859375,78.9003677368164,79.7621154785156,78.7621154785156,79.6624755859375,488.392333984375,476.3564453125,475.071014404297,478.459716796875,487.694885253906,491.183227539062,300.766510009766,279.665954589844,278.688354492188,282.498931884766,285.498931884766,270.836456298828,358.580047607422,175.48469543457,287.718353271484,251.372650146484,293.500610351562,174.014358520508,2.48758230333834
96.7530476760931,38.8835770731135,47.4000014364719,-5.57606506347656,-14.6409034729004,-105.738586425781,1048.486328125,0.0534468330442905,-13.7950878143311,13.8485345840454,5.82397842407227,-15.3117561340332,7.25365781784058,-18.9565544128418,165.432693481445,58.1027603149414,0.600000023841858,126.056526184082,115.725936889648,2.79999995231628,80.7607955932617,4.5,-0.0170114471435547,0.0300296600908041,0.117520913481712,0.300000011920929,10,2001,3905.8212890625,121.429962158203,145.646484375,132.385269165039,141.340576171875,127.398216247559,146.002914428711,258.363555908203,210.722915649414,251.363555908203,236.720001220703,254.704132080078,217.305908203125,266.089324951172,331.181640625,285.461791992188,295.774810791016,262.066345214844,322.245269775391,200.468826293945,236.653594970703,234.742980957031,230.64192199707,214.711242675781,227.626052856445,280.235015869141,116.985404968262,205.426895141602,161.54817199707,275.598419189453,123.628967285156,274.541015625,64.3506011962891,168.258285522461,107.414093017578,212.269760131836,95.9494705200195,44.7158012390137,76.67822265625,79,78,79.3376541137695,78.015869140625,79,488.176025390625,480.487762451172,468.16015625,473.825408935547,480.513671875,486.554168701172,311.355163574219,282.536865234375,296.756286621094,296.210876464844,304.775085449219,285.173309326172,497.66064453125,165.601058959961,272.630035400391,250.364410400391,327.409118652344,156.999282836914,2.48827538408225
96.7620308289343,38.8835770731135,50.2999983727932,-5.69970750808716,-14.5358877182007,-104.055084228516,1048.93811035156,-0.0102965980768204,-13.9798154830933,13.9695196151733,5.7080864906311,-15.4456930160522,7.11626434326172,-19.0988349914551,167.549331665039,58.6192893981934,0.600000023841858,125.092819213867,116.449333190918,2.79999995231628,81.6188507080078,4.5,-0.0168805709838867,0.0300829447805882,0.118270926177502,0.300000011920929,10,2001,3913.30004882812,123.874496459961,144.812576293945,133.187423706055,140.500350952148,129.699462890625,144.312927246094,262.386535644531,211.674697875977,255.386535644531,239.536804199219,257.361755371094,218.012390136719,266.1328125,329.84423828125,279.597412109375,292.345275878906,258.296875,316.158538818359,206.360366821289,243.149307250977,242.072906494141,240.571868896484,221.372756958008,238.972183227539,284.097229003906,122.459701538086,214.072219848633,165.084854125977,294.820953369141,129.609283447266,278.184204101562,67.3996200561523,167.962142944336,112.325050354004,214.710006713867,99.4374694824219,41.3136215209961,76.1626510620117,78.8249588012695,78,79.6623077392578,78,78.8249588012695,488.774017333984,479.112426757812,469.824249267578,474.525115966797,482.486572265625,485.000701904297,304.690551757812,277.075958251953,288.602478027344,285.065673828125,296.140686035156,275.689422607422,516.121520996094,196.215240478516,302.317108154297,280.238891601562,363.827056884766,189.56462097168,2.48850641099688
96.7710139817755,38.8835770731135,48.3999997377396,-5.77228260040283,-14.4838590621948,-103.527442932129,1049.93493652344,-0.0905254706740379,-14.0809555053711,13.9904298782349,5.63872194290161,-15.5422306060791,7.03810548782349,-19.1973114013672,167.843414306641,58.0782852172852,0.73720508813858,124.660484313965,116.644737243652,2.83595037460327,81.3124008178711,4.4941291809082,-0.0167496932983398,0.0301362276077271,0.118270926177502,0.200000002980232,10,2001,3926.33203125,125.930152893066,143.760437011719,134.267883300781,140.690582275391,131.239562988281,143.422698974609,264.47705078125,211.518585205078,257.307159423828,240.899749755859,258.124206542969,218.067581176758,243.562347412109,299.314819335938,255.801910400391,262.386566162109,236.381301879883,285.301605224609,207.296401977539,251.469909667969,245.890899658203,243.819152832031,222.84538269043,245.919021606445,278.981109619141,119.392669677734,217.169906616211,159.715301513672,311.571868896484,125.377563476562,268.131927490234,71.0018920898438,165.603729248047,121.14518737793,206.528198242188,105.369842529297,40.5773086547852,76.0283203125,78.3377380371094,78,79.3094177246094,78,78.3377380371094,484.359985351562,475.629974365234,468.248626708984,475.42041015625,480.727935791016,484.814788818359,307.681335449219,272.590698242188,286.169921875,280.788757324219,296.398345947266,268.603912353516,532.040283203125,202.36865234375,315.587860107422,278.635223388672,377.435516357422,196.793426513672,2.48873743791152
98.0017059210192,38.8835770731135,76.3000026345253,-7.04639339447021,-12.7058906555176,-92.9775314331055,985.037170410156,-1.61607694625854,-15.2840375900269,13.6679601669312,3.54643535614014,-16.4848175048828,4.57625007629395,-19.6226425170898,244.819671630859,74.4892959594727,0.400000005960464,122.177261352539,175.761627197266,1.79999995231628,122.280891418457,2,-0.0178841751098633,0.0241585373878479,0.100583724677563,0.550000011920929,10,2001,4048.5751953125,108.544807434082,148,125.089614868164,138.544799804688,117.089614868164,145,206.462326049805,139.820770263672,154.455200195312,142.365585327148,160.18635559082,132.365585327148,214.164978027344,345.193481445312,231.44807434082,281.641540527344,211.985748291016,318.096740722656,192.082489013672,226.985748291016,207.724029541016,213.896133422852,192.910385131836,229.351333618164,308.910400390625,61.3655815124512,172.910385131836,130.73828125,242.379837036133,89.455192565918,306.469451904297,51.544807434082,221.089614868164,144.082489013672,265.268829345703,84.7311630249023,59.8207740783691,74.455192565918,79,76.455192565918,78.455192565918,76.455192565918,79,413.186340332031,395.903259277344,406.820770263672,405.551940917969,421.910400390625,393.455200195312,394.731170654297,377.110992431641,385.455200195312,380.007110595703,384.634429931641,378.193481445312,422.924652099609,112.544807434082,258.724029541016,175.462326049805,345.096740722656,125.827896118164,2.52038812521659
98.0106890738604,38.8835770731135,83.2000002264977,-7.33450937271118,-12.4887075424194,-89.1669998168945,987.317626953125,-1.72438728809357,-15.7474689483643,14.02308177948,3.30418133735657,-16.8088760375977,4.31434869766235,-19.9205341339111,246.838043212891,75.2155303955078,0.400000005960464,122.661781311035,177.675354003906,1.79999995231628,123.60164642334,2,-0.0174636642456055,0.0243585519492626,0.100583724677563,0.375,10,2001,4088.26879882812,108.343643188477,148,124.687278747559,138.653396606445,116.687278747559,145,211.664169311523,141.244964599609,155.27587890625,144.517883300781,162.523803710938,133.278839111328,194.06608581543,355.009704589844,224.789978027344,280.153259277344,199.816055297852,316.809600830078,190.086853027344,216.055099487305,203.310821533203,201.819000244141,194.551773071289,219.953460693359,308.383422851562,64.1374130249023,182.915344238281,139.424057006836,244.930877685547,88.4173126220703,317.601257324219,51.3436393737793,232.768005371094,141.777099609375,270.566864013672,86.5576782226562,60.6254348754883,74.9661178588867,79,76.9661178588867,78.9661178588867,76.6563568115234,79,417.692138671875,390.995147705078,409.484008789062,410.661224365234,424.171295166016,394.27587890625,392.221008300781,392.949737548828,387.205169677734,387.485900878906,381.243072509766,386.460876464844,445.718811035156,107.077682495117,254.310821533203,178.186065673828,348.765808105469,129.155151367188,2.52061915213122
98.0196722267016,38.8835770731135,105.700001120567,-7.45141553878784,-12.3845024108887,-86.8711624145508,991.604064941406,-1.70308923721313,-15.9759082794189,14.272819519043,3.25206565856934,-16.9863910675049,4.23779821395874,-20.0887508392334,248.130355834961,76.013786315918,0.400000005960464,123.041305541992,178.974884033203,1.79999995231628,124.13370513916,2,-0.0170431533813477,0.0244932603091002,0.100583724677563,0.625,10,2001,4067.89575195312,108.985015869141,147.835647583008,125.641334533691,139.641326904297,117.641334533691,144.835647583008,210.373657226562,141.180419921875,156.149368286133,146.134384155273,161.210388183594,133.180419921875,180.794891357422,352.532592773438,218.774017333984,270.40625,194.908401489258,307.571685791016,197.638687133789,219.107666015625,203.363006591797,202.020401000977,196.627426147461,223.107666015625,310.662811279297,65.9539642333984,196.648880004883,139.013900756836,230.890213012695,85.8966674804688,319.16650390625,50.8345680236816,256.276916503906,145.531036376953,284.486694335938,83.7312316894531,58.8816833496094,75.1643524169922,79,77,79,76.1793365478516,79,416.33935546875,386.070587158203,405.710845947266,405.905151367188,421.352172851562,389.725830078125,385.857604980469,394.821746826172,390.926177978516,391.910095214844,382.020385742188,387.345855712891,471.462738037109,99.3623886108398,251.07600402832,175.109222412109,360.192932128906,123.496772766113,2.52085017904586
98.0286553795428,38.8835770731135,105.700001120567,-7.26839780807495,-12.4890794754028,-87.1161422729492,999.245849609375,-1.53662598133087,-15.8794240951538,14.3427982330322,3.48962187767029,-16.9102897644043,4.47097873687744,-20.0326290130615,245.877792358398,75.3503036499023,0.400000005960464,122.947700500488,177.394592285156,1.79999995231628,123.069145202637,2,-0.0166233139038086,0.0247227121144533,0.100583724677563,0.949999988079071,10,2001,4090.36791992188,109.694183349609,147.324768066406,126.01895904541,140.03791809082,118.01895904541,144.343719482422,209.760772705078,143.812149047852,157.805419921875,148.480651855469,162.499603271484,135.944839477539,174.486602783203,339.948638916016,209.137405395508,265.021942138672,187.20100402832,304.751068115234,200.8955078125,229.201309204102,212.239212036133,213.072830200195,199.89973449707,233.182342529297,325.112457275391,65.7064056396484,198.481903076172,136.517318725586,231.804153442383,85.2464370727539,324.181091308594,48.0244445800781,271.443511962891,139.206024169922,290.141937255859,80.1571350097656,58.7510566711426,75.6752319335938,78.9810409545898,77,78.9810409545898,76.0189590454102,78.9810409545898,407.587677001953,373.934356689453,391.198028564453,390.503845214844,407.141174316406,374.788208007812,390.860565185547,396.864318847656,396.581695556641,395.767028808594,392.959106445312,392.029449462891,500.605651855469,98.8218612670898,250.511825561523,180.6689453125,398.442993164062,124.278861999512,2.5210812059605
98.037638532384,38.8835770731135,82.8000009059906,-7.40985870361328,-12.3768358230591,-85.7141494750977,999.09130859375,-1.6011620759964,-16.0415706634521,14.440408706665,3.36368536949158,-17.0415115356445,4.3455924987793,-20.1565227508545,247.798217773438,76.5979843139648,0.400000005960464,123.308975219727,179.089477539062,1.79999995231628,123.482925415039,2,-0.0162044494628906,0.0251368060708046,0.100583724677563,0.975000023841858,10,2001,4194.21044921875,110.529815673828,147,126.529815673828,141.059631347656,118.529815673828,144.529815673828,221.18571472168,157.18571472168,170.715515136719,161.715515136719,176.245330810547,152.894409179688,204.908050537109,327.231689453125,229.020477294922,274.126068115234,209.080108642578,307.119262695312,189.284484863281,227.522979736328,211.582611083984,217.291305541992,197.761489868164,230.993179321289,348.834777832031,66.5894393920898,201.827941894531,149.894409179688,254.603088378906,91.8875732421875,321.112426757812,48.119255065918,266.933532714844,143.066452026367,285.172058105469,83.8279495239258,61.119255065918,76,78.4701843261719,77,78.4701843261719,76.5298156738281,78.4701843261719,412.655883789062,387.781982421875,393.715515136719,392.185699462891,408.126068115234,384.132904052734,397.589447021484,384.695037841797,395.231689453125,390.052795410156,394.112426757812,384.873931884766,503.284484863281,121.252159118652,264.304962158203,208.901229858398,408.635406494141,132.357757568359,2.52131223287513
98.0466216852252,38.8835770731135,76.0999992489815,-7.9462251663208,-11.995831489563,-81.6298828125,991.852355957031,-1.93562531471252,-16.636287689209,14.7006635665894,2.82037138938904,-17.4762573242188,3.79359865188599,-20.539213180542,253.284927368164,78.5369720458984,0.400000005960464,123.385215759277,182.982223510742,1.79999995231628,125.661422729492,2,-0.0157855865478516,0.025550901889801,0.101327531039715,0.625,10,2001,4250.4716796875,110.615585327148,147.384414672852,126.615585327148,141.231170654297,119,145.768829345703,232,168.384414672852,182.768829345703,173.384414672852,189.153244018555,166.615585327148,226.542861938477,328.766235351562,254.537658691406,284,232.077926635742,311.306488037109,178.768829345703,216.540267944336,198.464950561523,210.155853271484,187.464950561523,218.771438598633,353.542877197266,66.8467559814453,200.464950561523,153.620788574219,258.161071777344,97.2311706542969,309.618194580078,46.5402641296387,246.083129882812,151.231170654297,278.846740722656,85.9246826171875,62.6155853271484,75.6155853271484,78,76.6155853271484,78,76.6155853271484,78,420.30908203125,410.306488037109,408.075317382812,406.075317382812,422.228576660156,404.306488037109,400.537658691406,373.153259277344,394.459747314453,383.384429931641,390.306488037109,377.306488037109,464.322113037109,154.454528808594,278.153259277344,214.470153808594,371.550689697266,146.457138061523,2.52154325978977
98.0556048380664,38.8835770731135,102.700002491474,-8.10456657409668,-11.861686706543,-80.3212814331055,987.601440429688,-2.04445672035217,-16.8365097045898,14.7920532226562,2.63235473632812,-17.5734825134277,3.61511993408203,-20.6236114501953,255.358184814453,78.3082427978516,0.400000005960464,122.588600158691,183.521957397461,1.91353452205658,126.582893371582,2,-0.0153667236328125,0.0259649977087975,0.106585681438446,0.574999988079071,10,2001,4104.99072265625,109.626747131348,147.89518737793,125.626747131348,139.970596313477,118.282890319824,146.312286376953,229.131576538086,163.63639831543,177.814468383789,167.919296264648,184.470626831055,159.650863647461,204.071319580078,335.949676513672,242.955703735352,277.546051025391,218.289413452148,309.829406738281,177.160980224609,208.835891723633,188.347686767578,201.940719604492,178.064788818359,209.806488037109,350.672241210938,66.0315628051758,191.064788818359,140.308151245117,245.510284423828,93.3412094116211,311.072723388672,44.8117866516113,227.380920410156,150.687713623047,279.94384765625,82.0775756835938,61.6267471313477,75.3438568115234,78.4780731201172,76.3438568115234,78.2390365600586,76.1048202514648,78.4780731201172,414.343353271484,411.697845458984,411.205322265625,409.205322265625,425.934722900391,405.697845458984,407.839508056641,379.705291748047,401.207977294922,388.197814941406,396.00048828125,385.151794433594,456.470184326172,155.120819091797,281.597839355469,190.833908081055,363.580322265625,147.415481567383,2.5217742867044
98.0645879909076,38.8835770731135,89.9000018835068,-7.2829532623291,-12.4110116958618,-86.331298828125,994.922790527344,-1.50660300254822,-15.9178857803345,14.4112825393677,3.42070841789246,-16.8516979217529,4.4359974861145,-19.9813480377197,248.02668762207,75.8489303588867,0.400000005960464,122.301620483398,178.172103881836,1.81582498550415,123.257431030273,2,-0.0149478591918945,0.0263790935277939,0.106585681438446,0.550000011920929,10,2001,4007.2060546875,108.687789916992,148.093673706055,124.594116210938,139.343902587891,116.938011169434,145.594116210938,221.784881591797,153.066909790039,165.161834716797,155.068161010742,171.412063598633,146.036987304688,178.416091918945,335.188995361328,213.981552124023,263.006561279297,194.135070800781,300.192138671875,173.719604492188,202.845336914062,185.281143188477,196.126373291016,177.18620300293,202.908218383789,358.748291015625,66.2189178466797,187.282287597656,137.750152587891,252.402236938477,86.0659027099609,325.931213378906,49.060604095459,215.848129272461,150.281784057617,283.936126708984,81.4687576293945,59.9383926391602,75.5624313354492,79.4995574951172,76.6561050415039,78.6561050415039,76,79.4058837890625,408.033843994141,408.751556396484,409.813537597656,407.626190185547,422.15869140625,402.657867431641,417.996337890625,389.059204101562,405.155548095703,395.997222900391,400.655090332031,394.590454101562,506.601593017578,120.142395019531,278.410583496094,178.442504882812,397.361114501953,126.260688781738,2.52200531361904
98.0735711437488,38.8835770731135,77.3999989032745,-7.01185083389282,-12.5915765762329,-88.82275390625,996.232971191406,-1.35685074329376,-15.5749101638794,14.2180595397949,3.66393494606018,-16.5887813568115,4.69347381591797,-19.7550735473633,244.137603759766,74.6296768188477,0.400000005960464,122.837265014648,176.17594909668,1.79999995231628,122.339653015137,2,-0.0145289962768555,0.0267931893467903,0.106585681438446,0.474999994039536,10,2001,3956.71020507812,109.208793640137,148.604400634766,124.604393005371,139.604400634766,117.208793640137,145.604400634766,212.142868041992,150.626373291016,158.395599365234,147.791213989258,164.395599365234,140.813186645508,170.230758666992,327.538482666016,198.186813354492,252.164840698242,184.417587280273,292.373626708984,181.692291259766,208.274719238281,193.483505249023,203.087905883789,189.714263916016,207.06591796875,326.648406982422,61.3516540527344,183.97802734375,134.164840698242,249.725280761719,77.9560470581055,323.703308105469,46.9560508728027,201.098922729492,144.142868041992,279.538482666016,80.1868133544922,56.3736305236816,74.7912063598633,80,76.3956069946289,78.3956069946289,76,79.3956069946289,402.97802734375,407,407.791198730469,404.582427978516,415.560455322266,400.395599365234,415.329681396484,385.120880126953,398.725280761719,392.329681396484,394.725280761719,391.93408203125,514.406616210938,91.9121017456055,239.044006347656,153.197830200195,370.560516357422,107.329681396484,2.52223634053367
98.08255429659,38.8835770731135,77.3999989032745,-6.82587146759033,-12.7296533584595,-92.0561981201172,991.917724609375,-1.37177979946136,-15.2381706237793,13.8663911819458,3.77808427810669,-16.3221073150635,4.8256368637085,-19.5177192687988,240.603713989258,72.6856689453125,0.400000005960464,122.95044708252,174.131607055664,1.79999995231628,122.18480682373,2,-0.0133440734863281,0.0277534425258636,0.106585681438446,0.600000023841858,10,2001,3920.82202148438,110,149.459030151367,124.540969848633,140.459030151367,117.081939697266,146.918060302734,208.836120605469,154.377090454102,161.672241210938,148.836120605469,166.754180908203,143.836120605469,176.672241210938,316.491638183594,204.344467163086,247.622909545898,191.967376708984,284.032623291016,191.377090454102,209.032623291016,197.327758789062,204.573593139648,196.327758789062,210.245819091797,291.786804199219,57.9180603027344,171.901351928711,123.196502685547,235.655532836914,75.3770904541016,317.295135498047,42.5409698486328,196.590301513672,143.131271362305,280.885437011719,80.3770904541016,53.0819396972656,74.4590301513672,79.5409698486328,76.4590301513672,77.5409698486328,76,79,399.163879394531,405.622924804688,403.786804199219,400.704864501953,407.409698486328,400,409.459014892578,385.344482421875,398.885437011719,394.721557617188,396.262542724609,389.213195800781,435.490051269531,80.327766418457,200.573593139648,136.836120605469,301.1630859375,97.7867965698242,2.52246736744831
98.0915374494312,38.8835770731135,86.1999988555908,-6.19175720214844,-13.2059268951416,-100.12866973877,990.517883300781,-1.12525606155396,-14.3402719497681,13.215015411377,4.31065464019775,-15.6551141738892,5.40872097015381,-18.9212245941162,233.920562744141,70.9618301391602,0.400000005960464,123.329750061035,169.8984375,1.7865082025528,119.178771972656,2,-0.0120142539978027,0.0288169998675585,0.106585681438446,0.649999976158142,10,2001,3811.7587890625,110.313682556152,149.969665527344,124.971389770508,141.283340454102,116.060676574707,147.939315795898,210.878646850586,157.791076660156,165.757278442383,153.388107299805,169.504272460938,147.447052001953,186.717254638672,309.109344482422,210.632461547852,243.267883300781,199.546630859375,278.021789550781,193.22265625,202.708099365234,196.379547119141,201.188949584961,195.065856933594,210.946228027344,285.702911376953,58.311954498291,165.37272644043,119.221015930176,229.367538452148,75.9679336547852,314.515686035156,41.7166557312012,200.755554199219,146.785888671875,281.643890380859,79.3995208740234,52.688045501709,75.5970230102539,79.3440246582031,77.2833404541016,77.3440246582031,76.6273651123047,79.3136825561523,399.317138671875,405.032073974609,399.898712158203,398.151702880859,403.871826171875,400.627380371094,407.773895263672,392.573516845703,403.721771240234,400.659362792969,401.062316894531,388.396057128906,355.772979736328,77.1837692260742,194.365814208984,141.074417114258,271.736297607422,95.1534271240234,2.52269839436294
98.1005206022724,38.8835770731135,90.09999781847,-5.81862449645996,-13.5031547546387,-106.453262329102,986.973022460938,-0.969519257545471,-13.6796836853027,12.7101640701294,4.61870765686035,-15.2218990325928,5.76558780670166,-18.5129108428955,230.017593383789,70.3395843505859,0.391197979450226,123.623634338379,167.562164306641,1.72143447399139,117.231140136719,1.98239588737488,-0.0106844345092773,0.0298805572092533,0.11687259376049,0.650000035762787,10,2001,3756.9873046875,111.497711181641,150.336715698242,126.809577941895,141.992645263672,117.010124206543,148.168350219727,209.316452026367,160.272323608398,166.168350219727,157.089248657227,168.839004516602,150.289810180664,193.799468994141,306.871185302734,208.054260253906,238.918106079102,200.126037597656,279.490356445312,193.65592956543,196.090103149414,197.87580871582,201.33576965332,197.735061645508,211.167419433594,278.543640136719,55.6678733825684,170.175735473633,125.017509460449,225.379913330078,73.5170059204102,301.104797363281,40.6706466674805,200.368911743164,141.823333740234,268.003601074219,75.4056854248047,53.480224609375,76.6485824584961,79.6559371948242,77.8242874145508,77.8242874145508,77.6485824584961,79.4875793457031,402.601684570312,409.839965820312,400.522552490234,399.515197753906,407.131561279297,402.995422363281,404.398315429688,394.894226074219,401.769989013672,398.980682373047,395.301727294922,385.837158203125,335.177459716797,74.4323577880859,191.769073486328,141.402938842773,274.712982177734,93.2741317749023,2.52292942127758
98.1095037551136,38.8835770731135,78.0000016093254,-5.70058727264404,-13.644268989563,-111.30419921875,980.41748046875,-1.01600062847137,-13.2961330413818,12.2801322937012,4.70138597488403,-15.0052099227905,5.87069225311279,-18.2781295776367,228.741760253906,70.2328414916992,0.344754308462143,123.702751159668,166.722839355469,1.61464035511017,116.523323059082,1.88950860500336,-0.00935461578369141,0.030944112688303,0.125022560358047,0.550000011920929,10,2001,3731.55151367188,113.784889221191,151.357879638672,128.403961181641,142.70198059082,120.119720458984,148.725021362305,204.32585144043,159.376434326172,166.81721496582,157.101455688477,167.757354736328,151.771118164062,188.619369506836,305.780181884766,206.930862426758,238.081329345703,196.453262329102,281.518951416016,193.528472900391,176.165115356445,189.513412475586,186.848541259766,194.141479492188,196.100463867188,268.504150390625,50.187572479248,166.358169555664,123.545448303223,206.751861572266,69.8341903686523,283.633422851562,38.8710060119629,201.8876953125,129.556365966797,255.550231933594,73.6773681640625,53.3210601806641,77,79.3210601806641,78,78,77.9769515991211,78.665168762207,403.067565917969,420.256134033203,404.270172119141,403.879974365234,410.774047851562,407.178009033203,403.725036621094,404.555725097656,406.849243164062,408.615570068359,395.740356445312,396.721527099609,333.454315185547,63.0742111206055,180.786819458008,132.65168762207,271.588165283203,84.0771331787109,2.52316044819222
98.1184869079547,38.8835770731135,87.0999991893768,-5.66305303573608,-13.7552909851074,-115.958145141602,973.71630859375,-1.11654019355774,-12.990008354187,11.8734683990479,4.71576976776123,-14.8959932327271,5.90909194946289,-18.1154232025146,227.780807495117,70.1390075683594,0.300000011920929,124.160057067871,166.521575927734,1.5,116.372283935547,1.80000007152557,-0.00802479629516602,0.032007671892643,0.125022560358047,0.5,10,2001,3742.34130859375,116.600814819336,152,130.06721496582,143.533599853516,123.067207336426,150.06721496582,203.668029785156,160.134414672852,170.201629638672,159.201629638672,169.668029785156,154.134414672852,186.735229492188,286.189392089844,205.399185180664,232.596740722656,191.331970214844,263.722991943359,197.802444458008,170.470474243164,185.134414672852,181.869659423828,189.399185180664,189.268844604492,264.067199707031,46.4663963317871,166.268844604492,120.46639251709,199.336059570312,65.8655776977539,281.470458984375,35.8655776977539,192.260681152344,111.260681152344,252.134414672852,66.5295257568359,53,77,79,78,78,77.4663925170898,78.5336074829102,397.130340576172,419.529541015625,403.264770507812,401.663940429688,406.063140869141,404.130340576172,405.067199707031,410.466400146484,411.533599853516,416,405.004089355469,406.600830078125,314.521362304688,63.5376853942871,167.596740722656,131.336059570312,232.580429077148,77.4663925170898,2.52339147510685
96.7620308289343,38.8745939202723,51.6000017523766,-5.45778226852417,-14.6208057403564,-104.434326171875,1050.60095214844,0.28162008523941,-13.7183799743652,14,5.97375726699829,-15.1996335983276,7.42611312866211,-18.8496341705322,164.972244262695,57.5704307556152,0.600000023841858,125.547225952148,115.027229309082,2.84717512130737,80.2162246704102,3.86078953742981,-0.0166034561157227,0.0303986687213182,0.118270926177502,0.300000011920929,10,2001,3889.51538085938,123.318885803223,144.021667480469,132.978332519531,140,129.297210693359,144.021667480469,257.340545654297,210.659439086914,252.659439086914,236.340560913086,253,215.340560913086,249.195037841797,310.108367919922,265.513916015625,270.600616455078,244.216720581055,297.789459228516,216.681121826172,253.616104125977,256,250.978332519531,232.318878173828,253.275543212891,281.746124267578,134.702789306641,222.383895874023,177.616104125977,312.934997558594,143.956649780273,273,69.7677993774414,172.065017700195,110.681114196777,212,95.3405609130859,41.3188858032227,76,78.3405609130859,78,79,78,78.3405609130859,483.681121826172,473.021667480469,465.659454345703,471.659454345703,479.978332519531,479.362243652344,299.318878173828,273.362243652344,278.340545654297,277.362243652344,288.362243652344,267.362243652344,507.340545654297,163.529418945312,288.826629638672,252.037155151367,322.123840332031,173.972137451172,2.48908145580589
96.7710139817755,38.8745939202723,50.0999987125397,-5.548415184021,-14.5569295883179,-103.978065490723,1051.15502929688,0.183927565813065,-13.8160724639893,14,5.88536405563354,-15.3180875778198,7.32621049880981,-18.9593677520752,166.630187988281,57.1671257019043,0.632565557956696,125.306709289551,116.300262451172,2.85998225212097,80.1638946533203,3.87359690666199,-0.0164405914306641,0.0304735898971558,0.118270926177502,0.266666680574417,10,2001,3893.21875,126.051002502441,142.487243652344,135.53825378418,140,132.025497436523,143,257.512756347656,211.512756347656,251.974502563477,235.487243652344,251.46174621582,213.974502563477,250.767776489258,294.232238769531,258.025512695312,255.436248779297,244.255020141602,282.257720947266,209.334228515625,248.308731079102,245.744979858398,241.232223510742,224.283233642578,243.693969726562,264.66845703125,118.642967224121,200.51545715332,165.642959594727,277.543670654297,127.540954589844,260.693969726562,67.0510025024414,170.025497436523,110,203.283233642578,93.974494934082,40.9744987487793,76.5127487182617,78.5127487182617,78,79,78,78,481.974487304688,474.050994873047,467.025512695312,472.512756347656,481,483.640258789062,308.204010009766,277.127502441406,287.229522705078,286.767761230469,295.204010009766,272.665771484375,501.359741210938,205.379837036133,302.127502441406,269.589263916016,330.974487304688,199.716766357422,2.4893125361063
96.7799971346167,38.8745939202723,50.500001758337,-5.63629531860352,-14.5088090896606,-103.080879211426,1052.48291015625,0.0950656682252884,-13.9802827835083,14.0753488540649,5.78807401657104,-15.4381704330444,7.22058534622192,-19.1005764007568,168.453750610352,57.1750259399414,0.819863200187683,124.419807434082,117.133262634277,3.13222670555115,80.407844543457,4.62725305557251,-0.0164585983276367,0.0305067654699087,0.118270926177502,0.300000011920929,10,2001,3897.57666015625,128.732162475586,142.366073608398,136.267837524414,140.366073608398,133.366073608398,143,259.098236083984,212.366073608398,251.366073608398,235.732162475586,251.83039855957,213.732162475586,253.312347412109,278.874908447266,254.240982055664,245.312347412109,247.044509887695,264.946258544922,201.16960144043,243.562545776367,237.464309692383,233.196472167969,216.366073608398,234.562545776367,252.366073608398,102.437446594238,180.535690307617,150.535690307617,235.874893188477,108.169609069824,250.464309692383,67.9017639160156,166.973129272461,110.366081237793,191.339218139648,95.9286270141602,40,77,78.633918762207,78,79,78,78,482.098236083984,474.901763916016,465.437438964844,473.366088867188,478.803527832031,488.267852783203,316.366088867188,280.901763916016,297.098236083984,294.071380615234,305.196472167969,277.169616699219,490.874908447266,228.017639160156,290.526458740234,257.624694824219,319.749786376953,196.651565551758,2.4895436164067
96.7889802874579,38.8745939202723,50.9000010788441,-5.66203689575195,-14.547887802124,-102.721267700195,1054.85095214844,0.0567800551652908,-14.1058292388916,14.1626091003418,5.74352788925171,-15.5027799606323,7.16965818405151,-19.1903324127197,166.81298828125,56.7953109741211,0.876265048980713,123.021392822266,115.107238769531,3.309983253479,80.1105499267578,4.87626457214355,-0.0166208786010742,0.0305067654699087,0.118270926177502,0.266666680574417,10,2001,3870.00537109375,129.543823242188,143.101043701172,135.456176757812,141.101043701172,133.881622314453,143.438858032227,258.889465332031,211.126220703125,248.809661865234,235.666122436523,252.43327331543,212.130142211914,243.363662719727,273.8515625,249.733184814453,239.532745361328,239.004608154297,258.212280273438,201.005569458008,244.538238525391,241.720733642578,238.045135498047,216.223342895508,237.732498168945,261.000366210938,103.875434875488,183.081451416016,149.790069580078,241.383987426758,110.199829101562,251.429351806641,67.6716918945312,159.10791015625,111.759323120117,189.475173950195,100.05297088623,39.561149597168,77,78.3378067016602,78,79,78,78.2194290161133,481.231170654297,474.89111328125,460.292663574219,471.906799316406,475.052001953125,485.261932373047,317.101043701172,280.452270507812,297.986572265625,290.166442871094,309.167419433594,277.005584716797,484.535003662109,205.529754638672,266.888214111328,236.191345214844,306.192321777344,178.475494384766,2.48977469670711
96.7979634402991,38.8745939202723,52.4999983608723,-5.65175867080688,-14.6062545776367,-103.529983520508,1057.78063964844,0.0490549579262733,-14.0592622756958,14.1083173751831,5.75195074081421,-15.5583848953247,7.15119886398315,-19.2651481628418,165.016448974609,56.5857429504395,0.671340465545654,123.94832611084,114.51685333252,3.11475706100464,79.8462066650391,4.04583072662354,-0.0167831604003906,0.0305067654699087,0.118270926177502,0.200000002980232,10,2001,3855.36279296875,129.629013061523,143.807739257812,135.880523681641,141.734939575195,134.145584106445,144.46989440918,255.047653198242,206.683700561523,241.565200805664,233.106903076172,248.239929199219,205.962310791016,239.009048461914,276.912689208984,248.472427368164,245.045776367188,236.584869384766,264.686828613281,207.612991333008,238.598342895508,246.839904785156,242.661178588867,215.450286865234,237.166152954102,280.848022460938,115.922782897949,195.180801391602,153.792694091797,269.626739501953,121.598472595215,249.616439819336,70.9191970825195,153.669647216797,114.303733825684,196.679275512695,100.636047363281,38.4573211669922,77,78.7349472045898,78.0727920532227,79,78.0727920532227,78.7349472045898,475.478881835938,477.416687011719,454.909118652344,466.512023925781,471.557708740234,480.312713623047,316.64306640625,283.984954833984,298.323791503906,290.826812744141,312.594909667969,282.593933105469,485.085357666016,187.083206176758,261.112457275391,230.861450195312,307.050720214844,171.324768066406,2.49000577700751
98.0286553795428,38.8745939202723,50.7999993860722,-7.82480525970459,-12.1194639205933,-82.1438140869141,1000.18078613281,-1.80338335037231,-16.5616016387939,14.7582187652588,3.04982876777649,-17.5271854400635,3.96412587165833,-20.5409622192383,252.81135559082,76.994873046875,0.400000005960464,122.118286132812,181.200607299805,1.95253014564514,125.843597412109,2,-0.0174666748046875,0.0236925520002842,0.100583724677563,0.375,10,2001,4177.50390625,110.49195098877,148.967803955078,127,141.508056640625,119,146.475845336914,222.39533996582,162.218231201172,175.282638549805,167.218231201172,178.330947875977,157.218231201172,221.822891235352,294.733459472656,244,256.048309326172,225.475845336914,275.144897460938,191.048309326172,223.951690673828,204.524154663086,207.508056640625,194.016098022461,222.032196044922,338.177093505859,68.5080490112305,190.846160888672,138.701263427734,220.919494628906,83.4436492919922,291.330932617188,52.0644035339355,271.395355224609,145,283.951690673828,82.0322036743164,59.5402526855469,74.5241546630859,78.5241546630859,75.5402526855469,77.5241546630859,75.0322036743164,78.5241546630859,411.443634033203,383.443634033203,397.903381347656,396.395355224609,414.459747314453,388.887298583984,398.01611328125,392.112701416016,397.572448730469,396.604644775391,391.01611328125,389.080505371094,449.039367675781,108.652954101562,240.508056640625,165.064407348633,334.733459472656,119.048301696777,2.52166377816291
98.037638532384,38.8745939202723,50.7999993860722,-7.50835943222046,-12.3075065612793,-83.5722351074219,1006.51397705078,-1.54100155830383,-16.26979637146,14.7287950515747,3.39247941970825,-17.3029499053955,4.31696701049805,-20.3393955230713,248.532836914062,76.3666687011719,0.400000005960464,122.520240783691,178.623291015625,1.848557472229,123.534515380859,2,-0.0170372344970703,0.0240557342767715,0.100583724677563,0.5,10,2001,4113.6298828125,110,147.362701416016,126.637298583984,142.725402832031,118.637298583984,145.362701416016,217.813522338867,154.067611694336,167.803268432617,156.891372680664,172.352447509766,148.342193603516,210.637298583984,311.538940429688,242.186477661133,260.088104248047,225.088119506836,287.264343261719,190.372955322266,222.450820922852,202.372955322266,206.911880493164,193.549179077148,222.549179077148,342.834014892578,69,202.206985473633,145.196731567383,218.538925170898,83.2643356323242,288.616790771484,51.2848434448242,268.264343261719,146.088119506836,280.274597167969,82.1864776611328,59.4610710144043,76,79.2745895385742,77.6372985839844,78.6372985839844,77,79.6372985839844,409.088104248047,381.450805664062,395.264343261719,392.538940429688,412,386.352447509766,401.538940429688,396.098358154297,402,401.186492919922,394.176239013672,391.461059570312,496.508178710938,119.088111877441,241.725402832031,179.155715942383,359.155731201172,125.264335632324,2.52189485846332
98.0645879909076,38.8745939202723,34.000001847744,-8.2079381942749,-11.7274885177612,-77.4500045776367,995.556640625,-1.8929728269577,-17.0449848175049,15.1520118713379,2.67634105682373,-17.8390235900879,3.59451103210449,-20.8082027435303,256.475646972656,78.2074203491211,0.400000005960464,122.86100769043,184.88232421875,1.94057238101959,128.419036865234,2,-0.0157489135742188,0.0251452773809433,0.106585681438446,0.300000011920929,10,2001,4176.7451171875,109.582901000977,149,125.417098999023,143,118,147.582901000977,236.341934204102,184.181304931641,196.095809936523,185.100982666016,196.93000793457,177.432586669922,243.357437133789,323.316131591797,259.020660400391,276.588073730469,247.523239135742,298.075164794922,183,224.09065246582,199.844528198242,213.005157470703,193.09065246582,219.507751464844,335.6787109375,70.7487106323242,190.673553466797,136.588073730469,238.834197998047,90.0854873657227,284.743530273438,53.8341941833496,241.673553466797,148.582901000977,267.401611328125,92,55.9145164489746,73.5829010009766,77.7487106323242,74.7487106323242,77.5829010009766,74.1658096313477,77.7487106323242,423.497406005859,407.497406005859,413.658050537109,408.411926269531,423.326446533203,404.829040527344,393.502593994141,368.829040527344,386.497406005859,378.582916259766,383.582916259766,375.663238525391,425.733215332031,133.823867797852,247.994842529297,185.427429199219,325.497406005859,148.06999206543,2.52258809936453
98.0735711437488,38.8745939202723,53.1000010669231,-8.25568008422852,-11.6736536026001,-77.0508422851562,993.604614257812,-1.9352080821991,-17.1056079864502,15.1703996658325,2.62508797645569,-17.8670043945312,3.51196718215942,-20.8224048614502,256.811767578125,77.9798049926758,0.400000005960464,122.417709350586,184.598373413086,1.93996119499207,128.343505859375,2,-0.0153194732666016,0.0255084577947855,0.106585681438446,0.474999994039536,10,2001,4167.87451171875,110,149,125.437591552734,142.124816894531,118.437591552734,147.562408447266,226.249649047852,166.936874389648,183.562408447266,168.437591552734,184.875183105469,161.562408447266,211.685806274414,336.936859130859,233.311340332031,280.314208984375,214.935440063477,307.312774658203,190.439025878906,220.063125610352,193.375900268555,212.375900268555,193.876617431641,217.251068115234,333.189392089844,69.8120498657227,193.189376831055,133.312774658203,245.439025878906,88,304.565277099609,49.4992828369141,235.875183105469,149.437591552734,287.251068115234,89.8120498657227,59.3127670288086,74,79,76,78,75,78.5624084472656,416.373016357422,410.437591552734,414.998565673828,408.624114990234,422.560974121094,403.748931884766,393.187957763672,369.499298095703,391.625549316406,379,383.562408447266,379,424.934020996094,136.436157226562,259.563842773438,177.187942504883,314.872314453125,146.559539794922,2.52281917966493
98.08255429659,38.8745939202723,72.0999985933304,-7.6461820602417,-12.1073932647705,-82.6738891601562,992.775085449219,-1.6826376914978,-16.3442611694336,14.6616239547729,3.12863874435425,-17.2194347381592,4.06202220916748,-20.2645111083984,250.742462158203,76.9724273681641,0.400000005960464,123.942344665527,182.060455322266,1.79999995231628,126.335975646973,2,-0.0138822967529297,0.0266352910548449,0.106585681438446,0.725000023841858,10,2001,4034.47900390625,110,148.707702636719,125.363746643066,141.103332519531,118.656036376953,146.759368896484,221.283706665039,159.561828613281,178.374954223633,163.687026977539,182.096832275391,155.205764770508,202.273941040039,333.653961181641,227.840835571289,286.510833740234,207.572723388672,312.060241699219,202.336929321289,224.807525634766,201.406295776367,218.067932128906,206.869857788086,224.256896972656,340.115203857422,69.012092590332,195.730773925781,132.21435546875,259.382995605469,88.8768844604492,316.890838623047,46.5825004577637,226.666351318359,146.733093261719,286.364929199219,87.8429183959961,59.9681205749512,73.7077026367188,79.2922973632812,75.7077026367188,78,75,78.6362533569336,406.013519287109,412.117523193359,407.995819091797,404.101257324219,413.293731689453,400.542938232422,391.941833496094,363.074951171875,390.597869873047,377.830810546875,379.83642578125,375.492462158203,400.338226318359,119.713844299316,266.932739257812,174.188064575195,302.180603027344,125.02823638916,2.52305025996534
98.0915374494312,38.8745939202723,72.0999985933304,-7.0456862449646,-12.5153484344482,-89.0359497070312,990.68994140625,-1.46892535686493,-15.5427589416504,14.0738334655762,3.60479998588562,-16.5731563568115,4.59756088256836,-19.6938419342041,245.11149597168,75.2251968383789,0.400000005960464,123.677429199219,177.868850708008,1.79999995231628,123.61238861084,2,-0.0122545127868652,0.0279031302779913,0.106585681438446,0.574999988079071,10,2001,3996.86206054688,109.852981567383,148.344009399414,124.393966674805,140.852981567383,117.755928039551,146.196990966797,217.587051391602,154.177993774414,171.327896118164,155.721862792969,176.88395690918,146.703903198242,198.568603515625,334.391082763672,228.18293762207,280.481689453125,210.810836791992,317.392120361328,210.009338378906,226.918029785156,207.471221923828,220.194107055664,214.145172119141,227.144149780273,331.767425537109,70.2008895874023,180.457275390625,125.273529052734,266.366882324219,89.0858764648438,312.951873779297,47.7710075378418,208.453369140625,142.048934936523,276.932891845703,88.4590148925781,58.1498947143555,73.3440017700195,79.6559982299805,75.3440017700195,78,75.1470184326172,79.4590148925781,406.115020751953,413.476959228516,409.359069824219,404.753051757812,411.540985107422,405.030151367188,384.678680419922,359.605010986328,383.316711425781,375.052825927734,374.313842773438,368.334655761719,402.060272216797,101.783325195312,269.255249023438,166.065856933594,308.461578369141,114.710678100586,2.52328134026574
98.1005206022724,38.8745939202723,52.4999983608723,-6.92981910705566,-12.6173372268677,-92.4663696289062,982.649291992188,-1.52202701568604,-15.2030982971191,13.6810703277588,3.61704349517822,-16.3254890441895,4.64784812927246,-19.4755001068115,244.965148925781,75.4830627441406,0.400000005960464,123.828796386719,177.997344970703,1.79999995231628,123.473579406738,2,-0.0106267288208008,0.029167253524065,0.11687259376049,0.449999988079071,10,2001,3946.68432617188,109.344047546387,148.655960083008,123.998237609863,140.344039916992,116.030372619629,146,221.224319458008,157.238403320312,172.267013549805,156.270538330078,178.922973632812,148.901412963867,187.526702880859,336.535736083984,225.35546875,274.981475830078,202.526702880859,317.94580078125,216.247634887695,226.638763427734,210.948486328125,222.585067749023,215.679275512695,230.233963012695,319.380065917969,65.745735168457,167.802536010742,114.839950561523,259.106903076172,85.0682144165039,312.586822509766,47.025089263916,200.055038452148,142.949829101562,279.846374511719,88.3369979858398,56.0233268737793,73.6594772338867,79.3440475463867,75.6594772338867,78,75.6594772338867,79.34228515625,405.670471191406,411.721984863281,410.655944824219,405.65771484375,411.652435302734,407.003509521484,379.081878662109,361.641021728516,379.051513671875,371.757232666016,372.668273925781,362.448822021484,440.104187011719,91.0717391967773,276.098815917969,166.882461547852,321.455688476562,110.025085449219,2.52351242056615
98.1095037551136,38.8745939202723,71.1999982595444,-6.35487270355225,-13.060019493103,-100.179977416992,980.322265625,-1.2863472700119,-14.3420867919922,13.055739402771,4.09312105178833,-15.691011428833,5.18071174621582,-18.9088459014893,237.559677124023,72.7456436157227,0.391544878482819,123.664024353027,172.861373901367,1.77463448047638,120.676536560059,1.98308968544006,-0.00899894485473633,0.0304276794195175,0.125022560358047,0.699999988079071,10,2001,3866.92138671875,109.512435913086,148.487564086914,123.487564086914,140.512435913086,116.024871826172,146,221.925384521484,162.024871826172,176.537307739258,161.56217956543,183.024871826172,155.56217956543,178.975128173828,310.328460693359,211.213973999023,251.990112304688,193.975128173828,293.427947998047,214.900512695312,212.676666259766,204.825897216797,210.676666259766,213.462692260742,216.114486694336,277.129455566406,56.3632011413574,166.074615478516,115.149230957031,228.427932739258,78.4129486083984,301.189086914062,45.4875640869141,207.198974609375,146.024871826172,279.363189697266,86.4626922607422,53.9751281738281,74.5124359130859,79.5124359130859,76.5124359130859,78,76.5124359130859,79,400.900512695312,413.074615478516,410.487548828125,406,410.462677001953,408.024871826172,385.198974609375,374.761169433594,385.174102783203,383.323333740234,376.074615478516,375.373077392578,418.293701171875,85.4378204345703,249.228958129883,159.238845825195,324.900512695312,108.487564086914,2.52374350086655
98.1184869079547,38.8745939202723,79.4000029563904,-6.05360269546509,-13.3033361434937,-106.296211242676,976.235717773438,-1.23027360439301,-13.7623405456543,12.5320672988892,4.3234486579895,-15.3350257873535,5.46106004714966,-18.5565166473389,233.708755493164,71.8801727294922,0.376265048980713,124.043472290039,170.483444213867,1.72879505157471,118.904945373535,1.95253014564514,-0.00737116088867188,0.0316844247281551,0.125022560358047,0.575000047683716,10,2001,3823.67724609375,112.20304107666,149.101516723633,124.468696594238,142.101516723633,118.835868835449,147.101516723633,219.367172241211,165.203048706055,179.835876464844,166.203048706055,184.734344482422,159.468688964844,186.077835083008,294.648040771484,208.077835083008,242.280868530273,196.304565429688,276.874786376953,221.648056030273,207.343475341797,204.241958618164,206.077835083008,218.241958618164,208.710662841797,261.358703613281,51,175.609130859375,125.406089782715,215.546524047852,73.5313034057617,290.468688964844,46.1015205383301,208.023696899414,139.289337158203,267.390869140625,83.8984756469727,51.8984794616699,75,80,77.3671722412109,78,77,79,390.758026123047,407.922180175781,400.820648193359,397.554992675781,400.554992675781,403.125213623047,388.226745605469,385.3671875,394.937377929688,396,380.835876464844,387.796966552734,345.664978027344,89.2419586181641,207.984771728516,155.241958618164,293.8291015625,108.367172241211,2.52397458116696
96.7530476760931,38.8656107674311,54.8000000417233,-5.30842304229736,-14.669487953186,-105.180931091309,1049.0751953125,0.444889038801193,-13.5025959014893,13.9474849700928,6.1132640838623,-15.0360450744629,7.58897304534912,-18.6571044921875,163.454666137695,56.7621917724609,0.600000023841858,125.211029052734,113.844512939453,2.79999995231628,78.9122695922852,4.4157338142395,-0.0161287384033203,0.0305831916630268,0.117520913481712,0.300000011920929,10,2001,3850.45703125,129.628067016602,144.628067016602,136.371932983398,142,133.256149291992,145.371932983398,254.256149291992,203.371932983398,239.768447875977,227.512298583984,243.884216308594,201.256149291992,246.263336181641,259.628082275391,246.122955322266,232.701843261719,239.494888305664,243.65266418457,200.578887939453,231.115783691406,233.34733581543,227.719253540039,208.34733581543,224.859634399414,265.091186523438,109.206962585449,210.36474609375,156.224380493164,299.827850341797,115.719261169434,236.884216308594,66.5122985839844,166.091186523438,111.719261169434,188.231552124023,93.4631118774414,38.6280746459961,77,79.3719253540039,79,80,79,79.3719253540039,510.652679443359,492.652679443359,486.024597167969,491.652679443359,503.652679443359,504.768432617188,288.768432617188,275.603485107422,280.628082275391,280.628082275391,287.628082275391,270.371917724609,376.775634765625,198.487701416016,290.066589355469,264.768432617188,297.701843261719,190.768447875977,2.48942563272853
96.7620308289343,38.8656107674311,54.8000000417233,-5.35433959960938,-14.6331605911255,-104.522575378418,1049.12036132812,0.389491051435471,-13.6105089187622,14,6.04951477050781,-15.0991191864014,7.51551008224487,-18.7300071716309,164.810287475586,57.2698059082031,0.600000023841858,124.913780212402,114.445960998535,2.86185669898987,79.6118469238281,4.40895414352417,-0.0159400512695313,0.0307187438011169,0.118270926177502,0.300000011920929,10,2001,3859.91040039062,129.037124633789,143.555694580078,135.037124633789,141.037124633789,133.518569946289,144.037124633789,256.444305419922,203.962875366211,242.481430053711,229.962875366211,246.444305419922,202,253.852722167969,272.998779296875,254.259902954102,244.888610839844,244.852722167969,262.887390136719,195.481430053711,227.592819213867,231.925750732422,226.407180786133,203.074249267578,222.037124633789,257.148498535156,113.147277832031,194,145.221542358398,278.5185546875,119.702972412109,244.740097045898,68,162.481430053711,109.925743103027,192.740097045898,92.8514862060547,39,77,78.5185623168945,79,79.5185623168945,79,78.5185623168945,503.889862060547,495.037139892578,481.778472900391,491.629943847656,499.778472900391,504.592834472656,300.628723144531,276.851501464844,286.295806884766,281.962860107422,297.147277832031,273.370056152344,413.776000976562,194.592819213867,281.555694580078,261.222778320312,305.555694580078,190.592819213867,2.48965676643939
96.7710139817755,38.8656107674311,51.8000014126301,-5.36333084106445,-14.6407852172852,-105.005996704102,1048.91723632812,0.314408302307129,-13.6286449432373,13.9430532455444,6.02381420135498,-15.1158618927002,7.47815799713135,-18.7595767974854,164.636505126953,57.119743347168,0.770842611789703,125.131385803223,114.802856445312,3.07084250450134,79.7051620483398,4.61793994903564,-0.0157513641357422,0.0308450106531382,0.118270926177502,0.266666680574417,10,2001,3863.78979492188,128.005767822266,142.008651733398,134.675399780273,140.005767822266,133.337692260742,142.670944213867,260.335083007812,205.998687744141,245.006011962891,231.998687744141,251.33952331543,205.682983398438,240.371780395508,283.574005126953,247.040344238281,245.304168701172,233.380676269531,273.543365478516,195.997116088867,227.023315429688,231.644760131836,226.641876220703,202.350799560547,223.014663696289,252.688247680664,115.914085388184,187.638488769531,151.95231628418,261.596862792969,120.25309753418,249.281112670898,65.991096496582,162.997116088867,108.975120544434,197.615936279297,95.6376724243164,37.995548248291,77.3348159790039,78.3376998901367,79,79.0028839111328,79,78.3376998901367,493.395355224609,493.001312255859,475.382507324219,488.689819335938,492.043243408203,501.344787597656,310.607543945312,280.307312011719,292.972747802734,284.668304443359,305.60595703125,275.640563964844,440.249114990234,175.943206787109,273.647125244141,246.329345703125,294.6337890625,178.639541625977,2.48988790015024
96.7799971346167,38.8656107674311,52.4000003933907,-5.43740844726562,-14.6175422668457,-104.941459655762,1049.89050292969,0.207662522792816,-13.7221279144287,13.9297904968262,5.9457573890686,-15.221305847168,7.3831992149353,-18.8727416992188,165.479568481445,56.9451179504395,0.887435615062714,124.290832519531,114.947128295898,3.18743538856506,79.7182083129883,4.84974241256714,-0.0157650955200195,0.0308983083814383,0.118270926177502,0.266666680574417,10,2001,3871.33276367188,127.811782836914,142.376434326172,135.512725830078,140.376434326172,133.662261962891,142.525955200195,262.635803222656,206.610336303711,247.161758422852,233.551422119141,255.187225341797,209.28483581543,245.184921264648,280.0009765625,253.211151123047,245.14875793457,240.158462524414,267.793518066406,197.882171630859,227.844253540039,229.928848266602,224.740631103516,205.531204223633,225.538192749023,257.984252929688,105.516464233398,184.052139282227,148.56640625,252.701599121094,110.133033752441,244.819763183594,62.8971519470215,162.811782836914,106.039680480957,194.611328125,93.4098815917969,37.3896598815918,77.4740447998047,78.850471496582,78.8117828369141,79,78.8117828369141,78.850471496582,493.474029541016,492.954315185547,476.649017333984,490.077392578125,491.435363769531,501.240142822266,308.643798828125,279.863708496094,293.422119140625,285.181976318359,303.033447265625,273.2216796875,453.358703613281,156.070846557617,264.029205322266,237.404861450195,283.198181152344,167.951049804688,2.49011903386109
96.7889802874579,38.8656107674311,57.5000010430813,-5.49763441085815,-14.6131381988525,-104.264709472656,1052.06518554688,0.183010831475258,-13.833062171936,14.0160722732544,5.87443590164185,-15.3285970687866,7.30776929855347,-18.9951114654541,165.539291381836,56.8039588928223,0.899999976158142,123.508316040039,114.522193908691,3.3641881942749,79.6740417480469,4.89999961853027,-0.0159402877807617,0.0308983083814383,0.118270926177502,0.25,10,2001,3865.22143554688,127.545967102051,143.449340820312,135.337783813477,141.449340820312,133.337783813477,143.490966796875,259.781585693359,204.314208984375,244.981109619141,233.625274658203,252.656692504883,204.966186523438,271.916015625,282.922271728516,270.893249511719,254.947402954102,264.734527587891,275.90576171875,202.871963500977,222.845245361328,233.913604736328,228.251388549805,208.973281860352,224.80517578125,272.986663818359,102.908073425293,197.061264038086,142.420227050781,287.1123046875,110.668479919434,242.675567626953,62.4163589477539,162.046340942383,109.293022155762,195.236465454102,92.6708755493164,39.394344329834,76.6339340209961,78.958366394043,78.3377838134766,79,78.2961502075195,78.958366394043,492.59228515625,496.33935546875,475.101318359375,491.157897949219,489.930084228516,503.102905273438,304.535736083984,281.153198242188,290.985076904297,280.549102783203,301.096618652344,272.091918945312,467.755065917969,163.632476806641,260.746215820312,244.476791381836,290.009582519531,175.6591796875,2.49035016757194
96.7979634402991,38.8656107674311,53.7000000476837,-5.70860242843628,-14.508674621582,-102.965919494629,1053.60607910156,0.0324298478662968,-14.058479309082,14.0909090042114,5.6706919670105,-15.5736207962036,7.08602333068848,-19.2334442138672,168.528228759766,57.7247695922852,0.854590952396393,124.794273376465,117.541770935059,3.35304284095764,81.0413818359375,4.69979381561279,-0.016115478515625,0.0308983083814383,0.118270926177502,0.300000011920929,10,2001,3866.40600585938,130.343475341797,144.557250976562,135.557250976562,142.557250976562,133.557250976562,145.114486694336,254.099273681641,200.771011352539,237.313049316406,228.984786987305,245.427536010742,198.099273681641,282.313049316406,288.900726318359,288.915924072266,263.228973388672,273.870300292969,283.671722412109,203.771011352539,222.900726318359,235.328262329102,229.885513305664,207.656524658203,222.885513305664,271.855072021484,97.3130493164062,192.397109985352,132.755798339844,274.206573486328,105.08406829834,243.114486694336,67.5724563598633,158.656524658203,111.442756652832,197.671737670898,97.0152130126953,39.3282623291016,76.557243347168,78.442756652832,78.557243347168,79,78,78.442756652832,492,495.099273681641,472.885498046875,488.656524658203,489.557250976562,499.427551269531,304.228973388672,282.557250976562,291.786224365234,280.900726318359,302.786224365234,277.686950683594,507.335479736328,187.83186340332,249.183349609375,234.053634643555,328.778228759766,201.175338745117,2.49058130128279
98.0286553795428,38.8656107674311,43.2000011205673,-8.8023042678833,-11.5658683776855,-77.0632247924805,984.081298828125,-2.51907110214233,-17.5367412567139,15.0176696777344,2.0438392162323,-20.6879215240479,2.92150664329529,-21.1960582733154,267.923004150391,82.3496780395508,0.566021680831909,122.583053588867,192.083221435547,2.41505408287048,132.159164428711,2.41505408287048,-0.0183987182617188,0.0236925520002842,0.100583724677563,0.300000011920929,10,2001,4350.31298828125,109.659233093262,143.721343994141,125.371826171875,140.368896484375,117.34952545166,142.377670288086,225.125503540039,172.333572387695,182.738311767578,176.66081237793,185.439208984375,166.308364868164,223.185775756836,332.114135742188,245.609878540039,279.671997070312,229.575897216797,308.994445800781,209.649398803711,232.361206054688,219.614639282227,217.620483398438,213.906829833984,237.673843383789,340.687377929688,72.3290786743164,185.527114868164,130.82698059082,258.836456298828,84.0127563476562,314.881042480469,47.1436042785645,287.897491455078,144.997848510742,300.612213134766,82.0281372070312,62.5679092407227,74.3378448486328,78.6786117553711,75.0193710327148,78.3349227905273,74.3630599975586,78.6786117553711,399.166107177734,389.171936035156,388.886383056641,393.162109375,398.246520996094,390.160247802734,391.184509277344,379.463928222656,391.839752197266,389.876647949219,387.193267822266,372.819305419922,449.068420410156,120.381561279297,248.693420410156,198.427230834961,363.085174560547,136.578720092773,2.52224661966948
98.037638532384,38.8656107674311,45.0000017881393,-7.84208536148071,-12.1827945709229,-83.1519775390625,998.172180175781,-1.83539593219757,-16.4920692443848,14.6566734313965,3.04259610176086,-18.30690574646,3.93571734428406,-20.5263805389404,256.344604492188,79.1017379760742,0.509437084197998,122.327735900879,183.705932617188,2.33530807495117,126.497756958008,2.35846972465515,-0.0180080123901367,0.0240557342767715,0.100583724677563,0.325000017881393,10,2001,4146.85009765625,109.343727111816,146.454299926758,127.602531433105,142.79801940918,118.047248840332,144.6025390625,214.395568847656,158.397964477539,171.374221801758,160.326019287109,175.264602661133,150.647201538086,213.364379882812,315.752258300781,238.918472290039,275.833557128906,223.904556274414,302.770233154297,205.034317016602,231.092361450195,212.518859863281,211.300811767578,203.469451904297,234.020401000977,341.117065429688,72.4607849121094,196.74739074707,139.666793823242,231.091949462891,83.6176528930664,287.856658935547,53.0170135498047,265.148773193359,148.306060791016,273.973693847656,82.773323059082,58.4512023925781,74.8517608642578,79.5080337524414,76.5552825927734,78.6562728881836,76.211555480957,79.5080337524414,393.061431884766,380.324554443359,385.507080078125,387.052795410156,396.327667236328,383.279449462891,401.904266357422,389.583068847656,402.630340576172,401.794647216797,400.054656982422,382.848358154297,453.631317138672,110.247329711914,235.019714355469,189.998107910156,373.317779541016,120.104629516602,2.52247775338033
98.08255429659,38.8656107674311,29.9999993294477,-8.67417621612549,-11.4306716918945,-75.5600662231445,986.51318359375,-2.32214641571045,-17.4618740081787,15.1397275924683,2.19839143753052,-18.1935043334961,3.06501460075378,-21.0977725982666,265.058563232422,82.0998764038086,0.400000005960464,123.889091491699,191.827041625977,1.96602165699005,132.160140991211,2,-0.0151471817016602,0.0264936070889235,0.106585681438446,0.333333343267441,10,2001,4206.02685546875,108,144.720306396484,125.469398498535,140.125457763672,117.125457763672,142.93879699707,231.597274780273,179.039108276367,192.161529541016,180.444259643555,196.410018920898,176.193954467773,209.529403686523,335.568481445312,239.465774536133,277.469390869141,215.655471801758,305.250915527344,201.351821899414,242.063034057617,220.93879699707,227.129089355469,212.040313720703,242.90576171875,345.085144042969,71.2497024536133,194.0263671875,135.216064453125,243.682434082031,91.9369812011719,294.246063232422,50.93212890625,268.225463867188,145.849395751953,288.742431640625,85.6884841918945,60.8421211242676,74.093635559082,77.7815170288086,75.2190856933594,77.3445434570312,74.3445434570312,77.7815170288086,392.284545898438,378.161529541016,379.940002441406,380.159088134766,390.187866210938,377.130310058594,405.833038330078,379.775451660156,399.558776855469,392.804840087891,397.864837646484,380.182434082031,474.234222412109,119.902709960938,270.427856445312,173.189086914062,378.176971435547,120.536659240723,2.52363342193459
98.1005206022724,38.8656107674311,49.4000017642975,-7.60804128646851,-12.156512260437,-86.0436401367188,979.864868164062,-1.92242622375488,-16.058219909668,14.1357936859131,3.00426030158997,-16.9939289093018,3.97118449211121,-20.0624885559082,253.575424194336,77.9477157592773,0.400000005960464,123.518524169922,183.569137573242,1.79999995231628,127.50114440918,2,-0.0122079467773438,0.028466384857893,0.11687259376049,0.325000017881393,10,2001,4145.5361328125,108.982078552246,148.49104309082,125.035842895508,141.49104309082,118,146.49104309082,233.14338684082,184.81364440918,196.232986450195,186.759872436523,198.179229736328,179.286758422852,214.017929077148,358.222198486328,245.419342041016,286.856628417969,226.910385131836,323.204284667969,218.455200195312,239.125457763672,216.14338684082,230.089614868164,222.107528686523,238.598571777344,336.874542236328,69.5627288818359,185.562728881836,134.017929077148,245.85661315918,91.0716934204102,308.641540527344,46.508960723877,227.50895690918,153.071685791016,288.222198486328,87,59.4731178283691,73,78,75,78,75,78,400.419342041016,393.401428222656,393.311798095703,391.34765625,396.838684082031,388.928314208984,381.634429931641,367.473114013672,390.544799804688,378.053771972656,380.544799804688,372.473114013672,475.849487304688,118.293891906738,266.677398681641,184.258041381836,351.562744140625,126.491035461426,2.52409568935629
98.1095037551136,38.8656107674311,67.1999976038933,-7.08091068267822,-12.5249147415161,-92.1536102294922,978.012390136719,-1.69071769714355,-15.2980852127075,13.607367515564,3.43988394737244,-16.418909072876,4.4523549079895,-19.5468997955322,248.698745727539,76.5452423095703,0.400000005960464,123.166366577148,179.880828857422,1.79999995231628,124.858825683594,2,-0.0107383285522461,0.0293467696756124,0.125022560358047,0.449999988079071,10,2001,4037.65478515625,111.037483215332,149.345825195312,124.037483215332,142.345825195312,118.69165802002,147.345825195312,221.195877075195,164.579193115234,178.850051879883,166.812561035156,184.195877075195,157.812561035156,209.195877075195,357.746032714844,243.775085449219,282.204345703125,227.158401489258,324.783538818359,219.962509155273,225.429244995117,209.383316040039,222.925033569336,216,229.195877075195,337.429260253906,63.9250259399414,181.308349609375,131.616683959961,246.39176940918,86.6541748046875,322.775085449219,48.7666320800781,230.804122924805,148.308349609375,295.008453369141,85.2708587646484,58.5791969299316,72.3083419799805,77.6541748046875,74.6541748046875,77.3083419799805,74.3083419799805,77.6541748046875,407.766632080078,402.804107666016,406.074981689453,399.654174804688,408.766632080078,395.766632080078,372.270843505859,371.766632080078,384.541717529297,377.420806884766,375.579193115234,375.037475585938,452.541717529297,124.466735839844,275.316802978516,189.354278564453,335.550170898438,129.074966430664,2.52432682306715
98.1184869079547,38.8656107674311,85.1999968290329,-6.37619590759277,-13.0370836257935,-100.50700378418,978.838989257812,-1.35331106185913,-14.3383388519287,12.9850282669067,4.05678081512451,-15.7122507095337,5.12848663330078,-18.9112930297852,239.225234985352,73.2987289428711,0.400000005960464,123.343612670898,173.595840454102,1.79999995231628,121.394607543945,2,-0.00926871109008789,0.0301662590354681,0.125022560358047,0.574999988079071,10,2001,3907.20849609375,112.970863342285,150.257797241211,125.56958770752,143.057159423828,119.913696289062,148.257797241211,217.183288574219,163.010681152344,176.132507324219,162.562911987305,181.186477661133,153.562911987305,200.96989440918,330.934234619141,231.171646118164,260.900817871094,215.393936157227,299.905120849609,218.029144287109,213.719589233398,207.413360595703,216.851272583008,213.792984008789,220.769256591797,323.311920166016,59.6570053100586,180.086303710938,128.771331787109,238.165939331055,84.3377304077148,307.964630126953,52.4509506225586,226.590560913086,142.070358276367,274.50732421875,83.9211883544922,53.3992004394531,71.8888549804688,77.5447463989258,74.7453842163086,76.6882171630859,73.8888549804688,77.5447463989258,409.444580078125,408.020538330078,407.333435058594,397.739013671875,410.444580078125,399.450958251953,372.526275634766,378.059234619141,385.253204345703,385.409729003906,376.418334960938,379.77978515625,440.813659667969,115.49299621582,252.791061401367,184.211029052734,316.362426757812,131.938537597656,2.524557956778
98.1274700607959,38.8656107674311,82.2999998927116,-5.95870971679688,-13.4035215377808,-107.77116394043,977.743225097656,-1.19165587425232,-13.6358852386475,12.4442291259766,4.42706537246704,-15.2635259628296,5.55193185806274,-18.4857921600342,233.249420166016,70.6592254638672,0.391655832529068,122.848823547363,169.086044311523,1.77496743202209,119.207885742188,1.98331165313721,-0.00805853729248047,0.0309103075414896,0.125022560358047,0.450000017881393,10,2001,3825.83178710938,114.644485473633,151.367156982422,126.055465698242,143.655853271484,120.933174133301,149.31169128418,219.690505981445,167.224060058594,183.092330932617,169.147796630859,186.302536010742,160.147796630859,192.531066894531,315.544036865234,219.630340576172,248.521331787109,201.362457275391,286.410400390625,216.577377319336,206.718841552734,198.328384399414,208.6630859375,208.175552368164,212.984527587891,308.352722167969,55.732120513916,179.676940917969,126.099281311035,241.504928588867,79.6536407470703,290.140319824219,52.5773735046387,202.369125366211,127.618408203125,251.227951049805,86.2124176025391,47.9212341308594,73.1894073486328,78.4780960083008,76.1894073486328,77.4780960083008,75.1894073486328,78.4226303100586,404.741577148438,408.410980224609,403.875518798828,394.24267578125,406.018890380859,399.521911621094,378.681060791016,384.214324951172,397.796112060547,397.09423828125,386.09423828125,387.549041748047,415.870819091797,110.267303466797,225.728469848633,197.312118530273,306.159637451172,131.345779418945,2.52478909048885
96.7710139817755,38.8566276145899,52.6000000536442,-5.19527006149292,-14.7244129180908,-106.40650177002,1045.96740722656,0.424622356891632,-13.4135503768921,13.8381719589233,6.13651180267334,-14.9188899993896,7.59226894378662,-18.5680103302002,162.186477661133,55.8262481689453,0.620418429374695,124.507965087891,112.643844604492,2.90783452987671,77.8019790649414,4.5795202255249,-0.0150621368408203,0.0312273912131786,0.118270926177502,0.200000002980232,10,2001,3826.34936523438,129.614074707031,144.132659912109,136.662322998047,141.337677001953,132.337677001953,144.975875854492,260.2421875,208.481414794922,240.085418701172,228.385925292969,252.447219848633,210.313552856445,206.837997436523,267.017944335938,229.183807373047,225.198852539062,202.234008789062,246.333465576172,195.110488891602,219.708557128906,215.110488891602,210.833084106445,199.604934692383,216.396957397461,252.338623046875,103.962837219238,192.466369628906,136.048248291016,262.624084472656,107.638198852539,246.853302001953,70.8060607910156,168.300521850586,112.42308807373,198.901550292969,98.7819366455078,39.494457244873,76.8432235717773,78,78.1809005737305,78.3376770019531,78.0241241455078,78,507.755859375,503.206024169922,495.660369873047,507.889526367188,506.960876464844,522.913635253906,297.133666992188,276.904510498047,289.229156494141,280.615081787109,293.590942382812,261.351715087891,351.952758789062,159.51057434082,275.520721435547,275.0927734375,273.068450927734,177.177169799805,2.49046353022772
96.7799971346167,38.8566276145899,54.2000010609627,-5.21329021453857,-14.7399244308472,-106.759910583496,1047.47961425781,0.383379012346268,-13.4233961105347,13.8067741394043,6.1038646697998,-14.9840936660767,7.55274772644043,-18.6339645385742,161.412445068359,55.6797103881836,0.629763424396515,124.872108459473,112.549522399902,2.91717934608459,77.742057800293,4.58886528015137,-0.0150715911865234,0.0312898531556129,0.118270926177502,0.300000011920929,10,2001,3819.77905273438,130.66227722168,145.334808349609,136.32746887207,141.68278503418,132.67253112793,145.67253112793,259.662261962891,208.286468505859,239.0205078125,227.34797668457,251.0205078125,211.293807983398,216.396911621094,269.886352539062,238.330993652344,227.968368530273,212.775634765625,252.959609985352,199.838027954102,225.588150024414,219.920028686523,218.640884399414,205.224090576172,223.920028686523,259.1318359375,103.408935546875,198.720855712891,134.531936645508,275.760437011719,107.825744628906,248.368469238281,69.9619140625,168.35823059082,111.65202331543,198.992660522461,98.6036911010742,40.3450546264648,76.3274688720703,78.01025390625,78,78.6725311279297,77.3274688720703,78.01025390625,505.435272216797,498.401611328125,492.404510498047,503.069732666016,503.752502441406,517.325439453125,294.726684570312,276,287.675445556641,277.9619140625,291.685699462891,259.082000732422,349.767700195312,140.522155761719,248.475250244141,236.84602355957,265.864288330078,141.669387817383,2.49069471737371
96.7889802874579,38.8566276145899,57.3999993503094,-5.37162256240845,-14.6744108200073,-105.699150085449,1047.50341796875,0.234841555356979,-13.6488618850708,13.8837032318115,5.93853998184204,-15.1685037612915,7.36223649978638,-18.8194313049316,164.175857543945,56.5564994812012,0.843863666057587,124.042488098145,113.798645019531,3.14756894111633,79.0648727416992,4.80296516418457,-0.0152596954345703,0.0312898531556129,0.118270926177502,0.275000005960464,10,2001,3870.59765625,130.474029541016,145.474029541016,136,142.525970458984,133,146,259.474029541016,205.896102905273,240.051956176758,228.051956176758,252.051956176758,209.3701171875,237.149398803711,281.363677978516,255.571472167969,243.571472167969,235.779281616211,268.415618896484,208.785736083984,238.571472167969,232.993545532227,234.571472167969,216.889633178711,236.993545532227,266.155853271484,90.376579284668,201.577926635742,127.688285827637,281,99.0584106445312,250.103897094727,67.9480514526367,169.577926635742,110.948051452637,198.525970458984,95.3701171875,41,76,78.5259780883789,78,79,77,78.5259780883789,493.532440185547,484.902557373047,478.954498291016,489.48046875,491.006469726562,499.798645019531,297.681823730469,276,288.051940917969,275.948059082031,292.577941894531,263.207794189453,354.785736083984,149.305252075195,254.409164428711,227.045501708984,275.253295898438,139.883178710938,2.49092590451971
96.7979634402991,38.8566276145899,55.3999990224838,-5.59927749633789,-14.5685949325562,-104.739105224609,1048.35070800781,0.0274628922343254,-13.8825273513794,13.9099903106689,5.71073961257935,-15.4156370162964,7.14010190963745,-19.0519275665283,165.84782409668,57.881965637207,0.898970663547516,124.995864868164,115.702865600586,3.37248826026917,81.0176773071289,4.86789464950562,-0.0154477981567383,0.0312898531556129,0.118270926177502,0.275000005960464,10,2001,3868.29052734375,130.379440307617,143.482223510742,136.758880615234,141.102783203125,134.138336181641,144.102783203125,255.20556640625,202.482223510742,236.446670532227,227.482223510742,248.067230224609,202.446670532227,246.723342895508,289.897216796875,264.482238769531,255.517776489258,246.964447021484,278.276672363281,215.897216796875,240.652236938477,242.379440307617,241.20556640625,223.620559692383,241.067230224609,281.521636962891,92.2805252075195,204.517776489258,136.039413452148,284.414978027344,101.624420166016,253.517776489258,68.897216796875,171,112.276664733887,205.829986572266,95.6561050415039,38.7233390808105,76.3794403076172,79,78.3794403076172,79,77.3794403076172,79,485,481.209411621094,469.379455566406,481.517761230469,481.620544433594,488.897216796875,299.102783203125,277.138336181641,288.241119384766,277.276672363281,294.379455566406,270.035552978516,416.916534423828,167.414993286133,274.414978027344,248.38330078125,305.316070556641,167.003860473633,2.4911570916657
98.0915374494312,38.8566276145899,68.3000013232231,-7.55992555618286,-12.2021265029907,-84.6668167114258,994.63818359375,-1.7049663066864,-16.1233348846436,14.4183683395386,3.24974226951599,-17.1961116790771,4.15602827072144,-20.2215957641602,254.183166503906,77.8993148803711,0.400000005960464,123.369285583496,183.979949951172,1.81545078754425,128.154495239258,2,-0.0151006164550781,0.0270101875066757,0.106585681438446,0.675000011920929,10,2001,4175.24267578125,109.591758728027,145.53059387207,125,139.46940612793,117,143,233.061172485352,178.305877685547,188.775283813477,180.305877685547,192.305877685547,171.652938842773,243.344589233398,339.041198730469,258.671691894531,286.039947509766,242.630477905273,310.652923583984,200.224716186523,234.591766357422,216.816482543945,218.694122314453,207.285888671875,239.755310058594,374.079925537109,76.0811538696289,218.162307739258,163.345825195312,276.651702880859,102.367042541504,305.734100341797,68.6928939819336,296.305877685547,154.938827514648,295.775268554688,89.5917587280273,61,73.4082412719727,77.9388275146484,74.4082412719727,77.4082412719727,73.8776550292969,77.9388275146484,379.694122314453,377.449432373047,365.388244628906,364.918853759766,371.980010986328,364.510620117188,421.081146240234,387.958801269531,417.795257568359,416.387023925781,420.264678955078,396.203491210938,457.997528076172,120.305870056152,251.857666015625,179.039962768555,349.387023925781,115.305870056152,2.52444804068894
98.1005206022724,38.8566276145899,96.1999967694283,-7.08373069763184,-12.5153388977051,-89.5740432739258,992.709655761719,-1.52072823047638,-15.4955368041992,13.9748086929321,3.62426996231079,-16.6631183624268,4.56783390045166,-19.7609157562256,248.051452636719,75.9160003662109,0.400000005960464,123.436813354492,179.830078125,1.79999995231628,125.660339355469,2,-0.0137891647338867,0.0276151709258556,0.11687259376049,0.699999988079071,10,2001,4123.32666015625,109.032012939453,145.344009399414,125.324256896973,140.628753662109,117.324256896973,143.324249267578,229.445465087891,174.170257568359,184.826263427734,176.170257568359,188.170257568359,171.044281005859,206.861373901367,345.730987548828,231.805618286133,278.399139404297,207.453353881836,312.314056396484,203.200973510742,233.383499145508,214.693420410156,222.505477905273,208.59196472168,237.68115234375,341.93701171875,66.0509872436523,197.453460693359,138.599197387695,249.066467285156,98.1825256347656,294.446746826172,48.7702293395996,283.415374755859,155.311996459961,288.259460449219,87.4107360839844,60.6757431030273,74.6164932250977,78.6362457275391,75.9407501220703,78.2922439575195,75.5967483520508,78.6362457275391,390.314849853516,388.914306640625,379.8203125,378.515808105469,384.879577636719,375.926574707031,407.159912109375,377.377960205078,405.486267089844,398.978698730469,405.872467041016,387.048278808594,421.87841796875,121.682601928711,270.691650390625,181.451049804688,355.973571777344,116.358345031738,2.52467922783493
98.1095037551136,38.8566276145899,96.1999967694283,-6.75182819366455,-12.7286214828491,-92.9225921630859,989.583374023438,-1.37689435482025,-15.0789976119995,13.7021036148071,3.86612892150879,-16.2524604797363,4.8456768989563,-19.4131908416748,246.19140625,75.7524566650391,0.400000005960464,123.692993164062,178.747146606445,1.79999995231628,124.427452087402,2,-0.0124777130126953,0.0281300116330385,0.125022560358047,0.625,10,2001,4068.67016601562,110.863441467285,146.909759521484,126.014183044434,142.207489013672,118.193298339844,144.909759521484,223.170059204102,172.818466186523,183.699859619141,174.102005004883,187.534927368164,169.890747070312,216.481521606445,347.718872070312,243.246719360352,291.619140625,218.47216796875,320.288818359375,204.765213012695,232.581253051758,209.504745483398,221.913543701172,209.453308105469,230.103958129883,341.814697265625,65.5231628417969,194.659729003906,134.870986938477,246.567077636719,98.6819076538086,298.550170898438,48.5373497009277,263.972808837891,153.613403320312,282.767913818359,86.5089797973633,59.2693519592285,73.9858169555664,78.1649322509766,76,77.3298645019531,75.1649322509766,78.1649322509766,400.629089355469,393.920166015625,387.930603027344,384.66259765625,392.75146484375,382.067169189453,394.770629882812,372.842620849609,402.564666748047,393.602996826172,397.630279541016,387.993804931641,445.132049560547,128.29817199707,275.279144287109,202.625183105469,376.397308349609,124.433387756348,2.52491041498093
98.1184869079547,38.8566276145899,87.399996817112,-6.37566089630127,-12.9905776977539,-97.5760345458984,986.806884765625,-1.1933845281601,-14.5140552520752,13.320671081543,4.15412521362305,-15.829402923584,5.1775221824646,-19.0322551727295,242.155090332031,74.4253158569336,0.400000005960464,123.805862426758,176.119491577148,1.79999995231628,122.806251525879,2,-0.0111662612915039,0.0285734590142965,0.125022560358047,0.625,10,2001,3922.560546875,112.51579284668,150.139434814453,126.75789642334,144.069717407227,119.549789428711,148.105438232422,215.653137207031,165.923370361328,178.479019165039,164.993759155273,182.51301574707,159.336120605469,205.607040405273,354.446563720703,242.071075439453,291.392883300781,219.928558349609,324.75146484375,214.769989013672,228.286758422852,214.086624145508,223.673492431641,219.775848388672,231.263137817383,334.79150390625,66.1078491210938,194.101989746094,135.453659057617,242.378753662109,92.8272399902344,307.388458251953,50.2057037353516,240.19563293457,151.71630859375,279.206390380859,86.6219177246094,56.5504684448242,73.3100967407227,78,76,77,75,78,406.805328369141,398.003448486328,393.105438232422,385.688171386719,397.075592041016,385.997589111328,378.424652099609,373.399688720703,392.807922363281,391.294250488281,383.114562988281,382.773254394531,458.970611572266,121.347846984863,253.830627441406,185.512939453125,348.840911865234,123.310768127441,2.52514160212692
98.1005206022724,38.8476444617487,58.2999996840954,-7.19620370864868,-12.4089288711548,-87.2694549560547,997.340881347656,-1.49601197242737,-15.7182388305664,14.2222270965576,3.59656715393066,-16.8550968170166,4.50202655792236,-19.9328174591064,249.554870605469,75.8062515258789,0.400000005960464,122.315040588379,179.78369140625,1.79999995231628,125.824760437012,2,-0.0153703826904297,0.0265594255179167,0.104514010250568,0.425000011920929,10,2001,4018.4775390625,110.626762390137,148.626770019531,126.813385009766,144.469390869141,118.813385009766,147.282775878906,207.990249633789,167.800643920898,173.987258911133,168.859146118164,179.614013671875,164.800643920898,200.332580566406,334.428161621094,220.929794311523,264.080108642578,207.247528076172,298.547882080078,193.031951904297,219.61296081543,200.601852416992,211.055801391602,196.146255493164,222.642211914062,325.098571777344,73.0585021972656,208.851043701172,142.338577270508,225.186325073242,91.5306015014648,283.429046630859,48.8160820007324,250.635437011719,142.163070678711,273.287109375,86.5975112915039,57.0292510986328,76,79.4693984985352,77.1573638916016,79.6267623901367,76.8133850097656,79.6267623901367,402.619720458984,406.078002929688,398.476165771484,391.310394287109,403.505401611328,392.712890625,404.348327636719,374.309020996094,400.921997070312,396.820434570312,400.534942626953,383.83154296875,448.128875732422,109.570663452148,226.772430419922,160.009750366211,345.510986328125,116.373237609863,2.52526303618916
98.1095037551136,38.8476444617487,49.3000000715256,-7.10951328277588,-12.4549207687378,-88.766716003418,992.044494628906,-1.53947520256042,-15.5746088027954,14.0351343154907,3.5966784954071,-16.6709289550781,4.53141212463379,-19.7760257720947,250.431106567383,76.5565490722656,0.400000005960464,122.808235168457,180.864501953125,1.79999995231628,126.06559753418,2,-0.0142170974731445,0.026750085875392,0.10412373393774,0.300000011920929,10,2001,3974.33349609375,111.024597167969,149.024597167969,127.012298583984,144.356323242188,119.024597167969,147.356323242188,214.768478393555,175.765808105469,181.778106689453,175.380081176758,187.765808105469,172.704315185547,199.29216003418,359.548828125,223.815322875977,276.2080078125,210.080749511719,322.438140869141,194.41064453125,214.772308349609,191.824172973633,208.359313964844,193.175155639648,217.091751098633,329.416961669922,71.565071105957,210.434616088867,139.223724365234,227.424453735352,91.6067810058594,280.088745117188,50.7222747802734,230.524749755859,143.368621826172,263.253967285156,87.742057800293,56.3071327209473,75.9754028320312,79.3194274902344,77.6436767578125,79.9631042480469,76.9754028320312,79.9754028320312,411.785919189453,410.886657714844,412.628173828125,402.660247802734,416.959899902344,402.905914306641,393.815734863281,374.341033935547,395.547637939453,387.992736816406,389.864929199219,379.0146484375,464.717590332031,115.446380615234,228.728912353516,153.04704284668,382.400756835938,116.110679626465,2.52549427679501
98.1184869079547,38.8476444617487,49.3000000715256,-7.17296171188354,-12.3971891403198,-88.9974594116211,984.676147460938,-1.62614810466766,-15.5632219314575,13.9370737075806,3.4444625377655,-16.6237106323242,4.40568590164185,-19.7311515808105,250.642807006836,76.9817657470703,0.400000005960464,123.317802429199,181.517440795898,1.79999995231628,126.340240478516,2,-0.0130638122558594,0.0269003864377737,0.10412373393774,0.325000017881393,10,2001,3950.3642578125,112.046356201172,150.046356201172,127.523178100586,145.046356201172,120.046356201172,148.046356201172,207.536422729492,170.013229370117,176.536422729492,166.920516967773,182.013229370117,164.397338867188,198.907287597656,381.754974365234,234.231796264648,292.801330566406,216.61589050293,340.046356201172,212.264907836914,230.357635498047,207.973526000977,221.695373535156,212.973526000977,231.834457397461,322.490051269531,66.814567565918,201.059600830078,132.814559936523,220.013229370117,89.3841018676758,282.185424804688,54.092716217041,229.463577270508,144.569534301758,269.033111572266,91.1390762329102,54.9536399841309,74.9536437988281,78.4768218994141,76.9536437988281,78.4304656982422,75.9536437988281,78.9536437988281,420.185424804688,407.768218994141,416.860931396484,407.430450439453,420.860931396484,403.768218994141,368.072845458984,361.874145507812,375.165557861328,370.397338867188,366.165557861328,363.920532226562,435.099304199219,110.536415100098,221.443695068359,152.61589050293,338.231719970703,120.708610534668,2.52572551740086
98.1005206022724,38.8386613089075,54.2000010609627,-7.70215129852295,-12.0483665466309,-83.3031387329102,996.608520507812,-1.79807412624359,-16.2650337219238,14.4669589996338,3.18333387374878,-17.3833694458008,4.03337240219116,-20.3662185668945,254.392211914062,78.3561401367188,0.400000005960464,123.925163269043,184.639541625977,1.8238114118576,128.586090087891,2,-0.0169516006469727,0.0252153612673283,0.0976040959358215,0.550000011920929,10,2001,4086.955078125,109.585632324219,147.292816162109,124.939224243164,141.939224243164,118.585632324219,145.585632324219,219.535919189453,170.546997070312,177.425445556641,172.546997070312,183.011077880859,166.546997070312,208.596710205078,311.193420410156,233.071853637695,250.475143432617,214.193405151367,277.011077880859,169,199.353591918945,178.828735351562,189.878448486328,173.353591918945,207.171264648438,326.513763427734,76.5856323242188,194.475143432617,139.939224243164,224.596710205078,92.3038864135742,277.961364746094,48.0607795715332,253.546997070312,145.414367675781,273.022155761719,87.0607757568359,59.2928161621094,75.6464080810547,79,76.6464080810547,79,76.6464080810547,79,403.745819091797,402.110473632812,394.867370605469,391.696105957031,402.453002929688,389.817657470703,427.254180908203,398.535919189453,425.657470703125,418.425445556641,424.193420410156,403.303894042969,448.464080810547,103.28173828125,241.596710205078,172.038619995117,338.618865966797,113.049705505371,2.52584711460622
98.1184869079547,38.8386613089075,57.9999983310699,-7.70334815979004,-11.9537944793701,-83.1711196899414,986.050964355469,-1.87850797176361,-16.2648658752441,14.3863582611084,3.01971673965454,-17.2044639587402,3.92546987533569,-20.2325820922852,257.455993652344,79.1240310668945,0.400000005960464,123.309982299805,186.211853027344,1.79999995231628,129.433609008789,2,-0.0149613616943359,0.0251408144831657,0.0976040959358215,0.425000011920929,10,2001,4092.16333007812,109.069038391113,148.712692260742,125,143.356353759766,117.712692260742,147.356353759766,242.160369873047,194.091339111328,199.447677612305,195.665954589844,202.873062133789,191.091339111328,262.182678222656,344.988861083984,273.389801025391,308.149230957031,269.033447265625,323.78173828125,207.919815063477,247.367492675781,232.21826171875,244.505569458008,222.930953979492,253.723846435547,347.596923828125,72.9421081542969,188.436538696289,138.298461914062,251.447677612305,104.02229309082,294.792877197266,51.2182655334473,256.033447265625,152.563461303711,264.505584716797,86.2182693481445,59.2873077392578,72.7126922607422,77.3563461303711,74.0690383911133,76.7126922607422,73.0690383911133,77.7126922607422,409.207122802734,393.552307128906,390.126922607422,389.195983886719,394.701538085938,385.621368408203,383.516723632812,359.080200195312,377.367492675781,365.942108154297,382.367492675781,360.654815673828,397.988861083984,117.919815063477,229.78173828125,184.505569458008,340.539031982422,115.770584106445,2.52630970278709
98.1274700607959,38.8386613089075,57.9999983310699,-6.93393230438232,-12.5288190841675,-91.0698089599609,987.1328125,-1.47732090950012,-15.2492952346802,13.7719736099243,3.69280052185059,-16.4172668457031,4.64913702011108,-19.5427627563477,249.813430786133,76.6527099609375,0.400000005960464,123.544410705566,181.13249206543,1.79999995231628,126.35710144043,2.00822162628174,-0.0138076477050781,0.0255276169627905,0.0976040959358215,0.550000011920929,10,2001,4032.65966796875,111.658477783203,150.157196044922,126.05672454834,144.289947509766,120.002571105957,148.501281738281,231.131774902344,181.952713012695,188.242645263672,180.638320922852,193.50032043457,178.107330322266,233.044509887695,345.801208496094,252.442626953125,300.891815185547,243.771179199219,322.743408203125,215.230529785156,236.498825073242,225.85954284668,237.759063720703,218.439422607422,243.366073608398,319.835327148438,63.6226692199707,181.63671875,129.912612915039,231.788879394531,88.4488525390625,288.081268310547,48.6637344360352,226.332946777344,153.445648193359,258.181762695312,84.08642578125,58.265495300293,73.734504699707,77.8672561645508,75.6017608642578,77.734504699707,74.813102722168,78.5231628417969,412.959899902344,403.489288330078,400.979095458984,398.833374023438,404.778137207031,397.513732910156,371.942321777344,360.011901855469,373.473175048828,362.751647949219,376.571075439453,359.120178222656,414.229339599609,118.890205383301,229.800140380859,177.759063720703,314.659240722656,126.957214355469,2.52654099687753
98.1364532136371,38.8386613089075,55.1000013947487,-6.5906400680542,-12.8513870239258,-96.8622283935547,982.038940429688,-1.41543066501617,-14.6943893432617,13.2789583206177,3.92788362503052,-15.9724597930908,4.93690252304077,-19.1536159515381,247.14274597168,75.5291519165039,0.400000005960464,122.994186401367,178.739608764648,1.79999995231628,124.830497741699,2.06324934959412,-0.0122357475280762,0.0269976556301117,0.0976040959358215,0.5,10,2001,3940.37377929688,114.67749786377,151.577178955078,128.544769287109,145.510818481445,123.333358764648,150.166687011719,228.257705688477,180.233047485352,187.478408813477,176.675933837891,193.087997436523,174.543212890625,218.85026550293,334.523101806641,248.393569946289,293.095642089844,230.592575073242,316.447509765625,219.052444458008,222.830078125,214.539978027344,227.441223144531,209.893417358398,229.36555480957,289.924194335938,60.5632858276367,177.084869384766,127.277770996094,212.646514892578,83.1929321289062,282.706787109375,47.8672790527344,202.093994140625,145.882675170898,251.009216308594,84.444450378418,57.7345581054688,73.9336395263672,78,75.9336395263672,77.9336395263672,75.6558685302734,78.2777709960938,413.239227294922,402.316345214844,405.963012695312,397.640411376953,411.898193359375,397.362640380859,367.708343505859,374.853546142578,379.052551269531,374.640594482422,377.552520751953,373.205444335938,434.405914306641,108.911926269531,224.399642944336,169.76383972168,303.390319824219,132.723785400391,2.52677229096797
98.1454363664783,38.8386613089075,67.0000016689301,-6.40302753448486,-13.0704755783081,-102.436592102051,975.276611328125,-1.43551862239838,-14.2082242965698,12.7727060317993,4.01584577560425,-15.6934194564819,5.08429336547852,-18.8760242462158,244.802536010742,75.1708831787109,0.400000005960464,123.34635925293,177.584594726562,1.79999995231628,123.857521057129,2.10000014305115,-0.0106638473510742,0.0284676942974329,0.0976040959358215,0.5,10,2001,3876.85791015625,116.577217102051,153.154434204102,129.422775268555,146.577224731445,125,151,224.959457397461,181.577224731445,187.845565795898,179.463317871094,195.731658935547,176.308883666992,222.812728881836,343.048248291016,259.121612548828,296.081085205078,237.853271484375,325.007720947266,207.992279052734,203.992279052734,198.301162719727,209.992279052734,198.341705322266,206.951751708984,289.739379882812,65.3494186401367,181.503860473633,127,217.739379882812,93.2760543823242,287.081085205078,46.8455619812012,200.967178344727,150.544403076172,250.463317871094,85,55.6911201477051,73.4227828979492,78,75.4227828979492,77.4227828979492,75.4227828979492,78,420.812744140625,408.967163085938,412.926635742188,401.503845214844,417.463317871094,401.503845214844,371.194976806641,387.04052734375,387.772186279297,388.503845214844,383.772186279297,390.967163085938,418.252899169922,101.268341064453,221.577224731445,170.194976806641,281.333984375,132.113906860352,2.5270035850584
98.1544195193195,38.8386613089075,71.9000026583672,-6.03830146789551,-13.4137134552002,-110.604187011719,971.864074707031,-1.32416892051697,-13.4634056091309,12.1392364501953,4.32455778121948,-15.2889041900635,5.44403028488159,-18.4617576599121,240.354888916016,73.2494583129883,0.400000005960464,122.89070892334,174.224609375,1.86935210227966,122.132263183594,2.10000014305115,-0.00909194641113281,0.0299377329647541,0.125737473368645,0.5,10,2001,3822.68139648438,117,153.135543823242,128.567764282227,146.135543823242,125.432228088379,150.567764282227,218.974380493164,180.703308105469,187.432235717773,181.135543823242,195.271072387695,176.703308105469,220.923141479492,337.981811523438,250.710754394531,288.600830078125,232.007446289062,323.465301513672,196.135543823242,193,182.08430480957,193.813232421875,188.974380493164,190.406616210938,314.102478027344,66.5421524047852,192.186767578125,131.754547119141,237.347930908203,96.0842971801758,296.457855224609,44.2710762023926,205.109924316406,150.787612915039,251.271072387695,82.8388442993164,55.7289237976074,73.4322280883789,78.4322280883789,75.8644638061523,77.4322280883789,75.4322280883789,78.4322280883789,413.736358642578,399.710754394531,407.62646484375,395.761993408203,407.897521972656,392.736358642578,390.560333251953,407.289245605469,409.721496582031,410.424774169922,403.128082275391,416.289245605469,395.864471435547,102.161155700684,234.102478027344,194.314865112305,269.186767578125,129.567764282227,2.52723487914884
98.1634026721607,38.8386613089075,83.8999971747398,-5.7451376914978,-13.7158813476562,-117.953689575195,966.512817382812,-1.21990096569061,-12.8529901504517,11.6330890655518,4.58826351165771,-14.9286756515503,5.7441725730896,-18.0600833892822,236.614395141602,72.4071655273438,0.323902130126953,123.104385375977,171.826568603516,1.74780428409576,120.279106140137,1.94780433177948,-0.00752004623413086,0.0314077697694302,0.125964969396591,0.649999976158142,10,2001,3780.16870117188,117.574523925781,152.113998413086,128.344253540039,144.539474487305,126.517524719238,149.769744873047,217.697082519531,179.170989990234,190.241088867188,181.550308227539,194.377044677734,174.883743286133,213.931381225586,324.987579345703,233.152572631836,281.097564697266,217.705154418945,316.6962890625,197.986618041992,190.701904296875,176.784591674805,187.971252441406,187.12255859375,186.480209350586,328.978546142578,61.5942077636719,196.879699707031,137.947540283203,254.074340820312,87.3374633789062,303.416625976562,45.3878707885742,197.927642822266,133.901443481445,258.707611083984,80.2849960327148,56.6229591369629,74.2302627563477,79.2302627563477,77.1732635498047,78.2302627563477,76.2302627563477,79.2302627563477,396.306457519531,383.588897705078,394.79345703125,381.332916259766,394.170501708984,377.030029296875,406.649932861328,425.709197998047,428.364959716797,430.695831298828,418.994201660156,436.432769775391,390.278991699219,103.853218078613,234.328216552734,213.150344848633,277.326843261719,127.046165466309,2.52746617323927
98.1184869079547,38.8296781560663,53.3999986946583,-7.70850229263306,-11.915940284729,-81.898063659668,992.832885742188,-1.77996873855591,-16.3374691009521,14.5575008392334,3.12028765678406,-17.3201465606689,3.9860692024231,-20.3192825317383,258.144348144531,79.0172882080078,0.400000005960464,122.575325012207,185.972747802734,1.79999995231628,129.284118652344,2,-0.0168589126586914,0.0232878569513559,0.0976040959358215,0.375,10,2001,4146.62451171875,110.06957244873,147.568222045898,126,142.066879272461,118.224197387695,145.568222045898,226.599166870117,171.074234008789,178.175903320312,171.260940551758,183.834579467773,166.228866577148,223.332809448242,351.37646484375,249.558166503906,298.503662109375,225.158477783203,328.050598144531,203.545394897461,242.255874633789,218.235000610352,229.931167602539,214.139892578125,243.392318725586,339.238098144531,69.3301086425781,198.785461425781,138.429077148438,236.777359008789,93.0235748291016,300.992218017578,49.3258590698242,266.594482421875,153.074981689453,278.313507080078,84.3633499145508,56.6211814880371,73.2241973876953,78.1894073486328,74.8801651000977,77.3440322875977,74.0695724487305,78.1894073486328,384.303436279297,374.051818847656,373.666778564453,371.370300292969,372.834167480469,370.036346435547,412.151184082031,384.537689208984,408.287628173828,398.042541503906,413.025939941406,386.571319580078,417.543487548828,105.49365234375,247.521072387695,176.164688110352,321.471221923828,116.362197875977,2.52689415847311
98.1274700607959,38.8296781560663,48.5999993979931,-7.32576465606689,-12.2056217193604,-86.1545639038086,989.0341796875,-1.64572358131409,-15.8188896179199,14.1731653213501,3.38972473144531,-16.8579196929932,4.29768466949463,-19.9353923797607,253.385375976562,77.8042373657227,0.400000005960464,123.237411499023,183.429504394531,1.79999995231628,127.68335723877,2.04911470413208,-0.0157240173339844,0.0237333867698908,0.0976040959358215,0.375,10,2001,4093.85229492188,111.489761352539,149.234649658203,126.133430480957,143.890579223633,119.445289611816,147.190170288086,222.40901184082,171.113479614258,180.882369995117,172.392608642578,185.736679077148,166.157958984375,218.995941162109,368.031066894531,253.056747436523,312.375671386719,231.614990234375,340.327667236328,209.057266235352,237.03791809082,216.996978759766,228.506698608398,215.953018188477,241.240356445312,324.453582763672,65.4412307739258,189.602813720703,137.077209472656,228.983154296875,89.3072814941406,297.047576904297,52.8583641052246,242.95622253418,153.554718017578,270.760772705078,88.291389465332,55.8215713500977,74.356330871582,78.6114501953125,75.6559295654297,77.6559295654297,75.356330871582,78.6114501953125,399.056121826172,385.400207519531,392.391998291016,387.768798828125,389.302520751953,384.201812744141,391.931091308594,378.517395019531,391.266967773438,383.424896240234,394.744445800781,374.557830810547,398.017974853516,94.426887512207,236.858459472656,174.088958740234,318.199951171875,115.721817016602,2.52712550607288
98.1364532136371,38.8296781560663,48.5999993979931,-7.30173110961914,-12.3076314926147,-88.8759765625,980.108703613281,-1.77667212486267,-15.6299018859863,13.8532295227051,3.29590392112732,-16.6753768920898,4.2510666847229,-19.785120010376,253.679336547852,77.6694488525391,0.400000005960464,123.334533691406,183.797515869141,1.79999995231628,128.225402832031,2.10000014305115,-0.0138035064697266,0.0254698097705841,0.0976040959358215,0.400000005960464,10,2001,4124.2177734375,113.110900878906,151.666351318359,127.666351318359,146.110900878906,120.555450439453,149.110900878906,219.889099121094,171.889099121094,186.221801757812,176.110900878906,189.666351318359,167.444549560547,216,385.775360107422,253.444549560547,326.331756591797,237.888153076172,346.777252197266,205.445495605469,219.558288574219,206.001892089844,219.890045166016,200.447387695312,225.558288574219,313.333648681641,63.5554504394531,186.888153076172,134.222747802734,230.109954833984,89.8881530761719,299.442657470703,54.4445495605469,220.223693847656,152.444549560547,269.332702636719,91.1109008789062,57.7772521972656,74.4445495605469,77.8890991210938,75.4445495605469,77.4445495605469,75.4445495605469,77.8890991210938,412.554504394531,399.109954833984,409.220855712891,401.443603515625,409.109008789062,399.109954833984,382.555450439453,381.776306152344,385.221801757812,378.666351318359,390.443603515625,375.331756591797,405.662567138672,108.662574768066,229.333648681641,175.110900878906,305.002838134766,139.772521972656,2.52735685367264
98.1454363664783,38.8296781560663,57.1000017225742,-6.79701137542725,-12.7399806976318,-96.2786712646484,977.037658691406,-1.59155631065369,-14.8435983657837,13.2520418167114,3.69374489784241,-16.1150379180908,4.71897125244141,-19.2639961242676,248.308639526367,75.8113555908203,0.400000005960464,123.287139892578,180.033187866211,1.79999995231628,125.85417175293,2.10000014305115,-0.0118829948425293,0.0272062327712774,0.0976040959358215,0.425000011920929,10,2001,3914.37841796875,114,151.768463134766,128.589492797852,146.178970336914,121,149.589492797852,221.05256652832,176.336685180664,189.642059326172,179.05256652832,193.873596191406,171.10514831543,235.294158935547,386.147674560547,263.262847900391,326.021270751953,253.3154296875,344.484344482422,196.073837280273,207.178970336914,195.94743347168,211.305374145508,182.252807617188,209.484344482422,307.073822021484,64.8210296630859,190.410507202148,135.694625854492,233.768463134766,94.2315444946289,305.357940673828,51.1263999938965,215.642059326172,150.768463134766,272.410522460938,88.7158889770508,58.3579444885254,74,77.410514831543,75.410514831543,77.410514831543,75,77.410514831543,410.431762695312,398.663330078125,406.379211425781,397.610748291016,412.252807617188,398.663330078125,394.083892822266,394.15771484375,397.673370361328,391.083892822266,405.904907226562,392.262847900391,415.610748291016,120.663314819336,225.126403808594,193.652114868164,300.799774169922,148.042526245117,2.52758820127241
98.1544195193195,38.8296781560663,67.2999992966652,-6.13091278076172,-13.2893371582031,-106.298187255859,976.254028320312,-1.27754807472229,-13.7951154708862,12.5175676345825,4.27593374252319,-15.4394493103027,5.36553335189819,-18.624303817749,241.380996704102,73.5336151123047,0.400000005960464,123.01277923584,175.095596313477,1.86935210227966,122.596626281738,2.10000014305115,-0.00996248321533203,0.0289426539093256,0.125737473368645,0.474999994039536,10,2001,3859.01708984375,114.265594482422,150.766998291016,127.813003540039,145.157196044922,121.265594482422,149.344192504883,223.075805664062,182.712585449219,190.888809204102,182.403778076172,196.65299987793,176.479583740234,243.635543823242,355.825897216797,261.692749023438,301.666046142578,251.112594604492,326.115997314453,190.474411010742,202.173263549805,191.002639770508,202.989059448242,178.021987915039,199.615081787109,302.802398681641,62.9212379455566,188.265441894531,135.777450561523,234.360580444336,91.2490539550781,297.471282958984,48.8781929016113,209.717697143555,145.251861572266,264.953521728516,86.4879913330078,57.1111946105957,74,78.1869964599609,76.1869964599609,77.6557998657227,75.2655944824219,78.1869964599609,402.257629394531,391.490631103516,396.978607177734,388.946014404297,403.772430419922,390.69384765625,407.346557617188,406.336120605469,412.018737792969,408.330505371094,418.861389160156,410.346893310547,397.384552001953,115.880996704102,225.534164428711,221.197647094727,303.069885253906,135.453186035156,2.52781954887218
98.1634026721607,38.8296781560663,76.4999985694885,-5.84346628189087,-13.5670747756958,-113.750923156738,970.726989746094,-1.20000004768372,-13.1369380950928,11.9369382858276,4.51044511795044,-15.0782432556152,5.64371395111084,-18.2373123168945,238.511749267578,72.4530181884766,0.323902130126953,122.78475189209,172.828216552734,1.74780428409576,121.269142150879,1.94780433177948,-0.00804197158813477,0.0306790769100189,0.125964969396591,0.600000023841858,10,2001,3819.20947265625,115.379943847656,151.552917480469,127.585632324219,144.879302978516,122.379943847656,149.65576171875,221.843597412109,182.620056152344,189.429229736328,183.725891113281,195.308532714844,177.293670654297,219.602981567383,321.494171142578,238.485260009766,272.965087890625,221.684997558594,304.109588623047,189.225250244141,192.784072875977,184.684219360352,193.560531616211,181.334060668945,188.524841308594,307.004272460938,58.1831550598145,183.959609985352,129.007202148438,237.728866577148,83.2830200195312,286.883514404297,51.4857711791992,195.068374633789,135.904769897461,250.309768676758,89.0731048583984,57.1223983764648,74.1206970214844,78.7764587402344,76.8971557617188,77.4649353027344,75.8971557617188,78.7764587402344,399.793029785156,388.119415283203,395.830444335938,386.501068115234,398.065856933594,385.065856933594,411.102416992188,419.217193603516,419.4853515625,420.594177246094,420.823638916016,426.632843017578,374.979553222656,116.383346557617,226.853378295898,230.236312866211,285.793395996094,138.958786010742,2.52805089647195
98.1095037551136,38.8206950032251,45.6999987363815,-8.20449447631836,-11.7559337615967,-80.3024597167969,990.950988769531,-2.15870547294617,-16.8081340789795,14.6494283676147,2.67750287055969,-17.8156509399414,3.51822209358215,-20.7406482696533,266.58837890625,82.234977722168,0.464376837015152,122.694770812988,191.495529174805,2.20779967308044,132.079132080078,2.25750732421875,-0.018830632019043,0.0222834032028913,0.0976040959358215,0.375,10,2001,4213.7509765625,109.157768249512,146.81379699707,125.823280334473,140.325012207031,117.16724395752,144.334487915039,250.514572143555,185.342132568359,198.75163269043,196.366287231445,201.253372192383,181.616287231445,228.062881469727,347.249267578125,251.612915039062,294.413879394531,230.831024169922,320.018249511719,187.137069702148,230.825012207031,207.262939453125,211.516403198242,193.102630615234,231.210357666016,345.121490478516,79.2301254272461,198.731857299805,146.74479675293,254.574905395508,109.027519226074,278.288818359375,55.9145889282227,269.910308837891,133.87841796875,295.688751220703,79.7043380737305,60.6430892944336,72.3250122070312,79.3025894165039,73.9810409545898,77.6465530395508,73.8043212890625,78.6465530395508,389.030181884766,380.562072753906,374.332763671875,369.761199951172,381.190490722656,375.218109130859,424.488800048828,388.612915039062,419.237060546875,418.066345214844,425.706878662109,394.394836425781,413.799926757812,110.793823242188,235.833572387695,173.215454101562,343.236236572266,116.862007141113,2.52724748351267
98.1184869079547,38.8206950032251,46.5999990701675,-7.60226774215698,-12.0689640045166,-83.3658294677734,996.475402832031,-1.71415078639984,-16.1927852630615,14.4786348342896,3.26070356369019,-17.2715358734131,4.12471485137939,-20.2733364105225,258.245697021484,79.2179565429688,0.400000005960464,122.69783782959,185.975677490234,1.86046266555786,129.159744262695,2,-0.0180930618286133,0.0222834032028913,0.0976040959358215,0.350000023841858,10,2001,4131.185546875,110.356712341309,147.723083496094,126.022361755371,142.057434082031,117.700721740723,145.37907409668,234.527038574219,166.951965332031,181.884872436523,178.872177124023,185.741027832031,165.219223022461,220.181365966797,373.757873535156,251.199035644531,308.265594482422,230.913589477539,344.344848632812,190.014617919922,234.348968505859,210.246810913086,218.619262695312,201.596893310547,235.272216796875,332.832397460938,71.7479019165039,192.648788452148,143.197113037109,236.945556640625,96.9196166992188,286.611846923828,50.6016006469727,263.191040039062,126.804542541504,285.808929443359,85.7515335083008,57.8851356506348,73.9679718017578,79.321647644043,75.3119812011719,78,75.2896194458008,79,386.641357421875,376.870513916016,372.074829101562,367.785217285156,373.358367919922,371.371063232422,423.665649414062,388.780517578125,418,413.273864746094,425.044738769531,394.356719970703,407.702972412109,92.8503952026367,225.310592651367,159.962417602539,343.927947998047,105.058296203613,2.52747888464654
98.1364532136371,38.8206950032251,61.9000010192394,-7.69876432418823,-12.0662822723389,-85.4693222045898,980.118591308594,-1.9847354888916,-16.1135787963867,14.1288433074951,2.95719480514526,-17.0956420898438,3.88521909713745,-20.1459674835205,256.330474853516,78.3732604980469,0.400000005960464,123.076889038086,185.390243530273,1.79999995231628,129.370346069336,2.10000014305115,-0.014984748840332,0.0246837828308344,0.0976040959358215,0.375,10,2001,4108.244140625,111.388565063477,149.611434936523,127,144,119.388565063477,146.611434936523,237.177230834961,190.897216796875,199.788665771484,194.845825195312,199.508651733398,185.897216796875,220.662826538086,344.994232177734,243.599899291992,297.657043457031,230.662826538086,324.885681152344,186.822769165039,226.937072753906,203.599899291992,212.377044677734,192.045623779297,226.268493652344,345.777130126953,66.4971160888672,185.994232177734,139.942840576172,232.051391601562,95.0456237792969,298.497131347656,49.331413269043,249.508651733398,153.719985961914,282.777130126953,87.7771377563477,55.9428443908691,72.7771377563477,78.6114349365234,74.3885650634766,78,73.7771377563477,78.6114349365234,398.502868652344,381.228637695312,385.782897949219,383.782897949219,388.337188720703,383.6171875,414.674346923828,391.834289550781,410.6171875,403.840057373047,419.6171875,390.725738525391,422.291564941406,130.891448974609,244.388565063477,187.314117431641,347.508636474609,149.228622436523,2.52794168691427
98.1454363664783,38.8206950032251,61.9000010192394,-6.88292169570923,-12.6645698547363,-93.8130111694336,981.586303710938,-1.51305758953094,-15.0281133651733,13.5150556564331,3.68174362182617,-16.2716426849365,4.66528844833374,-19.4181632995605,247.462554931641,75.7046127319336,0.400000005960464,123.348915100098,179.551879882812,1.81892669200897,125.618293762207,2.10000014305115,-0.0129662231445313,0.0264966748654842,0.0976040959358215,0.649999976158142,10,2001,3937.65087890625,112.143272399902,149.83154296875,127,144.487411499023,120.143272399902,147.075241088867,221.532791137695,179.804580688477,185.339141845703,177.84130859375,189.367218017578,174.56086730957,223.139266967773,354.679626464844,257.585601806641,309.818878173828,234.601486206055,328.046051025391,200.030181884766,231.378967285156,216.610794067383,226.409942626953,201.062911987305,233.7763671875,333.639190673828,68.6590805053711,191.29296875,137.867477416992,236.744750976562,105.037719726562,302.121307373047,51.6662940979004,229.862808227539,156.8095703125,282.3369140625,89.042839050293,58.4978370666504,73.5554351806641,78.1004333496094,74.8995666503906,78,74.5554351806641,78.1004333496094,399.752777099609,376.613830566406,383.212097167969,378.775054931641,389.516265869141,378.294860839844,400.460754394531,392.007232666016,400.177124023438,394.815002441406,409.420806884766,388.272888183594,420.058532714844,120.223480224609,240.512908935547,205.545196533203,335.417602539062,136.571624755859,2.52817308804813
98.1544195193195,38.8206950032251,80.8999985456467,-6.28665494918823,-13.1230554580688,-101.290557861328,981.528442382812,-1.23064792156219,-14.1955471038818,12.9649000167847,4.19953012466431,-15.6502590179443,5.23730134963989,-18.8602027893066,243.512496948242,74.7213821411133,0.400000005960464,123.47989654541,176.990585327148,1.87861728668213,123.645729064941,2.10000014305115,-0.0109476982116699,0.0282514188438654,0.125737473368645,0.600000023841858,10,2001,3886.4970703125,113.150100708008,151.264038085938,127,145.509353637695,121.051246643066,148.919860839844,221.36653137207,181.594390869141,188.253845214844,180.056137084961,194.715591430664,175.938568115234,217.174102783203,355.037963867188,251.936584472656,304.805206298828,230.417053222656,323.677459716797,193.603851318359,215.196273803711,206.841903686523,216.743041992188,188.386169433594,217.70198059082,303.380554199219,63.9589385986328,183.738876342773,128.067977905273,230.700332641602,94.5037460327148,298.114471435547,51.3291015625,214.096878051758,156.292938232422,276.506256103516,90.0512466430664,58.4068641662598,73.3441772460938,78,75.1977081298828,78,74.4430313110352,78,408.146606445312,383.985046386719,391.380493164062,381.635986328125,400.279235839844,382.618530273438,398.905364990234,400.818664550781,401.777618408203,401.620971679688,411.334594726562,400.335296630859,443.585662841797,105.524833679199,229.834106445312,186.104553222656,327.880004882812,129.156646728516,2.528404489182
98.1095037551136,38.8117118503839,62.3000003397465,-8.14118003845215,-11.9083585739136,-82.347412109375,991.264526367188,-2.20300698280334,-16.6663284301758,14.463321685791,2.74544501304626,-17.7603874206543,3.58731245994568,-20.6853122711182,265.904907226562,80.8148498535156,0.464376837015152,121.914443969727,190.283584594727,2.25750732421875,132.588806152344,2.25750732421875,-0.0193083709716797,0.0222834032028913,0.0976040959358215,0.375,10,2001,4203.20556640625,108.343948364258,144.000122070312,124.343948364258,138.000137329102,115.687919616699,142.000122070312,227.751876831055,168.789642333984,182.350250244141,179.069885253906,183.598709106445,164.725982666016,198.22282409668,337.713500976562,226.407379150391,275.338287353516,215.190521240234,305.243011474609,172.78369140625,219.222747802734,198.095489501953,201.81510925293,183.063827514648,220.254592895508,381.481781005859,117.877792358398,230.381072998047,175.005294799805,267.048492431641,129.565948486328,311.010894775391,52.9999504089355,266.312286376953,146.910552978516,306.010925292969,92.904655456543,61.7195129394531,73.3121337890625,79.0000228881836,74.9682312011719,78.6560516357422,74.3121566772461,79,401.496520996094,378.153289794922,381.369598388672,378.337982177734,384.184631347656,371.777404785156,426.375823974609,402.623962402344,421.190948486328,419.502990722656,432.095489501953,407.967987060547,502.056427001953,139.840637207031,277.279357910156,191.87336730957,384.024963378906,135.968307495117,2.52783242680245
98.1364532136371,38.8117118503839,55.5999986827374,-7.63052749633789,-12.1039962768555,-84.8169708251953,986.999267578125,-1.81232798099518,-16.0888862609863,14.2765579223633,3.11405658721924,-17.140682220459,4.01643705368042,-20.1708602905273,257.923400878906,78.2665100097656,0.416321516036987,122.197410583496,185.464752197266,1.86528599262238,129.830657958984,2.16528606414795,-0.0157459716796875,0.0247090570628643,0.0976040959358215,0.300000011920929,10,2001,4081.8056640625,111.198181152344,147.900909423828,126.755012512207,143.778411865234,119.320671081543,145.466567993164,232.119735717773,181.580535888672,188.71760559082,182.093902587891,190.769897460938,177.21305847168,239.303955078125,348.094848632812,259.583892822266,297.016723632812,253.962020874023,321.576904296875,209.9404296875,245.453186035156,217.41276550293,226.441635131836,210.479629516602,243.852874755859,365.438598632812,82.4312973022461,202.6650390625,145.090560913086,241.530395507812,108.17749786377,324.073272705078,55.8218879699707,249.883865356445,156.040420532227,289.626129150391,93.5480194091797,57.3118553161621,72.3440704345703,78.9009094238281,75.1224899291992,77.3440704345703,74.1224899291992,78.1224899291992,388.017333984375,371.513977050781,377.139831542969,373.233428955078,379.705474853516,372.341339111328,401.820648193359,383.032836914062,405.546508789062,400.324920654297,409.814880371094,383.904876708984,440.842864990234,113.303329467773,240.405166625977,193.985992431641,327.359893798828,128.353179931641,2.52852679088069
98.1005206022724,38.8027286975427,36.1000001430511,-8.97548770904541,-11.6061382293701,-79.8913192749023,977.512084960938,-2.88396406173706,-17.4196949005127,14.5357303619385,1.85949504375458,-19.6148090362549,2.71046900749207,-21.2401752471924,275.864440917969,83.7234954833984,0.583748638629913,121.811683654785,197.034393310547,2.4837486743927,137.054824829102,2.4837486743927,-0.0204526641845703,0.0222834032028913,0.0976040959358215,2.02500009536743,10,2001,4365.400390625,110.633567810059,141.732864379883,123.267143249512,138,117.633567810059,140.366424560547,212.061431884766,181.520004272461,189.122863769531,184.321441650391,187.458572387695,176.023574829102,216.695007324219,346.678558349609,240.037857055664,286.411407470703,230.39714050293,319.243560791016,184.90071105957,225.198577880859,205.09928894043,208.2978515625,183.832138061523,228.130004882812,369.359283447266,117.862861633301,219.030715942383,165.992858886719,269.718566894531,144.763580322266,311.489288330078,66.1914367675781,259.465728759766,150.534286499023,310.397155761719,86.5342864990234,61.4657135009766,73.2671432495117,79.2671432495117,74.2671432495117,78.2671432495117,74.2671432495117,78.6335678100586,395.397155761719,375.496429443359,377.397155761719,373.130004882812,386.198577880859,368.229278564453,419.7021484375,398.938568115234,418.137145996094,418.572143554688,430.335723876953,403.640716552734,456.252868652344,110.725723266602,250.184295654297,183.91716003418,341.695007324219,130.557861328125,2.52818613265424
99.7713870307347,38.7757792390191,238.299995660782,-2.12925672531128,-13.8073930740356,-117.476974487305,955.160827636719,3.60574340820312,-8.14930629730225,11.7550497055054,8.33954524993896,-11.7286701202393,9.49238300323486,-14.108814239502,326.362365722656,117.363960266113,0.300000011920929,130.688262939453,248.103393554688,1.40000009536743,153.349914550781,2.40000009536743,0.0356988677978516,0.0627271756529808,0.189140513539314,0.924999952316284,10,2001,2809.41162109375,107.212448120117,146.871917724609,124.915634155273,142.871917724609,118.212448120117,144.871917724609,221.512100219727,171.772094726562,175.849014282227,176.698791503906,184.508483886719,167.409439086914,174.845947265625,371.77880859375,212.600296020508,317.639434814453,191.838500976562,362.266510009766,178.670547485352,191.147155761719,180.703964233398,192.011840820312,171.194702148438,188.557357788086,380.087982177734,52.8135261535645,183.263397216797,119.743843078613,247.168731689453,65.3767852783203,417.323455810547,37.6965103149414,231.945220947266,151,305.952331542969,55.5499114990234,77.3554306030273,77.7142562866211,82.362663269043,78.7142562866211,81.0110702514648,78.362663269043,82.362663269043,423.689270019531,387.608520507812,398.348754882812,395.546295166016,409.055572509766,389.806060791016,397.427734375,420.595916748047,420.511322021484,412.654296875,419.749725341797,421.424102783203,572.072814941406,67.6229934692383,232.795333862305,168.29736328125,361.804779052734,79.670539855957,2.57303370786517
99.7803701835759,38.7757792390191,251.399993896484,-2.18221068382263,-13.7648334503174,-117.365173339844,955.1982421875,3.60909700393677,-8.11945343017578,11.7285509109497,8.35374164581299,-11.7966365814209,9.51099681854248,-14.1140537261963,328.254791259766,117.941413879395,0.300000011920929,130.456726074219,249.116409301758,1.40000009536743,154.076889038086,2.40000009536743,0.0385674255371094,0.0641948655247688,0.189140513539314,0.949999988079071,9,2001,2897.02490234375,107,146.710723876953,125.289276123047,142.710723876953,118,144.710723876953,228.669555664062,175.024917602539,180.669555664062,180.669555664062,189.380279541016,170.024917602539,178.223190307617,354.635955810547,215.157104492188,306.503784179688,197.157104492188,344.478851318359,179.06608581543,190.553619384766,175.619720458984,186.685806274414,166.908996582031,184.908996582031,382,49.4875373840332,188.157104492188,119.421447753906,246.421447753906,67.8017349243164,393.660888671875,34.5536270141602,231.06608581543,151,295.776824951172,53.842903137207,73.4214477539062,78.6446380615234,83,79.6446380615234,81.3553619384766,79,83,415.975067138672,382.553619384766,390.685791015625,391.553619384766,404.264343261719,388.421447753906,404.958831787109,426.537384033203,433.339111328125,421.760559082031,428.82666015625,426.669555664062,522.263244628906,71.7107238769531,238.421447753906,168.553619384766,341.123504638672,80.0660858154297,2.57326537704159
99.7893533364171,38.7757792390191,278.699994087219,-2.52677726745605,-13.7268810272217,-112.073799133301,970.445434570312,3.33041787147522,-8.92142200469971,12.2518405914307,8.17697334289551,-12.1770935058594,9.27050495147705,-14.7157163619995,330.520324707031,119.357521057129,0.300000011920929,130.722534179688,250.771408081055,1.40000009536743,154.702774047852,2.40000009536743,0.0435187042236328,0.0666884183883667,0.189140513539314,0.925000011920929,9,2001,2969.20288085938,108.003479003906,146,127.003479003906,141.498260498047,118.501739501953,143.498260498047,229.484344482422,176.487823486328,183.491302490234,182.989562988281,194,171.487823486328,170.968688964844,346.526092529297,211.979125976562,290.491302490234,186.954772949219,327.505218505859,186.529571533203,195.529571533203,183.041748046875,192.540008544922,175.543487548828,193.543487548828,382.501739501953,52.5191307067871,194.512176513672,128.034790039062,253.529571533203,77.0208740234375,379.989562988281,39.0278282165527,238.529571533203,146.484344482422,307.546966552734,55.013916015625,71.4982604980469,78.4982604980469,83,80,81,79,83,408.491302490234,381.508697509766,388.010437011719,389.505218505859,401.505218505859,388.003479003906,405.480865478516,422.961730957031,428.446075439453,417.954772949219,422.951293945312,418.954772949219,487.543487548828,75.013916015625,243.522613525391,173.02783203125,331.02783203125,85.5226135253906,2.573497046218
99.7713870307347,38.7667960861779,356.099992990494,-2.47541069984436,-13.8626432418823,-118.66047668457,956.097717285156,2.79070067405701,-8.89364337921143,11.684344291687,7.75202035903931,-11.9710502624512,8.90787315368652,-14.6274118423462,327.400665283203,117.470703125,0.300000011920929,130.453765869141,248.591156005859,1.40000009536743,153.956756591797,2.40000009536743,0.038710302734375,0.0632067173719406,0.189140513539314,1.10000002384186,9,2001,2842.27514648438,108.46558380127,145,126,142.267211914062,118.732795715332,142.633605957031,214.404861450195,171.831985473633,176.099182128906,175.831985473633,179.534408569336,169.56477355957,154.603240966797,324.564788818359,185.732788085938,257.457489013672,165.099182128906,298.831970214844,179.038467407227,190.534408569336,186.168014526367,195.534408569336,175.534408569336,196.068832397461,369.793518066406,57.3360366821289,191.228744506836,120.702430725098,258.495941162109,67.732795715332,409.724670410156,40.8704490661621,226.099182128906,142.099182128906,326.892700195312,55.9696388244629,74.5951385498047,78,82.3663940429688,79,81,78.6336059570312,82,426.6943359375,397.228729248047,406.564788818359,399.663970947266,413.297576904297,395.129547119141,394.900817871094,412.603240966797,407.267211914062,404.801635742188,410.534423828125,409.068817138672,504.427124023438,77.1295471191406,224.831985473633,159.56477355957,338.37451171875,87.6943283081055,2.57362993859344
99.7893533364171,38.7667960861779,311.300009489059,-2.96287941932678,-13.6094341278076,-112.45393371582,962.640563964844,2.47645163536072,-9.62770366668701,12.1041555404663,7.46186256408691,-12.4629974365234,8.55289840698242,-15.1703281402588,329.36083984375,117.949920654297,0.300000011920929,130.168151855469,249.647994995117,1.40000009536743,154.975830078125,2.40000009536743,0.0456299621582031,0.0666393339633942,0.189140513539314,1.30000007152557,10,2001,2987.87670898438,109.988815307617,144.652069091797,127.992546081543,142.952484130859,120.688400268555,142.952484130859,226.661849975586,173.479263305664,182.211441040039,179.914764404297,190.34651184082,168.929672241211,168.867706298828,302.739685058594,204.972946166992,254.188629150391,186.013000488281,287.955291748047,174.487670898438,191.098739624023,178.08479309082,187.986038208008,170.974853515625,193.41780090332,436.908111572266,55.6232032775879,188.479263305664,124.03214263916,241.978134155273,78.0540084838867,411.901702880859,33.3963890075684,248.183944702148,157.035369873047,319.973449707031,51.381477355957,70.7359085083008,73.5719680786133,78.2203140258789,74.5719680786133,76.2240371704102,74.2240371704102,77.8723831176758,392.511444091797,379.598052978516,375.361022949219,372.389892578125,382.65771484375,377.649291992188,433.004608154297,429.651123046875,446.55419921875,438.975738525391,446.363708496094,428.936614990234,595.467895507812,66.1020126342773,236.409851074219,169.287826538086,358.884490966797,97.0791549682617,2.57409338431236
99.7983364892583,38.7667960861779,368.000000715256,-3.11459469795227,-13.6800088882446,-110.849769592285,972.689392089844,2.24767851829529,-10.0992937088013,12.3469734191895,7.35750007629395,-12.6619491577148,8.43467617034912,-15.5003824234009,332.056182861328,119.426620483398,0.303422510623932,130.211013793945,251.237716674805,1.44018375873566,155.130325317383,2.50455904006958,0.0499616027832031,0.0687786191701889,0.212243884801865,1.45000004768372,10,2001,3040.76489257812,110.410232543945,144.55680847168,128.410232543945,141.439743041992,122.117073059082,141.849975585938,241.057083129883,183.046752929688,192.262680053711,190.559295654297,205.148574829102,180.584869384766,168.95622253418,312.972503662109,211.277923583984,262.024139404297,190.761444091797,295.705383300781,180.845565795898,195.351211547852,183.662582397461,190.336944580078,171.901123046875,197.46484375,469.058135986328,53.7914352416992,195.17512512207,138.295166015625,256.046264648438,81.1205215454102,445.281921386719,36.725040435791,266.814605712891,160.325637817383,330.273498535156,53.699462890625,76.3438339233398,71.2567596435547,75.4033355712891,72.4618682861328,72.9931030273438,71.8135681152344,74.549919128418,382.704345703125,372.539093017578,371.707336425781,368.421539306641,378.820953369141,373.330047607422,436.450073242188,432.757995605469,444.630096435547,441.300048828125,449.277923583984,429.205108642578,587.877502441406,82.6758804321289,237.699935913086,180.742279052734,381.063507080078,101.885894775391,2.57432510717182
99.8881680176702,38.7667960861779,201.700001955032,-2.75749373435974,-14.1231393814087,-108.283393859863,1010.16662597656,3.39970541000366,-9.64676475524902,13.0464696884155,8.52043151855469,-12.6763830184937,9.52752590179443,-15.3937540054321,333.083618164062,119.097045898438,0.300000011920929,130.232177734375,253.185485839844,1.57576394081116,157.035430908203,2.69921135902405,0.0322511291503906,0.0616619288921356,0.201953813433647,0.699999988079071,10,2001,2897.96997070312,113.312614440918,145.7216796875,128.869247436523,141.795471191406,122.016830444336,142.795471191406,252.139892578125,186.702362060547,202.011047363281,196.976745605469,210.624008178711,181.811080932617,180.718368530273,280.976165771484,198.108123779297,250.772888183594,187.717163085938,269.488739013672,168.021392822266,175.654495239258,176.003311157227,181.093292236328,167.761810302734,179.058990478516,448.552429199219,54.7696342468262,181.939239501953,120.036331176758,268.037017822266,73.4408264160156,390.798370361328,42.0887184143066,260.796783447266,146.230499267578,315.016876220703,49.1055488586426,65.9476089477539,77.312614440918,81.2388229370117,78.9605026245117,78.9605026245117,78.9605026245117,80.88671875,401.004333496094,367.571350097656,374.451629638672,374.100799560547,387.786926269531,372.463897705078,430.695953369141,457.422058105469,449.545074462891,444.805908203125,444.451293945312,448.755432128906,515.754028320312,106.826499938965,256.690002441406,186.432373046875,376.004669189453,108.410331726074,2.57664233576642
99.7085049608463,38.7578129333368,243.2000041008,-2.69032073020935,-12.9346323013306,-110.413841247559,923.474487304688,3.00630927085876,-8.71426963806152,11.7205791473389,7.45265483856201,-11.9884576797485,8.5224027633667,-14.1996393203735,330.101928710938,117.677452087402,0.300000011920929,129.944351196289,249.967025756836,1.40000009536743,155.749267578125,2.40000009536743,0.0362233978271484,0.0614312551915646,0.193623512983322,1.42499995231628,10,2001,3091.10424804688,108.871757507324,144.223022460938,126.351264953613,138.702529907227,117.33846282959,141.223022460938,207.094772338867,176.579315185547,177.048614501953,177.694763183594,176.543502807617,170.956176757812,158.095138549805,354.464630126953,207.764297485352,295.14892578125,180.31037902832,324.128509521484,160.65625,209.46142578125,191.884552001953,196.148559570312,174.238403320312,202.612670898438,415.000457763672,50.7179107666016,201.271621704102,116.220428466797,274.889831542969,66.179443359375,437.228271484375,29.5254173278809,226.315200805664,148.310028076172,340.558868408203,52.9127426147461,79.2099609375,74.0409851074219,77.730712890625,75.2102203369141,76.3794479370117,74.2102203369141,77.3794479370117,421.553955078125,419.028289794922,396.259063720703,394.346343994141,404.656616210938,400.359130859375,417.141052246094,372.159027099609,411.856353759766,408.687133789062,420.456237792969,397.210205078125,615.813903808594,74.4448013305664,262.675720214844,154.472732543945,369.330108642578,88.9780960083008,2.57260400973462
99.7174881136875,38.7578129333368,286.700010299683,-3.28990483283997,-12.662446975708,-103.894744873047,929.627319335938,2.45462036132812,-9.73640155792236,12.1910228729248,6.88094186782837,-12.5520830154419,7.94677877426147,-14.9076738357544,332.190399169922,117.843406677246,0.300000011920929,129.36994934082,250.77180480957,1.40000009536743,156.935104370117,2.40000009536743,0.0383804962158203,0.0621658600866795,0.193623512983322,1.92499995231628,10,2001,3171.38159179688,109.454223632812,145.102920532227,126.68790435791,139.415008544922,117.117622375488,142.063705444336,208.439514160156,183.581649780273,181.400314331055,183.400314331055,179.673202514648,179.606155395508,154.253280639648,341.625762939453,208.317001342773,292.120971679688,182.067047119141,317.114288330078,162.424819946289,210.480285644531,192.985290527344,198.699264526367,173.946090698242,205.972152709961,413.803527832031,50.3366012573242,206.150375366211,119.104476928711,274.599700927734,68.6110534667969,447.991760253906,33.6061515808105,230.975280761719,156.03742980957,353.790832519531,53.8692359924316,86.120964050293,74.3366012573242,77.9852981567383,75.2973937988281,76.3366012573242,74.2973937988281,77.3366012573242,419.519714355469,419.697937011719,393.364440917969,390.573608398438,401.042541503906,397.143890380859,417.782592773438,370.173095703125,413.650268554688,410.375793457031,424.699279785156,397.532623291016,638.764343261719,100.029418945312,275.960571289062,187.756317138672,375.622406005859,115.601257324219,2.57283578630201
99.7624038778935,38.7578129333368,280.099987983704,-2.9415442943573,-13.5838041305542,-112.697319030762,957.905212402344,2.20683073997498,-9.85088539123535,12.0577154159546,7.16868019104004,-12.3582315444946,8.32458877563477,-15.1796531677246,330.888580322266,119.393112182617,0.300000011920929,131.343460083008,252.162231445312,1.40000009536743,156.259826660156,2.40000009536743,0.0412175354003906,0.0633666440844536,0.189140513539314,0.925000011920929,9,2001,2847.13842773438,107.377655029297,144.377655029297,124.377655029297,140.244689941406,118.377655029297,141.622344970703,209.244689941406,169.909530639648,177.909530639648,177.420150756836,180.398910522461,168.287185668945,141.468124389648,365.851257324219,177.510620117188,275.579833984375,157,337.361877441406,168.468124389648,196.776565551758,179.734069824219,190.244689941406,173.335159301758,192.776565551758,445.728576660156,58.1329689025879,199.042495727539,132.265930175781,274.244689941406,75.510627746582,425.973266601562,37.4681243896484,221,147.196716308594,326.356414794922,52.8457832336426,74.9095306396484,75.8670349121094,79.489372253418,76.489372253418,78.489372253418,75.8670349121094,79.489372253418,430.712799072266,415.132965087891,410.734069824219,408.356414794922,422.978759765625,410.244689941406,400.819061279297,387.712799072266,409.531860351562,400.776550292969,403.686096191406,397.601104736328,577.898559570312,64.9787521362305,243.021255493164,160.425628662109,354,73.2446899414062,2.57399466913895
99.7713870307347,38.7578129333368,313.899993896484,-2.70394420623779,-13.8544797897339,-117.330467224121,960.394714355469,2.28398633003235,-9.52596759796143,11.8099536895752,7.39243936538696,-12.1537065505981,8.56742763519287,-15.0079860687256,328.104461669922,118.067779541016,0.300000011920929,131.192764282227,250.002471923828,1.40000009536743,154.962600708008,2.40000009536743,0.0414656829833984,0.0635074973106384,0.189140513539314,1.5,9,2001,2897.82397460938,108.43864440918,145.43864440918,125.43864440918,141.479553222656,118.479545593262,143.43864440918,206.163619995117,168.836380004883,176.836380004883,173.877288818359,179.397735595703,167.31591796875,137.368148803711,387,169.286346435547,276.724975585938,147.888610839844,353.163635253906,170.602264404297,193.959091186523,182.479553222656,191.959091186523,175.643173217773,189,414.695404052734,57.4795455932617,194.43864440918,132.877288818359,269.724975585938,72.5613555908203,419.193206787109,42,224.836380004883,137,329.959106445312,57.4795455932617,75.275016784668,77,81.4795455932617,78.4795455932617,80.4795455932617,77.4795455932617,81.4795455932617,432.163635253906,413.040893554688,410.122711181641,406.68408203125,421.68408203125,409.081817626953,397.713653564453,392.520446777344,407.397735595703,400.836364746094,402.672760009766,402.438629150391,574.486450195312,71.3568267822266,239.040908813477,173.397735595703,374.620513916016,87.9068603515625,2.57422644570634
99.7983364892583,38.7578129333368,459.800004959106,-3.3886284828186,-13.5084371566772,-109.981338500977,966.433532714844,1.78910565376282,-10.4939584732056,12.2830638885498,6.87878608703613,-12.8652791976929,7.98989248275757,-15.7350997924805,333.697631835938,119.648727416992,0.300000011920929,130.311004638672,252.941833496094,1.40790319442749,156.845367431641,2.42897820472717,0.0508812164306641,0.0680334940552711,0.212243884801865,1.97500002384186,10,2001,2996.0654296875,110.501708984375,146.300415039062,128.150039672852,139.300415039062,121.497955322266,143.300415039062,218.134689331055,179.007186889648,183.164398193359,180.512649536133,189.167831420898,174.205062866211,169.720794677734,324.798370361328,207.021530151367,267.333557128906,178.197540283203,305.674621582031,191.230010986328,193.651748657227,188.890289306641,192.036895751953,178.63020324707,196.802124023438,411.476470947266,58.2525672912598,198.588562011719,138.731414794922,257.284729003906,77.2050628662109,419.467163085938,47.7095336914062,252.873931884766,153.065628051758,313.150390625,67.3947525024414,73.10595703125,76.9962387084961,80.699592590332,78.6958312988281,79.3479156494141,77.7471008300781,80.699592590332,411.044738769531,418.355407714844,406.124725341797,405.117218017578,410.945648193359,409.955902099609,397.725219726562,387.992828369141,405.63330078125,402.545471191406,410.372894287109,393.241973876953,652.603210449219,82.9600067138672,249.331481933594,164.033157348633,384.186279296875,90.3075942993164,2.57492177540851
99.8702017119878,38.7578129333368,255.800008773804,-3.36931443214417,-13.8261117935181,-111.07096862793,983.007202148438,2.11053347587585,-10.3420372009277,12.4525699615479,7.3467755317688,-13.0109977722168,8.30355167388916,-15.867377281189,337.369171142578,119.317283630371,0.317961752414703,128.91926574707,254.493301391602,1.73834359645844,158.666213989258,3.37561798095703,0.0400597320556641,0.0639422237873077,0.201953813433647,1,10,2001,3040.85229492188,112.880126953125,145.146026611328,128.41194152832,143,122.853965759277,142.352005004883,272.371856689453,210.562576293945,219.708389282227,217.09831237793,226.352447509766,203.562347412109,206.03401184082,261.416320800781,222.067794799805,227.981048583984,214.899749755859,246.412399291992,170.431335449219,184.603530883789,183.779647827148,188.7236328125,167.371398925781,194.15104675293,491.542999267578,56.3857841491699,201.932205200195,133.17219543457,293.870330810547,74.2656860351562,404.424621582031,39.4082412719727,239.879028320312,166.176116943359,309.26220703125,53.5281181335449,79.4224014282227,75.9099807739258,79.9699172973633,77.1159515380859,77.1159515380859,76.9099807739258,79.6179122924805,354.32080078125,330.241882324219,336.186309814453,329.242340087891,345.298553466797,326.736206054688,475.101837158203,485.154602050781,480.034027099609,482.034027099609,487.536010742188,478.966705322266,589.549194335938,124.321510314941,305.013977050781,247.523590087891,427.63037109375,127.392127990723,2.57677598794762
99.879184864829,38.7578129333368,264.299988746643,-3.21167945861816,-13.9348163604736,-111.694839477539,985.301818847656,2.35420179367065,-10.1254558563232,12.4796571731567,7.56119728088379,-12.8833951950073,8.5401668548584,-15.7133340835571,335.392364501953,119.277450561523,0.300000011920929,129.907485961914,254.499420166016,1.44475901126862,158.511413574219,2.44475889205933,0.037090087890625,0.0626520439982414,0.201953813433647,0.850000023841858,10,2001,2989.87036132812,111.704093933105,145.189926147461,129.42253112793,142.93669128418,123.06330871582,142.90119934082,263.284973144531,196.086502075195,209.234634399414,204.319091796875,215.629348754883,193.171325683594,204.555450439453,256.615966796875,221.8662109375,220.200622558594,211.844696044922,241.721954345703,173.458023071289,186.28874206543,183.127136230469,187.753051757812,169.556823730469,195.494033813477,451.029388427734,58.9083671569824,204.349639892578,132.590423583984,278.599273681641,79.1274948120117,384.586822509766,37.7731857299805,237.420639038086,163.395217895508,305.683959960938,52.7525482177734,79.6771545410156,77.1337890625,81.7817459106445,78.8450546264648,78.8450546264648,78.1971054077148,81.1337890625,379.512847900391,367.380310058594,364.646636962891,358.400573730469,371.512847900391,360.809143066406,447.029113769531,446.330963134766,452.226226806641,453.846343994141,459.578277587891,443.696838378906,620.894287109375,110.042808532715,284.912811279297,207.910690307617,412.699462890625,110.823173522949,2.57700776451501
99.8881680176702,38.7578129333368,275.099992752075,-3.16289305686951,-13.8986377716064,-110.583282470703,987.07763671875,2.55877947807312,-10.0110139846802,12.5697937011719,7.67619609832764,-12.8678665161133,8.68649387359619,-15.6477746963501,335.708099365234,119.260841369629,0.300000011920929,129.937286376953,254.963302612305,1.40000009536743,158.964141845703,2.40000009536743,0.0356067199707031,0.0619784332811832,0.201953813433647,0.975000023841858,10,2001,2925.7744140625,112.137161254883,146.70573425293,130,142.431427001953,123.568580627441,144.70573425293,234.845336914062,174.648345947266,188.3740234375,181.942611694336,192.531127929688,171.805450439453,209.391540527344,278.703308105469,221,241.566146850586,211.411483764648,261.860412597656,171.725677490234,186,179.157104492188,188.980056762695,166.019943237305,186.471298217773,417.608459472656,60.5685806274414,222.900283813477,140.097274780273,264.451354980469,76.7456207275391,357.3740234375,46.9401741027832,251.351654052734,156.177047729492,298.177032470703,58.9601173400879,73.9027252197266,78,82.4314193725586,80,80,79.5685806274414,82,401.528686523438,386.725677490234,387.528686523438,379.117218017578,393.528686523438,383.980072021484,426.745635986328,427.274322509766,433.314208984375,431.902709960938,440.882781982422,429.548645019531,542.578308105469,101.019943237305,248.316635131836,176.511184692383,388.3740234375,110.822959899902,2.5772395410824
99.8971511705114,38.7578129333368,275.099992752075,-3.05674481391907,-13.9236669540405,-110.596755981445,987.8681640625,2.78187942504883,-9.80831336975098,12.5901927947998,7.83457565307617,-12.7797164916992,8.86332988739014,-15.5037355422974,337.03076171875,120.625,0.300000011920929,130.56037902832,256.576995849609,1.40000009536743,159.2392578125,2.40000009536743,0.0341233489990234,0.0613048262894154,0.196942642331123,0.950000047683716,10,2001,2935.21655273438,112.574089050293,148,130,142.425918579102,123.148170471191,146,219.685043334961,169.388702392578,177.555480957031,172.407302856445,179.12956237793,162.685043334961,209.037216186523,287.518951416016,218.87043762207,252.926254272461,208.037216186523,271.500335693359,167.87043762207,187.277740478516,174.444519042969,189.87043762207,163,182.555480957031,414.555480957031,58.4445190429688,218.407989501953,141.889038085938,261.851837158203,71.1481704711914,341.444519042969,49.6112976074219,247.667114257812,147.592697143555,293.425903320312,62.870433807373,70.4073104858398,78.8518295288086,82.425910949707,80.425910949707,80.425910949707,80.425910949707,82.425910949707,409.277740478516,385.425903320312,388.463134765625,378.31494140625,396.166778564453,384.444519042969,422.851837158203,427.722259521484,437.092346191406,432.240539550781,440.833221435547,432.574096679688,516.33154296875,92.0372085571289,217.740859985352,169.962783813477,366.481719970703,113.018608093262,2.57747131764979
99.6186734324343,38.7488297804956,314.300000667572,-3.32009983062744,-12.8414754867554,-96.4913330078125,964.575744628906,2.2922260761261,-11.023551940918,13.3157777786255,6.83585023880005,-12.7232542037964,7.98606872558594,-15.6454553604126,327.434661865234,115.5,0.300000011920929,129.229598999023,247.327682495117,1.40000009536743,155.135452270508,2.40000009536743,0.0301217315673828,0.0571293756365776,0.188556477427483,0.974999964237213,10,2001,3010.54833984375,107.298347473145,147.684906005859,126.878196716309,140.527374267578,116.491630554199,144.334091186523,213.491622924805,171.865875244141,182.214538574219,179.670425415039,183.512878417969,169.288177490234,158.709762573242,320.473480224609,206.8193359375,279.86474609375,185.222640991211,310.936126708984,165.87809753418,201.367568969727,182.999908447266,188.417785644531,171.386474609375,195.489364624023,420.679260253906,56.3106689453125,208.207962036133,124.315086364746,284.975555419922,72.4771423339844,432.118408203125,30.386568069458,226.569778442383,161.280471801758,323.961791992188,47.489372253418,82.0402526855469,74.2793502807617,77.2436065673828,74.2793502807617,76.2793502807617,74.4368896484375,77.0860595703125,404.428161621094,410.178802490234,396.816986083984,394.747650146484,396.903045654297,397.169952392578,429.887023925781,389.102813720703,420.218872070312,416.834533691406,431.254608154297,407.989837646484,656.572448730469,103.02400970459,303.167266845703,177.278411865234,372.696014404297,108.584762573242,2.57088211429234
99.6276565852755,38.7488297804956,314.300000667572,-2.775958776474,-13.3356218338013,-102.8779296875,973.543273925781,2.48884916305542,-10.4771118164062,12.9659605026245,7.30614185333252,-12.2644309997559,8.50704383850098,-15.3146314620972,325.798583984375,115.314453125,0.300000011920929,129.805709838867,246.996307373047,1.40000009536743,154.351348876953,2.40000009536743,0.030626416015625,0.0577613115310669,0.188556477427483,0.775000035762787,9,2001,2862.00756835938,106.716423034668,146.67236328125,125.701736450195,139.03791809082,115.701736450195,143.052612304688,212.540145874023,163.3935546875,175.588989257812,172.954544067383,176.33479309082,159.685668945312,167.094696044922,353.337341308594,206.803588867188,299.4736328125,186.414794921875,331.735687255859,166.924163818359,203.377868652344,185.281188964844,195.255584716797,173.251815795898,198.646743774414,402.707489013672,62.892406463623,208.861633300781,125.268882751465,265.953460693359,65.9545440673828,359.996948242188,30.1175174713135,214.864318847656,134.353164672852,280.603485107422,50.6908149719238,73.5049133300781,75.9767761230469,79.6405944824219,75.9914627075195,77.9914627075195,76.6259078979492,78.9914627075195,415.532989501953,404.267486572266,403.587982177734,401.222442626953,405.62353515625,402.529235839844,417.542846679688,392.690826416016,410.481689453125,403.522003173828,420.788482666016,399.160186767578,628.8369140625,81.9284439086914,272.018280029297,150.029586791992,356.935668945312,90.9411544799805,2.57111394459256
99.6815555023227,38.7488297804956,400.90000629425,-2.7237982749939,-13.042501449585,-109.137252807617,936.546142578125,2.70077896118164,-9.25595855712891,11.9567384719849,7.27558422088623,-12.0541677474976,8.41376304626465,-14.5686073303223,326.948333740234,115.84765625,0.300000011920929,130.164093017578,248.236480712891,1.40000009536743,155.888778686523,2.40000009536743,0.0331118835449219,0.0596375316381454,0.190994188189507,0.925000011920929,10,2001,2932.544921875,109.088569641113,143.367141723633,126.455718994141,138.911437988281,118.088569641113,140.911437988281,202.797119140625,160.075698852539,165.708541870117,160.619979858398,166.429962158203,156.619979858398,152.570037841797,356.291442871094,183.202880859375,289.557159423828,170.025741577148,332.911437988281,169.367141723633,209.367141723633,190.835739135742,196.468597412109,175.380020141602,197.835739135742,410.302764892578,48.9114303588867,177.632858276367,113.265701293945,247.239959716797,63.5442848205566,359.162719726562,33.4557151794434,206.012878417969,130.594223022461,292.062805175781,50.9114303588867,66.2657012939453,73.3671493530273,76.3671493530273,73.3671493530273,74.9114303588867,73.3671493530273,75.9114303588867,411.101440429688,396.455718994141,395.101440429688,390.734283447266,401.911437988281,398.012878417969,419.531402587891,394.177124023438,414.607116699219,412.797119140625,423.708557128906,404.607116699219,562.212646484375,65.8985595703125,224.049942016602,145.594223022461,328.771362304688,77.3542709350586,2.57250492639388
99.6905386551639,38.7488297804956,275.999993085861,-2.33495259284973,-13.2731227874756,-116.288955688477,928.091003417969,2.95990180969238,-8.45828723907471,11.4181890487671,7.58788061141968,-11.6557302474976,8.74693012237549,-14.0398778915405,324.684814453125,116.071578979492,0.300000011920929,131.351013183594,248.341934204102,1.40000009536743,155.364959716797,2.40000009536743,0.0348751800537109,0.0602375008165836,0.190994188189507,0.875,10,2001,2752.07104492188,109.01522064209,145.823959350586,126.96174621582,140.236404418945,117.38941192627,143.17512512207,195.565963745117,153.184356689453,156.360397338867,152.596801757812,155.803268432617,147.970977783203,161.945098876953,362.197631835938,191.059844970703,288.985168457031,179.281036376953,328.291168212891,172.762680053711,212.449783325195,196.548797607422,202.853897094727,181.838668823242,205.426239013672,373.976043701172,55.2429122924805,182.99870300293,114.923110961914,238.390441894531,61.4737167358398,309.4052734375,37.0908164978027,215.021209716797,114.880294799805,280.543853759766,57.2429122924805,63.2295074462891,75.8239669799805,79.4497833251953,76.1368713378906,77.4880294799805,76.1368713378906,78.8009414672852,416.281555175781,399.777923583984,401.533172607422,394.709197998047,404.488037109375,402.640502929688,410.642852783203,387.772308349609,401.956268310547,402.436889648438,414.360382080078,392.582092285156,491.927886962891,81.0573806762695,232.622955322266,136.45133972168,326.991546630859,80.8157730102539,2.5727367566941
99.6995218080051,38.7488297804956,228.900000452995,-2.20910406112671,-13.4952812194824,-118.253257751465,935.018188476562,2.94631576538086,-8.47306632995605,11.4193820953369,7.68400955200195,-11.5681400299072,8.86771965026855,-14.0793743133545,326.019470214844,117.784202575684,0.300000011920929,132.276840209961,250.373489379883,1.40000009536743,155.272079467773,2.40000009536743,0.0366384796142578,0.0608374737203121,0.1961759775877,0.925000011920929,9,2001,2892.69116210938,110.116516113281,147.286636352539,127,140.818923950195,117.47868347168,145.105545043945,201.145706176758,156.263870239258,158.317459106445,155.476608276367,159.423004150391,149.668655395508,157.322021484375,356.205505371094,190.915145874023,279.068695068359,174.875,317.728454589844,172.170959472656,210.841690063477,192.385345458984,201.437301635742,176.598922729492,203.958602905273,362.259063720703,61.5399627685547,195.717330932617,123.814788818359,249.32389831543,60.7766914367676,325.573455810547,39.2971992492676,225.771331787109,125.036430358887,294.076995849609,63.8801918029785,67.5931243896484,77.1165161132812,81.9244689941406,77.935432434082,79.9244689941406,77.935432434082,81.5732650756836,418.318298339844,407.942687988281,403.552581787109,395.776275634766,408.795745849609,401.373138427734,408.691833496094,381.215637207031,404.062072753906,402.786407470703,414.786407470703,394.849334716797,495.908905029297,101.534217834473,267.324584960938,148.217544555664,358.888519287109,88.5712203979492,2.57296858699432
99.7085049608463,38.7488297804956,236.200004816055,-2.7215735912323,-13.2416296005249,-110.96314239502,941.905090332031,2.55420923233032,-9.38212966918945,11.9363384246826,7.25418758392334,-12.0794363021851,8.42445468902588,-14.6939725875854,331.703430175781,117.784202575684,0.300000011920929,129.923110961914,251.588363647461,1.40000009536743,157.070861816406,2.40000009536743,0.0384017761230469,0.0614374428987503,0.202592581510544,1.02499997615814,9,2001,3027.53735351562,109.647796630859,147.26921081543,127,140.9453125,116.729827880859,145.24186706543,212.064697265625,168.417861938477,171.528198242188,169.798370361328,172.797409057617,163.176956176758,147.462295532227,344.982513427734,193.568664550781,272.294616699219,167.812210083008,309.969757080078,162.262466430664,199.152114868164,186.403030395508,194.753311157227,162.205841064453,197.941452026367,376.867645263672,57.5072212219238,204.788375854492,131.248977661133,263.096252441406,65.573844909668,393.899475097656,32.8070297241211,241.684783935547,148.994598388672,334.220703125,60.9414558410645,81.200080871582,76.6477966308594,82.2965545654297,77.6477966308594,80.2965545654297,77.6477966308594,81.6204528808594,420.841125488281,420.225494384766,400.755249023438,394.569030761719,414.870391845703,400.269226074219,415.923767089844,380.622375488281,412.841735839844,410.677673339844,422.896423339844,401.789337158203,546.071105957031,81.0923690795898,264.675262451172,150.829086303711,380.772369384766,81.8399200439453,2.57320041729454
99.7174881136875,38.7488297804956,261.700004339218,-3.2260856628418,-12.9703550338745,-105.164947509766,944.692199707031,2.16254711151123,-10.1765956878662,12.3391427993774,6.8255672454834,-12.5430669784546,7.96324157714844,-15.2114496231079,334.315704345703,117.757255554199,0.300000011920929,128.921569824219,252.108215332031,1.40000009536743,158.389694213867,2.40000009536743,0.0401650726318359,0.0620374120771885,0.202592581510544,1.69999992847443,10,2001,3156.11499023438,109,145.933380126953,127,139.933380126953,117.599922180176,143.400085449219,222.266448974609,179.733154296875,185.333068847656,182.733154296875,185.266448974609,176.799758911133,159.199035644531,323.467498779297,192.800155639648,270.533294677734,174.73274230957,308.066619873047,157.666534423828,192.066619873047,186.199844360352,194.266448974609,155.666534423828,195.066619873047,410.932189941406,52.4666938781738,208.533309936523,137.199844360352,280.199432373047,71.6665344238281,443.333068847656,32.8663749694824,246.200241088867,167.799758911133,356.266845703125,58.0666122436523,88.9333877563477,76,81.4666900634766,77,79.4666900634766,77,80.4666900634766,424.666534423828,427.533294677734,401.199829101562,398.333068847656,420.133239746094,398.933380126953,417.200225830078,380.400085449219,412.600311279297,407.400482177734,423.666931152344,406,623.997619628906,79.2656555175781,277.665344238281,183.331466674805,398.199432373047,93.798957824707,2.57343224759476
99.7264712665287,38.7488297804956,279.300004243851,-3.61659073829651,-12.7603693008423,-100.172065734863,948.633422851562,1.90568649768829,-10.834077835083,12.739764213562,6.48428153991699,-12.9248094558716,7.61932992935181,-15.6559553146362,336.364318847656,118.482955932617,0.300000011920929,128.733932495117,253.137496948242,1.40000009536743,159.034027099609,2.40000009536743,0.0417214538574219,0.0625793784856796,0.202592581510544,1.92499995231628,10,2001,3215.04345703125,110.562118530273,145,127,139.781051635742,119.781059265137,142,227.171585083008,183.390533447266,188.828414916992,184.437881469727,188.218948364258,180.218948364258,165.065185546875,331.260162353516,184.532592773438,278.810577392578,175.236770629883,327.354858398438,156.875762939453,191.437881469727,185.875762939453,192.142059326172,154.485244750977,194.047348022461,421.236785888672,52.7810592651367,208.218948364258,145.857940673828,288.437896728516,75.9526443481445,440.189422607422,40.7337036132812,257.230621337891,173.171585083008,350.266296386719,62.514762878418,88.7810592651367,76,81.3905258178711,77.3905258178711,79.3905258178711,77.3905258178711,80.3905258178711,425.828399658203,426.828399658203,402.04736328125,401.828399658203,421.218933105469,399.562103271484,417.295806884766,381.733703613281,412.467407226562,406.029510498047,423.686340332031,406,657.017822265625,97.7810592651367,306.076873779297,211.31364440918,399.017822265625,113.562118530273,2.57366407789498
99.7354544193699,38.7488297804956,290.100008249283,-3.88519287109375,-12.6524028778076,-97.8229598999023,950.750183105469,1.67892396450043,-11.2574634552002,12.9363880157471,6.24263048171997,-13.1778678894043,7.36949872970581,-15.9410915374756,339.524536132812,120.601715087891,0.300000011920929,129.338912963867,255.91178894043,1.40000009536743,159.88232421875,2.40000009536743,0.0422213745117187,0.0628251582384109,0.202592581510544,1.92499995231628,10,2001,3255.33374023438,112.09008026123,144.752227783203,126.752227783203,140.297271728516,120.297271728516,142,224.229370117188,184.391937255859,186.319702148438,182.909912109375,185.720565795898,180.198272705078,148.67073059082,348.449920654297,181.166870117188,283.724945068359,164.07649230957,337.751495361328,156.793075561523,197.83854675293,186.784149169922,191.987014770508,157.613204956055,197.959976196289,425.1904296875,55.0316581726074,205.968338012695,150.472839355469,282.697845458984,79.4731063842773,439.982666015625,42.7882194519043,273.243255615234,174.936981201172,354.406005859375,65.8287963867188,88.3061904907227,75.008918762207,80.1620178222656,76.4097900390625,78.4097900390625,76.4097900390625,79.4097900390625,420.098693847656,415.152221679688,395.058135986328,394.612091064453,413.021881103516,395.886932373047,423.108215332031,387.009216308594,419.054138183594,413.400909423828,429.261322021484,405.504455566406,659.257751464844,103.004890441895,311.909973144531,209.702987670898,397.789001464844,119.054397583008,2.5738959081952
99.7444375722111,38.7488297804956,290.100008249283,-3.86595892906189,-12.7259283065796,-98.3653793334961,953.080383300781,1.67629504203796,-11.264274597168,12.9405698776245,6.27228307723999,-13.1670637130737,7.40779733657837,-15.9607124328613,340.974395751953,121.847152709961,0.300000011920929,129.925735473633,257.592529296875,1.40000009536743,160.216506958008,2.40000009536743,0.0427212982177734,0.0630709379911423,0.202592581510544,2.02500009536743,10,2001,3200.87524414062,110.967613220215,144.351409912109,126.246376037598,139.387725830078,119.282699584961,141.894973754883,215.329772949219,185.402221679688,184.510650634766,183.927352905273,183.213455200195,181.804428100586,141.637512207031,335.936187744141,187.199310302734,276.539306640625,165.677047729492,319.610534667969,164.162994384766,211.052200317383,193.656799316406,202.667892456055,171.732131958008,207.023223876953,451.661407470703,57.9781684875488,202.496688842773,143.540878295898,273.960479736328,81.1742630004883,450.792938232422,39.7430686950684,266.334747314453,173.443008422852,363.690765380859,62.6564636230469,85.1631774902344,73.3005981445312,77.0397262573242,73.7933502197266,75.6883239746094,73.7933502197266,76.7933502197266,411.923614501953,397.042266845703,387.535369873047,385.292388916016,400.035461425781,388.237640380859,423.913391113281,391.905517578125,419.702819824219,412.039733886719,428.232421875,404.492767333984,683.102294921875,107.715484619141,306.697784423828,208.847869873047,413.081176757812,122.454612731934,2.57412773849542
99.7624038778935,38.7488297804956,251.10000371933,-3.19372153282166,-13.4158010482788,-108.908798217773,963.382751464844,1.93420851230621,-10.3947086334229,12.3289165496826,6.90974807739258,-12.6239948272705,8.09837436676025,-15.5065145492554,336.484771728516,119.989616394043,0.300000011920929,129.946243286133,254.602737426758,1.40000009536743,158.389068603516,2.40000009536743,0.043721142578125,0.0635624974966049,0.20817606151104,1,9,2001,2885.53198242188,106.468109130859,145.468109130859,125.531890869141,139.404342651367,117.468109130859,141.936218261719,210,178.446441650391,182.850769042969,181.446441650391,184.723220825195,175.382659912109,135.510208129883,368.127563476562,180.169647216797,285.808685302734,162.488540649414,340.191314697266,177.894119262695,194.617340087891,179.872451782227,189.681121826172,184.298461914062,186.276779174805,402.190063476562,62.4043350219727,198.276779174805,124.681121826172,258.850769042969,71.7232208251953,404.08544921875,33.4043350219727,230.255111694336,145.573989868164,330.957885742188,54.5535659790039,79.127555847168,76.4043350219727,79.872444152832,76.872444152832,78.3405609130859,76.4043350219727,79.872444152832,406.510223388672,400.765319824219,398.191314697266,397.786987304688,401.510223388672,405.978332519531,415.595672607422,404.617340087891,421.468109130859,412.063781738281,414.191314697266,407.276794433594,612.528137207031,74.6594390869141,260.191314697266,151.639022827148,357.423492431641,84.9145431518555,2.57459139909586
99.8522354063054,38.7488297804956,314.500004053116,-3.95625567436218,-13.3112850189209,-105.1044921875,972.461120605469,1.41758596897125,-11.2553472518921,12.6729326248169,6.45410823822021,-13.4715814590454,7.49527502059937,-16.3835754394531,343.492218017578,121.622970581055,0.421395182609558,128.600051879883,258.332946777344,2.1662905216217,160.822525024414,4.09255695343018,0.0493922607421875,0.0666218101978302,0.218558132648468,1.27499997615814,10,2001,3164.51635742188,113.97240447998,146.634048461914,128.662155151367,141.661636352539,122.986457824707,143.648101806641,263.835479736328,207.849014282227,219.090026855469,212.48356628418,228.471572875977,203.48356628418,179.870422363281,260.02294921875,215.856369018555,228.518524169922,189.910522460938,243.207229614258,155.689743041992,179.915161132812,164.478393554688,171.350875854492,150.08381652832,171.420104980469,451.311798095703,58.3654403686523,207.787094116211,152.678787231445,283.442962646484,84.380012512207,408.2294921875,54.3393936157227,270.293121337891,172.227981567383,336.434692382812,67.0150833129883,86.9869766235352,75.3378448486328,79.013542175293,77.3378448486328,78.3237915039062,77.3378448486328,78.6616363525391,335.773529052734,304.561126708984,314.531494140625,312.787078857422,324.167602539062,309.182159423828,508.536712646484,514.875610351562,520.990112304688,516.199890136719,525.114562988281,519.397705078125,606.494018554688,160.136840820312,340.861419677734,274.575103759766,398.460723876953,174.118133544922,2.57690970209806
99.8612185591466,38.7488297804956,273.299992084503,-3.64345574378967,-13.5826501846313,-109.812042236328,973.257446289062,1.58611166477203,-10.7836256027222,12.3697376251221,6.75454616546631,-13.1763315200806,7.80177402496338,-16.1046619415283,340.173553466797,121.375762939453,0.314720094203949,129.64176940918,257.139404296875,1.74482691287994,159.555969238281,2.99766540527344,0.0458171203613281,0.0651277154684067,0.208824828267097,1.22500002384186,10,2001,3085.4169921875,113.055824279785,145.375854492188,128.156723022461,142.10090637207,121.860610961914,142.571075439453,249.809219360352,195.924697875977,203.568923950195,198.746810913086,208.627502441406,189.356369018555,189.178955078125,277.250427246094,223.617218017578,238.116546630859,205.298263549805,257.057983398438,161.76220703125,183.481994628906,167.185882568359,175.879013061523,154.848526000977,178.743453979492,450.018737792969,60.5683174133301,216.62663269043,144.898025512695,267.695159912109,82.6958847045898,390.522430419922,51.0346641540527,278.492401123047,164.608489990234,337.918853759766,65.8925170898438,83.7451324462891,76.0384902954102,80.7250442504883,77.8432769775391,79.0384902954102,77.8432769775391,80.0769882202148,339.942840576172,312.135314941406,326.724792480469,320.815277099609,329.76220703125,314.403686523438,498.294952392578,504.225982666016,506.089324951172,504.148986816406,515.232543945312,506.852874755859,598.379943847656,132.002288818359,295.393341064453,240.500549316406,398.815093994141,156.616744995117,2.57714153239828
99.8702017119878,38.7488297804956,339.100003242493,-3.53354978561401,-13.6772909164429,-111.140808105469,973.232055664062,1.71708595752716,-10.5892086029053,12.3062944412231,6.90485143661499,-13.0832042694092,7.9427318572998,-15.96715259552,338.857177734375,121.327033996582,0.300000011920929,130.274688720703,257.175384521484,1.43776440620422,159.500930786133,2.53846907615662,0.0422419799804688,0.0636336207389832,0.208824828267097,1.35000002384186,10,2001,3019.00170898438,113.838836669922,143.197509765625,128.105209350586,140.898132324219,122.401245117188,140.845520019531,240.993759155273,188.779998779297,196.391677856445,191.691040039062,199.796264648438,181.237197875977,190.684844970703,287.269256591797,220.869430541992,242.118606567383,208.369201660156,264.239593505859,175.794876098633,190.479217529297,174.143966674805,180.45002746582,164.804901123047,183.696807861328,460.465850830078,62.1214752197266,229.726486206055,143.401245117188,264.483978271484,78.2400588989258,379.265869140625,51.8550987243652,281.841705322266,161.003341674805,331.125274658203,70.1640548706055,82.1415557861328,76.5428009033203,81.4375915527344,77.7895736694336,79.4901962280273,77.7895736694336,81.1382141113281,352.659515380859,328.162658691406,344.057434082031,339.646148681641,345.425689697266,332.418975830078,471.545593261719,481.358154296875,481.798583984375,480.851196289062,489.769409179688,483.884216308594,588.839721679688,117.135803222656,273.806762695312,228.053558349609,376.569976806641,142.912460327148,2.57737336269851
99.879184864829,38.7488297804956,302.599996328354,-3.47421526908875,-13.6992502212524,-111.279243469238,972.386047363281,1.84070014953613,-10.469874382019,12.3105745315552,6.992591381073,-13.0294036865234,8.02355670928955,-15.8746557235718,338.304168701172,121.320739746094,0.300000011920929,130.643783569336,257.466461181641,1.40000009536743,159.7666015625,2.40000009536743,0.0398969390869141,0.0626637488603592,0.208824828267097,1.29999995231628,10,2001,3026.20458984375,112.210052490234,142,129.115982055664,140,123,139.442016601562,238,183.652069091797,193.884017944336,188.884017944336,198,177.326034545898,178.050262451172,292.789947509766,203.818313598633,236.746139526367,192.702331542969,272.811859130859,189.137878417969,207.62370300293,184.81184387207,191.043807983398,178.485824584961,193.485824584961,477.159790039062,66.4639129638672,229.630157470703,144,252.934280395508,84.0438079833984,398.341491699219,53.557991027832,289.927825927734,161.115982055664,332.811859130859,74.6739654541016,80.3260345458984,75.3260345458984,79.2100524902344,75.7680435180664,77.7680435180664,75.7680435180664,79.2100524902344,377.645599365234,354.645599365234,369.529632568359,364.181701660156,374.435546875,361.203582763672,433.216522216797,437.730682373047,445.658508300781,445.216522216797,447.07861328125,445.310577392578,649.002502441406,102.724235534668,262.746124267578,209.354400634766,380.319580078125,123.260322570801,2.57760519299873
99.8881680176702,38.7488297804956,331.60001039505,-3.57552862167358,-13.5896110534668,-109.688415527344,970.664306640625,1.8906524181366,-10.4988126754761,12.3894643783569,6.93454885482788,-13.1223745346069,7.96455478668213,-15.9176301956177,340.161437988281,121.258720397949,0.300000011920929,130.060455322266,258.145629882812,1.40000009536743,160.713088989258,2.40000009536743,0.0389623077392578,0.0622949413955212,0.208824828267097,1.02499997615814,10,2001,3061.6279296875,110,142.830749511719,130,140,123,139.830749511719,238,183.907608032227,193.415374755859,188.415374755859,197.169250488281,179.322982788086,166.584625244141,296.661499023438,203.876571655273,240.968963623047,180.246124267578,281.907623291016,184.861785888672,214.600143432617,186.846267700195,196.507751464844,178.52326965332,201,454.431610107422,63.3540229797363,215.52326965332,135.692535400391,248.89208984375,85.7693939208984,419.584625244141,47.3540229797363,277.477447509766,162.830749511719,333.600158691406,71.8462677001953,80.661491394043,75.2461242675781,79.0768661499023,76.0768661499023,77.661491394043,75.661491394043,79.0768661499023,399.399841308594,380.553588867188,387.907623291016,380.738372802734,395.492248535156,384.230590820312,415.322998046875,405.261627197266,424.830749511719,422.753875732422,425.984497070312,414.769409179688,675.939392089844,112.522552490234,258.246124267578,210.861053466797,385.538787841797,132.43017578125,2.57783702329895
99.8971511705114,38.7488297804956,328.099995851517,-3.50645518302917,-13.6134128570557,-110.24730682373,970.40576171875,1.98792850971222,-10.3601722717285,12.3481006622314,7.01942873001099,-13.0645666122437,8.06141185760498,-15.8297481536865,339.706573486328,121.516082763672,0.300000011920929,130.398239135742,258.196868896484,1.33229875564575,160.382858276367,2.40000009536743,0.0380276794433594,0.0619261339306831,0.206984311342239,1.02499997615814,10,2001,3054.88305664062,110.545555114746,144.65966796875,130,141.091110229492,123,141.932434082031,234.453918457031,186.080810546875,193.102340698242,187.829559326172,193.976455688477,182.819793701172,169.898193359375,302.228759765625,219.267959594727,256.642150878906,185.03532409668,287.081329345703,174.290832519531,206.394653320312,181.247756958008,192.112106323242,169.700729370117,200.181671142578,415.210815429688,57.1787261962891,208.882934570312,128.859924316406,259.856597900391,79.8266220092773,394.529510498047,40.905948638916,252.910232543945,161.113586425781,318.575256347656,68.4299621582031,79.9549179077148,77.034782409668,81.6033477783203,78.6033477783203,79.6826782226562,77.955451965332,81.6033477783203,405.423156738281,392.720947265625,390.353576660156,384.467681884766,396.887359619141,391.537261962891,419.638122558594,401.532318115234,427.477996826172,423.420196533203,433.411895751953,408.281066894531,588.406005859375,124.814865112305,260.307556152344,220.041076660156,366.833831787109,146.350112915039,2.57806885359917
99.6905386551639,38.7398466276544,330.599993467331,-2.65798711776733,-13.2680425643921,-107.574195861816,956.902160644531,2.53469657897949,-9.80682754516602,12.3415241241455,7.31171655654907,-12.0852184295654,8.52797412872314,-14.9010047912598,332.506134033203,117.659729003906,0.300000011920929,129.797439575195,252.178909301758,1.40000009536743,158.060501098633,2.40000009536743,0.037841162109375,0.0605129636824131,0.199866965413094,1.04999995231628,9,2001,2786.80102539062,107.78987121582,145.667083740234,126.211387634277,142.035186767578,117.667083740234,142.018218994141,199.840759277344,163.13948059082,161.525817871094,159.718978881836,164.578231811523,157.191635131836,152.492614746094,335.609985351562,193.895629882812,289.43994140625,167.387786865234,323.251800537109,180.155456542969,198.703536987305,192.384796142578,194.613418579102,184.558746337891,197.964553833008,410.334106445312,59.1934242248535,185.739715576172,115.072891235352,261.971038818359,66.1225204467773,397.879211425781,27.9478492736816,215.914184570312,144.296463012695,321.807830810547,48.4924125671387,76.1579742431641,69.3172073364258,74.7729110717773,70.2820205688477,73.1240463256836,70.1240463256836,73.9660720825195,406.737182617188,397.702728271484,394.630645751953,393.087341308594,398.333923339844,396.455444335938,412.949371337891,403.593719482422,413.633422851562,412.299255371094,417.107360839844,405.580017089844,653.078796386719,78.4492797851562,263.376922607422,154.921676635742,372.447479248047,93.1515502929688,2.57333333333333
99.7264712665287,38.7398466276544,330.900013446808,-3.56486701965332,-12.9205188751221,-99.4024047851562,961.703186035156,1.87855887413025,-11.1231336593628,13.0016927719116,6.54289770126343,-12.9540596008301,7.72042369842529,-15.8358812332153,339.075714111328,119.83895111084,0.300000011920929,129.205337524414,255.862731933594,1.40000009536743,160.601409912109,2.40000009536743,0.0432179595947266,0.0623555257916451,0.207854062318802,1.69999992847443,10,2001,3200.9521484375,108.538368225098,144.648696899414,126,140.533294677734,117.884590148926,141.533294677734,207.225784301758,172.769180297852,176.599868774414,173.825607299805,180.253646850586,165.702606201172,145.549133300781,354.122283935547,185.177551269531,278.584625244141,159.936584472656,336.048156738281,155.571960449219,185.897872924805,177.807861328125,179.274566650391,151.638549804688,184.918182373047,410.623352050781,54.525691986084,211.625259399414,150.348175048828,281.735626220703,73.8922271728516,441.59228515625,35.7279930114746,235.215576171875,176.525085449219,337.390014648438,61.5307693481445,92.9099426269531,74.7691879272461,80.0050811767578,76.0050811767578,79.0050811767578,76.0050811767578,79.8896713256836,427.627777099609,415.530151367188,400.984161376953,393.043151855469,419.730499267578,395.981628417969,416.915679931641,398.571960449219,421.856689453125,427.682281494141,428.218139648438,419.100189208984,658.018859863281,105.896095275879,307.439666748047,206.652648925781,430.991760253906,128.624649047852,2.57426086956522
99.7354544193699,38.7398466276544,287.600010633469,-3.85303092002869,-12.7557964324951,-97.0946502685547,961.001281738281,1.66030359268188,-11.4777088165283,13.1380128860474,6.29046010971069,-13.2238206863403,7.44703245162964,-16.0864562988281,340.403350830078,120.003837585449,0.300000011920929,129.107147216797,256.888580322266,1.40000009536743,161.733596801758,2.40000009536743,0.0439696563720703,0.0627062320709229,0.207854062318802,1.65000009536743,10,2001,3211.87890625,109,144.164932250977,125.813591003418,140.25813293457,117.813591003418,141.25813293457,211.894790649414,173,175.681213378906,172.032562255859,179.7744140625,166.48371887207,143.831298828125,336.147644042969,186.690673828125,274.616821289062,160.020553588867,326.439544677734,154.25813293457,180.917892456055,176.906799316406,178.928268432617,149.960830688477,182.978530883789,414.795166015625,57.1753158569336,215.881759643555,158.053314208984,292.081390380859,79.1427536010742,445.089630126953,40.0066146850586,234.545272827148,183.014144897461,344.894989013672,64.637565612793,90.6066360473633,75,80.6486587524414,76.6486587524414,79.5554504394531,76.6486587524414,80.6486587524414,426.079071044922,419.773498535156,400.749176025391,395.462249755859,419.415557861328,399.315032958984,419.662811279297,399.30859375,422.602142333984,425.609497070312,431.014129638672,417.706451416016,639.994384765625,117.791412353516,339.120880126953,228.653854370117,431.839752197266,135.136138916016,2.57449275362319
99.7444375722111,38.7398466276544,303.400009870529,-3.63456678390503,-13.0011920928955,-100.043312072754,966.652526855469,1.75373804569244,-11.2440042495728,12.9977426528931,6.51265430450439,-13.0512294769287,7.69342565536499,-15.9713878631592,340.01904296875,120.16357421875,0.300000011920929,129.308090209961,256.817321777344,1.40000009536743,161.207946777344,2.40000009536743,0.0447213531494141,0.0630569383502007,0.207854062318802,1.42500007152557,10,2001,3163.23681640625,109,143.400848388672,124.801704406738,140,116.801704406738,141,207.413665771484,173,174.400848388672,171,179,167,140.805969238281,339.172668457031,183.21110534668,268.008544921875,155.012802124023,325.788909912109,154,177.603408813477,176.400848388672,180.198287963867,150.198287963867,181.202560424805,423.189758300781,60.9957313537598,223.987197875977,166.189758300781,302.788909912109,83.9957275390625,455.98291015625,40.8017082214355,243.383773803711,191.388046264648,354.590606689453,67.1982955932617,93.5906066894531,75,80.4008560180664,76.4008560180664,78.8017044067383,76.4008560180664,80.4008560180664,418.211090087891,412.215362548828,394.409393310547,394.202575683594,410.814514160156,396.805969238281,427.788909912109,410.181213378906,429.189758300781,425.599151611328,439.388061523438,421.991455078125,683.505249023438,122.396583557129,340.422210693359,243.987197875977,443.176940917969,139.194030761719,2.57472463768116
99.7534207250523,38.7398466276544,303.400009870529,-3.27465462684631,-13.3274660110474,-104.61946105957,972.310791015625,1.93401968479156,-10.8084106445312,12.7424297332764,6.86869812011719,-12.7513427734375,8.06394481658936,-15.7325468063354,339.500854492188,120.087463378906,0.300000011920929,129.405685424805,256.585601806641,1.40000009536743,160.76106262207,2.40000009536743,0.0454730499267578,0.0634076446294785,0.217973262071609,1.27500009536743,10,2001,3084.81811523438,107.174194335938,143,124,138.630645751953,116.456451416016,140.087097167969,203.282257080078,174.825805664062,177.651611328125,175.564498901367,180.369354248047,170.195159912109,148.49836730957,340.132293701172,193.975769042969,273.128997802734,168.627380371094,317.306488037109,163.129013061523,190.606414794922,180.564498901367,187.846755981445,161.041915893555,188.672561645508,440.324157714844,61.1741981506348,224.522598266602,152.741973876953,301.153228759766,90.1080551147461,460.348388671875,37.7177467346191,245.522598266602,182.393585205078,355.348388671875,59.7838897705078,90.2403411865234,75,79.5435485839844,76,77.5435485839844,76,79.0870971679688,405.69677734375,400.435485839844,388.630645751953,388.435485839844,396.69677734375,390.804840087891,431.174194335938,409.41455078125,430.348388671875,423.261291503906,442.261291503906,420.522583007812,753.104797363281,120.804847717285,321.327453613281,240.414535522461,442.132293701172,136.522598266602,2.57495652173913
99.7893533364171,38.7398466276544,295.899987220764,-4.19004344940186,-12.7177486419678,-98.2234420776367,960.633850097656,1.24983608722687,-11.701961517334,12.9517974853516,6.01231336593628,-13.5964612960815,7.13172483444214,-16.4019641876221,346.397583007812,121.537933349609,0.300000011920929,128.14762878418,259.559875488281,1.40000009536743,163.116592407227,2.40000009536743,0.0506257232666016,0.0656605288386345,0.219342797994614,1.60000002384186,10,2001,3325.79418945312,107.137031555176,145.534255981445,127,140,117.068519592285,142.465744018555,192.671295166016,168.274063110352,169.342590332031,168.411102294922,169.274063110352,164.342590332031,140.191665649414,345.766693115234,188.725936889648,282.712036132812,164.86296081543,330.588897705078,171.397216796875,196.13703918457,186.931488037109,194.068511962891,165.260192871094,202.205551147461,407.849090576172,58.5342597961426,215,150.287948608398,277.739807128906,78.2740707397461,446.753692626953,33.6027755737305,258.973114013672,162.068511962891,355.068511962891,58.3972244262695,86.7398147583008,75.1370315551758,79.6712951660156,75.6712951660156,78.6712951660156,75.6712951660156,79.1370315551758,401.79443359375,404.397216796875,385.534271240234,387.465728759766,402.862976074219,386.79443359375,425.808319091797,399.931488037109,428.068511962891,418,431.876861572266,411,691.398132324219,106.096282958984,283.384246826172,200.53515625,408.588897705078,135.452758789062,2.57588405797101
99.8252859477819,38.7398466276544,324.999988079071,-4.23217821121216,-13.0183973312378,-99.2984848022461,975.154602050781,1.23449063301086,-11.8766078948975,13.1110982894897,6.06415891647339,-13.7691793441772,7.19092416763306,-16.7040901184082,348.260772705078,121.825813293457,0.5,127.688163757324,260.643737792969,1.87739109992981,163.970840454102,3.18248796463013,0.0588460998535156,0.0691263824701309,0.23881009221077,2.02499985694885,10,2001,3291.56713867188,108.224052429199,144.387969970703,124.387969970703,139.387969970703,118.612030029297,141.163925170898,247.300689697266,197.420959472656,207.64501953125,204.093124389648,212.481094360352,195.64501953125,144.688659667969,317.994171142578,181.568389892578,267.207550048828,164.732299804688,317.158081054688,169.431610107422,180.906875610352,179.47526550293,184.923370361328,158.491760253906,181.846740722656,480.103790283203,64,225.775939941406,173.508239746094,308.661499023438,88.2240524291992,461.524749755859,50.8962211608887,271.551879882812,193.956359863281,362.180419921875,76.3879699707031,87.6721649169922,75.2240524291992,79.2240524291992,76.2240524291992,77.6120300292969,76.8360824584961,79.2240524291992,401.147430419922,374.742950439453,378.639190673828,372.639190673828,405.415130615234,371.147430419922,429.420959472656,443.962188720703,441.273529052734,442.437469482422,436.093139648438,447.393798828125,710.672180175781,117.939865112305,300.016479492188,236.601379394531,445,135.836074829102,2.5768115942029
99.834269100623,38.7398466276544,333.200007677078,-4.38225698471069,-12.9542808532715,-98.5763244628906,973.611206054688,1.13459658622742,-12.0078067779541,13.1424036026001,5.93941497802734,-13.9112462997437,7.05414342880249,-16.8085651397705,349.589935302734,121.900688171387,0.5,126.980819702148,260.783416748047,2.30000019073486,163.938232421875,4.73205423355103,0.0559617248535156,0.067966103553772,0.23881009221077,1.89999997615814,10,2001,3350.595703125,109.938827514648,144.46940612793,126.347061157227,139.46940612793,120.408241271973,140.938827514648,266.857666015625,211.46940612793,226.694122314453,223.755294799805,235.510604858398,211.408233642578,167.61296081543,268.998779296875,197.796493530273,237.529373168945,179.327072143555,261.835235595703,160.244705200195,166.408233642578,169.46940612793,176.46940612793,153.591766357422,164.938827514648,485.918853759766,64.4694137573242,222.652938842773,180.285888671875,326.714111328125,90.8776473999023,463.081146240234,56.8164749145508,271.408233642578,197.591766357422,360.958801269531,76.4694137573242,91.8776473999023,75.5305862426758,79.5305862426758,77,78,77.5305862426758,79.0611724853516,386.42822265625,361.408233642578,361.836456298828,359.591766357422,385.019989013672,360.652923583984,453.327087402344,472.183532714844,468.163543701172,463.938812255859,461.388244628906,474.408233642578,671.691711425781,139.470626831055,322.021209716797,296.369476318359,416.835235595703,166.572998046875,2.57704347826087
99.8432522534642,38.7398466276544,311.199992895126,-4.23339748382568,-13.0692825317383,-100.858787536621,972.542297363281,1.20770967006683,-11.7527961730957,12.9605054855347,6.094886302948,-13.7573690414429,7.20228576660156,-16.6490459442139,348.300842285156,122.659423828125,0.427060008049011,128.068176269531,261.08349609375,2.180415391922,163.182495117188,4.09255218505859,0.0530773498535156,0.0668058320879936,0.23881009221077,1.67499995231628,10,2001,3269.78881835938,110.623138427734,144.974975585938,128.548080444336,140.628616333008,121.271301269531,141.949951171875,278.128173828125,209.687271118164,226.520721435547,223.224395751953,239.351043701172,210.310409545898,176.391677856445,261.220520019531,206.483154296875,228.918716430664,188.8154296875,249.149383544922,157.507446289062,172.173538208008,171.282241821289,177.628616333008,154.689590454102,170.852188110352,492.910064697266,71.5112991333008,223.066452026367,183.17121887207,315.004760742188,100.743492126465,451.841339111328,58.8694190979004,287.631652832031,191.499649047852,368.735687255859,76.3213424682617,94.2267303466797,75.0250244140625,79.3518371582031,77,78,77.0250244140625,78.3768615722656,381.638031005859,365.866271972656,357.909332275391,359.055511474609,377.079010009766,359.432373046875,460.854553222656,462.286987304688,470.456604003906,463.315887451172,468.231384277344,470.042236328125,637.333251953125,150.695816040039,327.741180419922,309.454223632812,396.305816650391,182.409622192383,2.57727536231884
99.8522354063054,38.7398466276544,285.699993371964,-4.02424144744873,-13.2237167358398,-104.190452575684,971.187133789062,1.3003294467926,-11.3940658569336,12.6943950653076,6.28928184509277,-13.5390558242798,7.37849950790405,-16.4475078582764,346.311096191406,123.804969787598,0.309248059988022,129.719131469727,261.424346923828,1.74450135231018,162.069458007812,2.81386184692383,0.0501929748535156,0.0656455606222153,0.219374179840088,1.52499997615814,10,2001,3286.77490234375,110.35188293457,144.263046264648,128.16764831543,140.927764892578,120.887992858887,141.263046264648,277.085388183594,206.357727050781,217.576843261719,215.79426574707,231.889678955078,205.788421630859,168.386032104492,294.389068603516,202.877258300781,257.687713623047,187.575164794922,281.948364257812,161.540283203125,177.715225219727,174.066375732422,178.480484008789,158.65885925293,177.748428344727,498.368774414062,78.5151290893555,228.596649169922,177.913589477539,296.295440673828,107.44947052002,448.101257324219,58.7925872802734,304.744750976562,183.241561889648,381.619293212891,78.4673233032227,91.700325012207,74.6315231323242,79.2796478271484,76.263053894043,77.4472885131836,76.263053894043,78.4638824462891,390.906341552734,378.413421630859,367.531280517578,366.945373535156,384.113037109375,368.698944091797,447.553375244141,444.519470214844,457.754211425781,454.574127197266,457.228118896484,454.200775146484,660.383422851562,133.524871826172,309.416748046875,267.354248046875,404.996337890625,160.319869995117,2.57750724637681
99.8612185591466,38.7398466276544,285.699993371964,-4.03989171981812,-13.2091121673584,-104.272315979004,967.972534179688,1.35375142097473,-11.3176078796387,12.6713590621948,6.29501247406006,-13.5313749313354,7.35173225402832,-16.4069347381592,345.411956787109,123.803726196289,0.300000011920929,130.195007324219,261.495086669922,1.4242342710495,162.176345825195,2.42423439025879,0.0473085998535156,0.0644852891564369,0.21285554766655,1.35000002384186,9,2001,3254.3486328125,110.648078918457,142.282653808594,128,139.199295043945,122.069267272949,139.282653808594,269.968322753906,205.523040771484,211.653076171875,211.6806640625,225.921646118164,202.805694580078,166.212799072266,324.849151611328,202.796279907227,278.031097412109,188.383926391602,310.127380371094,168.402114868164,176.944808959961,176.675674438477,178.310241699219,159.791610717773,178.53271484375,519.005737304688,72.8156890869141,231.513137817383,164.6123046875,275.09423828125,96.0989151000977,443.907318115234,61.5365562438965,295.992401123047,178.153198242188,359.725311279297,86.3507690429688,83.0657501220703,73.5371322631836,77.8473739624023,74.1992950439453,75.8473739624023,74.1576232910156,77.4954528808594,408.720275878906,401.826232910156,388.673614501953,385.308197021484,402.224822998047,389.798645019531,422.877593994141,421.539184570312,434.340454101562,436.381561279297,437.941864013672,431.978881835938,691.867370605469,134.707107543945,295.963897705078,257.804290771484,397.210113525391,154.555053710938,2.57773913043478
99.8702017119878,38.7398466276544,289.099991321564,-3.9871838092804,-13.2558574676514,-105.346801757812,965.276977539062,1.42584371566772,-11.1616926193237,12.5875358581543,6.36378288269043,-13.4635725021362,7.40729427337646,-16.298547744751,345.485412597656,123.802642822266,0.300000011920929,130.218383789062,261.658172607422,1.40000009536743,162.333694458008,2.40000009536743,0.0444242248535156,0.063325010240078,0.21285554766655,1.25,10,2001,3184.60180664062,110.452827453613,141.547180175781,128,137.452819824219,123,138.547180175781,261.075439453125,203.811309814453,207.264129638672,207.71696472168,220.71696472168,200.358474731445,164.811309814453,332.433929443359,208.471725463867,287.188690185547,185.075439453125,320.905639648438,173.641525268555,176.094345092773,176.905654907227,178,157.264129638672,180.830215454102,500.339416503906,61.9810943603516,213.660247802734,147.056533813477,255.056533813477,84.2641372680664,426.490447998047,60.1697883605957,278.792388916016,179.830215454102,330.415008544922,87.075439453125,75.2641372680664,71.9056549072266,75.9056549072266,72.4528274536133,73.9056549072266,71.9056549072266,75.3584823608398,418.452819824219,417.188690185547,402.094360351562,398.188690185547,414.094360351562,404.735870361328,407.905639648438,406.716949462891,421,423.811309814453,428.094360351562,414.433929443359,708,131.698059082031,291,243.754592895508,398.943450927734,149.339584350586,2.57797101449275
99.600707126752,38.7308634748132,295.500010251999,-3.9660816192627,-12.5190591812134,-87.0654907226562,987.447021484375,1.84662890434265,-12.5338592529297,14.3804883956909,6.32568264007568,-13.5927925109863,7.48898792266846,-16.6190662384033,334.833312988281,115.906585693359,0.300000011920929,127.235336303711,250.162979125977,1.40000009536743,158.994400024414,2.40000009536743,0.0356120788574219,0.0557838976383209,0.192512199282646,2.04999995231628,10,2001,3285.24584960938,106.131874084473,143.472503662109,125.955085754395,138.955078125,115.131874084473,140.823211669922,205.638565063477,149.112167358398,159.597946166992,157.729827880859,158.910934448242,146.542633056641,175.214859008789,337.924865722656,218.623748779297,274.488677978516,193.345275878906,306.752075195312,155.71257019043,186.818893432617,184.34782409668,187.427597045898,157.046020507812,187.934616088867,427.491180419922,71.2274475097656,227.242172241211,162.030532836914,303.076110839844,86.8070449829102,432.471801757812,40.3999328613281,259.970123291016,167.360763549805,366.752410888672,77.1667251586914,87.7085952758789,74.5623397827148,80.0797653198242,76.2985992431641,78.9478912353516,76.9478912353516,80.0797653198242,426.517761230469,403.744537353516,396.711456298828,389.367950439453,419.882843017578,390.069366455078,417.769653320312,409.3046875,418.204437255859,423.204437255859,423.289947509766,422.127899169922,676.295104980469,107.228904724121,281.769317626953,207.160629272461,408.5048828125,124.566329956055,2.57161080830338
99.6096902795932,38.7308634748132,285.299986600876,-4.0125584602356,-12.4584121704102,-86.6075057983398,985.429016113281,1.84720742702484,-12.541111946106,14.3883190155029,6.27239274978638,-13.6210279464722,7.4314489364624,-16.6244659423828,336.73779296875,117.288032531738,0.300000011920929,127.728302001953,252.096969604492,1.40000009536743,159.646362304688,2.40000009536743,0.0377696502685547,0.057415559887886,0.201267376542091,1.70000004768372,10,2001,3229.15576171875,106.638374328613,141.446487426758,124.723243713379,137.723251342773,115.638374328613,139.084869384766,198.830261230469,156.704803466797,164.682662963867,163.321044921875,162.682662963867,154.066436767578,172.062728881836,344.915130615234,216.509216308594,275.169738769531,197.446487426758,314.937286376953,158.852401733398,188.638381958008,181.446487426758,184.169738769531,158.02214050293,187.553512573242,454.535064697266,80.5756530761719,229.361618041992,164,309.977844238281,99.0442886352539,460.110717773438,38.3616218566895,261.701110839844,170.468643188477,368.446502685547,76.0848693847656,87.9151306152344,75,79.7232437133789,75.7232437133789,78.0848693847656,76.0848693847656,79.7232437133789,419.232452392578,402.107025146484,400.107025146484,392.107025146484,412.147583007812,393.383758544922,421.915130615234,408.616241455078,418.723236083984,423.723236083984,429.830261230469,419.701110839844,688.047973632812,93.1475982666016,309.088592529297,206.191879272461,431.110717773438,111.254608154297,2.57184274614403
99.6456228909579,38.7308634748132,280.000001192093,-4.41293573379517,-12.1897392272949,-85.3042602539062,975.864807128906,1.5648627281189,-12.7309255599976,14.2957887649536,5.85947895050049,-13.9448051452637,7.00662231445312,-16.8306827545166,340.717559814453,117.753555297852,0.300000011920929,126.750427246094,253.624725341797,1.40000009536743,161.019790649414,2.40000009536743,0.0404868194580078,0.0602046251296997,0.201249524950981,1.92499995231628,10,2001,3416.0791015625,104.485679626465,144.28352355957,126.21614074707,139.9326171875,116.0673828125,142,191.079360961914,169.178741455078,169.595703125,169.312164306641,168.364898681641,165.678405761719,145.864013671875,338.481781005859,185.970794677734,269.049499511719,167.772537231445,314.054077148438,146.994766235352,187.967346191406,187.148086547852,187.998657226562,153.984680175781,187.685821533203,396.956512451172,59.3268280029297,223.165420532227,152.909881591797,295.973175048828,84.8431625366211,430.863708496094,40.2601127624512,250.919128417969,171.26936340332,365.561645507812,69.4762573242188,92.0293121337891,73.6344299316406,78.3509063720703,74.6344299316406,77,74.6344299316406,78.0673828125,407.3515625,397.339599609375,373.972686767578,373.891998291016,394.174163818359,380.555053710938,445.721038818359,414.976593017578,438.879211425781,438.825836181641,451.841156005859,431.759124755859,719.170166015625,80.2575531005859,270.532623291016,173.47770690918,419.751800537109,95.676513671875,2.57277049750667
99.6546060437991,38.7308634748132,232.800006866455,-4.88196325302124,-11.8169994354248,-82.0429840087891,965.620666503906,1.27443659305573,-13.138427734375,14.4128637313843,5.38626623153687,-14.2988443374634,6.50876665115356,-17.0952854156494,345.531860351562,119.266098022461,0.300000011920929,126.43238067627,256.478332519531,1.40779066085815,162.660018920898,2.40000009536743,0.0400686889648438,0.060208223760128,0.199866965413094,1.55000007152557,10,2001,3560.521484375,105.72119140625,144,125.42626953125,139.42626953125,116.57373046875,142,182.83642578125,169.705078125,166.5576171875,166.5576171875,166.27880859375,165.13134765625,161.195816040039,347.474609375,206.933120727539,279.6220703125,179.458511352539,319.01611328125,150.458511352539,177.5576171875,183.705078125,183.705078125,152,184,405.705078125,56.4101524353027,228.1474609375,153.5576171875,311,87.13134765625,431.6728515625,38.9838829040527,260.98388671875,179.41015625,374.57373046875,67.4101486206055,91.705078125,73.57373046875,78.57373046875,74.57373046875,77,74.57373046875,78.57373046875,409.72119140625,408.45849609375,380.7373046875,384.60595703125,400.31103515625,388.7373046875,440.39404296875,413.98388671875,435.5576171875,432.68896484375,447.68896484375,427.2626953125,712.42626953125,91.0322341918945,294.391632080078,196.343276977539,439.0322265625,109.327163696289,2.57300243534733
99.6635891966403,38.7308634748132,222.599998116493,-4.97661399841309,-11.7041234970093,-81.5536346435547,958.251708984375,1.19443011283875,-13.1618690490723,14.3562994003296,5.26553773880005,-14.3020248413086,6.38073587417603,-17.0598220825195,349.341613769531,121.397491455078,0.300000011920929,126.969314575195,259.638977050781,1.41092824935913,163.974517822266,2.40000009536743,0.0396505584716797,0.0602118261158466,0.199866965413094,1.64999997615814,10,2001,3489.33276367188,107,144,125,139,117,142,182.017028808594,169.724014282227,165.293014526367,164.862014770508,165.862014770508,164.724014282227,169.706985473633,362.465087890625,226.603073120117,297.6201171875,188.017028808594,328.034057617188,154.706985473633,180.172058105469,182,184.155029296875,155.448043823242,186.586029052734,412.6201171875,56.4480400085449,234.172058105469,152.293014526367,316.603057861328,87.5860290527344,433.051116943359,36,262.741058349609,179.448043823242,379.31005859375,67.0170364379883,93.0170364379883,74,78.5689926147461,75,77,75,78.5689926147461,416.172058105469,417.448028564453,390.172058105469,393.155029296875,407.586029052734,396.448028564453,429.68994140625,402.810913085938,427.827941894531,423.258941650391,436.965942382812,416.965942382812,705.103942871094,95.2759780883789,309.258941650391,195.362854003906,442.413970947266,111.827934265137,2.57323437318799
99.6725723494815,38.7308634748132,270.500004291534,-4.54107809066772,-12.0303611755371,-86.0926361083984,959.13330078125,1.45856893062592,-12.5189990997314,13.9775676727295,5.66075801849365,-13.8845357894897,6.79261684417725,-16.6839485168457,347.239166259766,120.187324523926,0.300000011920929,126.680000305176,257.986083984375,1.40166342258453,163.337493896484,2.40000009536743,0.0392324279785156,0.0602154284715652,0.199866965413094,1.82499992847443,10,2001,3318.00830078125,107,143.135101318359,125,138.711700439453,117,140.846817016602,186.714050292969,172.613952636719,167.676681518555,167.604309082031,167.451126098633,167.037353515625,170.206283569336,353.049438476562,225.112121582031,292.465545654297,193.290634155273,320.130249023438,155.494583129883,189.130157470703,181.423400878906,185.821426391602,160.651306152344,190.776779174805,422.745300292969,60.2098197937012,231.598251342773,148.045852661133,315.977020263672,85.4342346191406,448.871917724609,34.2702140808105,261.390777587891,178.020462036133,380.336486816406,69.1193695068359,93.3895797729492,74,78.0627365112305,74.7117004394531,76.7117004394531,74.7117004394531,78.0627365112305,413.886566162109,414.290679931641,391.922729492188,391.938446044922,403.704437255859,396.461944580078,430.681610107422,397.228118896484,426.653869628906,422.014556884766,435.644256591797,412.761260986328,688.931457519531,93.2509384155273,297.635833740234,178.234283447266,424.961547851562,105.46452331543,2.57346631102864
99.7354544193699,38.7308634748132,299.699991941452,-3.5875985622406,-13.0863094329834,-99.68603515625,975.6533203125,1.78293013572693,-11.3451290130615,13.1280584335327,6.60635137557983,-13.0964879989624,7.78811025619507,-16.0696182250977,341.371459960938,120.042678833008,0.300000011920929,128.908050537109,257.381256103516,1.40000009536743,162.319732666016,2.40000009536743,0.0457179382324219,0.0625873059034348,0.207854062318802,2.04999995231628,10,2001,3167.04541015625,109.174415588379,145.174423217773,126.587211608887,139.587203979492,118.587211608887,142,200.872085571289,176.110458374023,177.284881591797,176.697662353516,178.872085571289,170.110458374023,131.110458374023,329.505798339844,182.238372802734,265,144.412796020508,305.761627197266,152.302337646484,179.779083251953,172.779083251953,179.127914428711,148.540710449219,182.127914428711,399.523254394531,54.3488349914551,218.569747924805,160.110458374023,293.93603515625,75,452.284881591797,36.4592895507812,246.540710449219,172.156951904297,361.715118408203,60.2848739624023,93.6976699829102,75,80,76.4127883911133,78.4127883911133,76,79.4127883911133,417.93603515625,407.8720703125,396.93603515625,392.523254394531,410.93603515625,392.523254394531,429.761627197266,411.761627197266,429.8720703125,428.348846435547,439.93603515625,425.348846435547,708.616271972656,105.587211608887,315.843048095703,224.430252075195,406.523254394531,137.825576782227,2.57508987591326
99.7803701835759,38.7308634748132,301.600009202957,-3.97106838226318,-12.890266418457,-98.3416137695312,970.852844238281,1.43572902679443,-11.6771306991577,13.1128597259521,6.251877784729,-13.4515886306763,7.40149307250977,-16.35373878479,347.614593505859,122.182075500488,0.300000011920929,128.4130859375,260.966827392578,1.40000009536743,164.1611328125,2.40000009536743,0.0509419006347656,0.0648703947663307,0.219342797994614,2.22499990463257,10,2001,3322.14038085938,105.522636413574,144.477355957031,123.954727172852,139,116,141.477355957031,199.522644042969,165.839553833008,166.613189697266,167.703735351562,169.522644042969,164.703735351562,154.522644042969,339.160461425781,190.703735351562,279.045288085938,172.090545654297,320.296264648438,151.296264648438,192.386810302734,185.226364135742,189.181091308594,156.522644042969,186.090545654297,422.501983642578,62.2263641357422,217.407455444336,159.020645141602,281.679107666016,86.7696380615234,442.251007080078,40.5226364135742,251.679092407227,169.156463623047,352.658447265625,74.3169097900391,86.7490005493164,71.2263641357422,76.2263641357422,72.2263641357422,75.2263641357422,72.2263641357422,75.7490005493164,410.909454345703,389.045288085938,378.954711914062,374.954711914062,398.773620605469,375.954711914062,438.271636962891,419.045288085938,435.818908691406,435.864166259766,444.703735351562,437.477355957031,716.123168945312,93.8395462036133,320.563903808594,198.152465820312,420.498016357422,112.839546203613,2.57624956511655
99.7893533364171,38.7308634748132,314.399987459183,-4.47890758514404,-12.5247659683228,-93.6069717407227,965.240600585938,1.14432060718536,-12.2373676300049,13.381688117981,5.75678443908691,-13.9096727371216,6.87630081176758,-16.7533645629883,348.919921875,121.931816101074,0.300000011920929,127.884941101074,261.275909423828,1.40000009536743,164.87516784668,2.40000009536743,0.0522909790039063,0.0653342604637146,0.219342797994614,2.27500009536743,10,2001,3403.01025390625,106.380043029785,143.23991394043,123,138.23991394043,116,140.619964599609,202.280242919922,173.76008605957,170.140121459961,172.76008605957,171.520156860352,169.76008605957,142.838684082031,335.040313720703,180.558441162109,269.738891601562,158.038284301758,319.800415039062,150.420364379883,187.719757080078,189.23991394043,192.619964599609,156.23991394043,188,414.660278320312,68.1401214599609,220.299392700195,168.099792480469,294.479827880859,98.4395065307617,438.520172119141,39.4798355102539,267.900207519531,184.140121459961,359.800415039062,77.199592590332,94.2802429199219,75.6199569702148,81,77,80,77,80.6199569702148,406.719757080078,392.280242919922,376.85986328125,375.14013671875,394.380035400391,376.520172119141,442.85986328125,420,433.900207519531,432.239929199219,449.380035400391,435.479827880859,689.942565917969,94.9193420410156,331.218719482422,228.439514160156,438.600830078125,115.059471130371,2.57648150295721
99.7983364892583,38.7308634748132,303.299993276596,-4.08867835998535,-12.9108753204346,-97.492057800293,973.023864746094,1.36005508899689,-11.8847455978394,13.244800567627,6.14984178543091,-13.6044769287109,7.28033494949341,-16.5275249481201,348.162384033203,122.236228942871,0.30127677321434,128.238632202148,261.094207763672,1.42035686969757,164.16926574707,2.40510725975037,0.0536400512695313,0.0657981261610985,0.225471466779709,2.22499990463257,10,2001,3279.7939453125,106.885856628418,142.465759277344,123.47492980957,137.703216552734,116.237464904785,140.114151000977,207.452285766602,175.484100341797,173.082336425781,175.196487426758,174.493270874023,171.959030151367,130.927047729492,335.287414550781,166.324325561523,259.643920898438,142.730758666992,323.908660888672,156.3974609375,185.159805297852,187.515899658203,190.926834106445,156.653076171875,188.712387084961,417.251129150391,67.2829208374023,212.474746704102,165.570739746094,294.59375,90.9449844360352,442.443115234375,38.1689796447754,269.479400634766,182.570541381836,365.808380126953,71.6665420532227,97.0776519775391,75.3516082763672,81,77.2374649047852,80,77.2374649047852,80.3516082763672,406.534454345703,397.452301025391,377.479614257812,378.794738769531,397.260498046875,381.867889404297,437.305572509766,417.387908935547,435.004486083984,430.040985107422,446.08642578125,429.657165527344,708.035827636719,94.4251861572266,311.739135742188,225.219329833984,441.830627441406,116.557670593262,2.57671344079787
99.8073196420995,38.7308634748132,304.300010204315,-4.36459159851074,-12.8053293228149,-96.092903137207,971.974243164062,1.16838097572327,-12.1590452194214,13.3274259567261,5.92452716827393,-13.8733749389648,7.0537543296814,-16.7556400299072,352.421478271484,124.029159545898,0.344101876020432,128.178848266602,263.803253173828,1.60688233375549,165.472961425781,2.50931787490845,0.0549891296386719,0.0662619918584824,0.23881009221077,2.84999990463257,10,2001,3355.31298828125,107,142.838150024414,124.3916015625,138.581405639648,116.838157653809,140.094909667969,215.536392211914,179.602355957031,179.306640625,181.116836547852,180.104843139648,176.993957519531,136.66325378418,329.626434326172,172.22868347168,264.053894042969,149.632263183594,322.837188720703,160.554412841797,185.201797485352,185.580429077148,187.904113769531,159.744232177734,189.5654296875,420.297668457031,62.4725723266602,209.212799072266,164.050964355469,299.353607177734,86.0659637451172,444.003997802734,40.2737045288086,265.369659423828,177.856185913086,366.790222167969,70.9370574951172,96.1178970336914,75.4585418701172,80.7152862548828,77.4585418701172,79.6203842163086,77.4585418701172,80.4585418701172,412.203735351562,402.879089355469,383.112823486328,384.828125,403.571380615234,389.215728759766,427.890197753906,411.919128417969,431.401641845703,426.619415283203,436.684387207031,421.8671875,691.395812988281,109.163696289062,299.918151855469,229.634323120117,432.577514648438,132.270584106445,2.57694537863853
99.8163027949406,38.7308634748132,304.300010204315,-4.44339799880981,-12.8318853378296,-96.4733505249023,972.529541015625,1.0669230222702,-12.2359752655029,13.3028984069824,5.85311555862427,-13.9489736557007,6.96717691421509,-16.8430919647217,354.433654785156,124.020126342773,0.496372431516647,127.556396484375,264.554321289062,1.86453211307526,166.404327392578,2.7645320892334,0.0563382080078125,0.0667258575558662,0.23881009221077,2.54999995231628,10,2001,3359.79663085938,107,143.600677490234,124.39933013916,139.600677490234,117.60066986084,140.600677490234,233.020095825195,193.016754150391,196.020095825195,196.818756103516,197.822113037109,190.416076660156,142.802017211914,333.610717773438,175.597320556641,267.399322509766,150.993301391602,320.798645019531,162.600677490234,184.197982788086,183.79866027832,184.597320556641,162.802017211914,186.795303344727,442.030151367188,59.3993301391602,203.392623901367,158.993301391602,305.204681396484,81.9966506958008,430.379241943359,46.6073684692383,250.181243896484,182.610717773438,356.184600830078,78.0100479125977,89.7919616699219,74.1979904174805,79.1979904174805,76.1979904174805,77.5973205566406,76.1979904174805,79.1979904174805,416.802001953125,406.201354980469,393.010040283203,393.208038330078,412.208038330078,391.798645019531,420.996643066406,409.600677490234,423.791961669922,421.795318603516,424.989959716797,421.805358886719,705.8388671875,119.402679443359,294.798645019531,231.197982788086,441.822113037109,141,2.57717731647918
99.8252859477819,38.7308634748132,326.799988746643,-4.35829019546509,-12.9716272354126,-98.4415817260742,976.0009765625,1.09013521671295,-12.0875082015991,13.1776437759399,5.95286893844604,-13.9180402755737,7.07278060913086,-16.8284492492676,353.874542236328,123.941040039062,0.494220852851868,127.525932312012,264.063446044922,2.26691508293152,165.670867919922,3.17647051811218,0.05757451171875,0.0671486482024193,0.23881009221077,2.27499985694885,10,2001,3340.38647460938,109.748634338379,143.083786010742,125.374320983887,139.083786010742,118.916213989258,140.083786010742,246.832427978516,205.29052734375,213.955368041992,213.497268676758,217.87158203125,204.122955322266,160.491806030273,309.306915283203,190.949905395508,255.54736328125,165.782333374023,293.429870605469,163.916213989258,178.4189453125,178.877044677734,183.458099365234,162.167572021484,177.586517333984,483.821502685547,66.7877960205078,206.787796020508,164.620223999023,318.994537353516,91.9107513427734,433.575592041016,50.5418930053711,248.620223999023,184.877044677734,359.826965332031,78.9608383178711,90.0391616821289,73.9162139892578,78.9162139892578,75.9162139892578,76.9162139892578,75.9162139892578,78.9162139892578,404.714935302734,393.2568359375,387.54736328125,387.921661376953,404.173034667969,382.295989990234,431.368865966797,428.32421875,434.117492675781,429.078338623047,433.201263427734,439.659393310547,685.938049316406,118.251365661621,292.625671386719,226.793258666992,458.664855957031,139.625686645508,2.57740925431984
99.834269100623,38.7308634748132,337.999999523163,-4.19515466690063,-13.1503210067749,-101.173049926758,976.187438964844,1.16567277908325,-11.8348484039307,13.0005216598511,6.09324645996094,-13.7513456344604,7.22079706192017,-16.689826965332,351.706176757812,123.906944274902,0.478143602609634,128.046005249023,263.092163085938,2.21257472038269,164.405197143555,3.14871287345886,0.055380908203125,0.0663222000002861,0.23881009221077,1.875,10,2001,3291.1484375,112.151588439941,143.65022277832,127.206909179688,139.334671020508,119.92756652832,140.65022277832,252.641845703125,203.401092529297,216.111358642578,214.832015991211,221.670043945312,202.993988037109,180.589584350586,294.044464111328,216.602325439453,254.265548706055,192.510787963867,280.509613037109,163.665328979492,175.886642456055,176.534866333008,185.541580200195,160.775985717773,172.715942382812,503.174468994141,75.0687713623047,220.433288574219,177.448379516602,329.868591308594,103.165031433105,443.510803222656,51.929573059082,257.977233886719,185.059341430664,371.461486816406,75.9228515625,96.2327423095703,74.6120071411133,79.6120071411133,76.6120071411133,77.6120071411133,76.6120071411133,79.2964477539062,390.681365966797,375.877563476562,371.118682861328,372.694488525391,389.067352294922,370.163635253906,445.653289794922,448.235809326172,452.6982421875,442.096618652344,449.508422851562,456.472198486328,634.617553710938,117.741775512695,298.997650146484,226.409103393555,453.874603271484,143.788726806641,2.5776411921605
99.8432522534642,38.7308634748132,316.799998283386,-3.98135280609131,-13.3374166488647,-105.095199584961,974.169372558594,1.28024888038635,-11.4132919311523,12.6935415267944,6.29121780395508,-13.5172004699707,7.41351175308228,-16.4553298950195,349.289764404297,123.861488342285,0.407005548477173,129.056274414062,262.931121826172,1.89786493778229,163.991271972656,2.85514116287231,0.0531872985839844,0.0654957517981529,0.23881009221077,1.55000007152557,10,2001,3191.6259765625,111.530601501465,145.760009765625,127.821212768555,140.765762329102,120,142.760009765625,258.162445068359,196.502990722656,208.464797973633,206.297515869141,215.280258178711,194.218124389648,185.965484619141,326.815673828125,225.77912902832,277.100738525391,202.737930297852,310.586242675781,162.926361083984,178.185470581055,178.53727722168,185.33757019043,159.912109375,174.883346557617,484.070465087891,73.2754364013672,229.485504150391,179.499099731445,323.351165771484,98.8233032226562,432.073852539062,57.522762298584,254.811798095703,190.068817138672,364.450561523438,81.9921646118164,96.9503021240234,74.1787872314453,79.3518142700195,76.1787872314453,77.3518142700195,76.1787872314453,78.5306015014648,393.064880371094,375.577270507812,367.606048583984,368.092712402344,388.612731933594,369.236968994141,444.008758544922,446.064208984375,454.504852294922,446.100311279297,451.296356201172,455.527862548828,618.570190429688,125.8955078125,306.685485839844,234.326721191406,435.507171630859,155.377349853516,2.57787313000116
99.8522354063054,38.7308634748132,293.300002813339,-3.97858929634094,-13.3486757278442,-106.750907897949,970.593872070312,1.23819613456726,-11.2664709091187,12.5046672821045,6.29289674758911,-13.4895286560059,7.40066814422607,-16.3951015472412,348.576446533203,124.003555297852,0.305101156234741,129.460647583008,262.823760986328,1.423255443573,163.695373535156,2.4123272895813,0.0509936889648438,0.0646693035960197,0.219374179840088,1.32499992847443,10,2001,3283.88525390625,111.587097167969,145.55110168457,127.908432006836,139.902969360352,119.908432006836,142.581634521484,257.980133056641,193.694778442383,202.928024291992,199.357040405273,210.393035888672,190.755828857422,188.576416015625,353.008056640625,218.823471069336,299.015258789062,202.324768066406,337.440826416016,165.10969543457,175.78434753418,176.157791137695,178.324508666992,155.152313232422,173.911895751953,452.628601074219,68.2366943359375,232.350112915039,174.238418579102,306.412017822266,92.0014572143555,424.866973876953,65.6000442504883,249.053573608398,186.574157714844,352.245330810547,90.0129470825195,95.0106506347656,73.9694747924805,79.6176223754883,75.9389572143555,77.6176223754883,75.9389572143555,78.6481399536133,400.592864990234,387.454956054688,375.756408691406,374.194366455078,394.143951416016,379.205291748047,434.297454833984,436.112579345703,448.407135009766,447.159790039062,450.703704833984,446.234649658203,601.361755371094,140.21076965332,297.821502685547,245.093856811523,417.751525878906,165.905258178711,2.57810506784182
99.8612185591466,38.7308634748132,292.100012302399,-4.29293584823608,-13.0937633514404,-103.957450866699,963.306945800781,1.07701849937439,-11.5204124450684,12.5974311828613,6.02108955383301,-13.7322788238525,7.07686233520508,-16.5578022003174,350.936553955078,125.150894165039,0.310928195714951,129.585052490234,264.526153564453,1.42185652256012,164.593505859375,2.41092824935913,0.0488000823974609,0.0638428553938866,0.21285554766655,1.52499997615814,10,2001,3330.34545898438,110.391609191895,143.3916015625,126.391609191895,137.927734375,118.391609191895,140.927734375,251.638687133789,188.638687133789,201,193.247085571289,205.247085571289,186.710952758789,165.729583740234,362.4638671875,191.482498168945,297.668975830078,179.482498168945,354.433563232422,156.741256713867,176.752914428711,172.3916015625,176.216781616211,150.927734375,177.361312866211,456.053619384766,76.3310089111328,216.307678222656,171.072265625,287.349639892578,101.475532531738,421.927734375,60.8135147094727,254.114227294922,188.969696044922,359.011657714844,86.4219055175781,89.1748199462891,73.4638671875,78.9277420043945,74.9277420043945,76.9277420043945,74.9277420043945,78.4638671875,406.6083984375,403.578094482422,385.216796875,384.897430419922,398,390.825164794922,436.650360107422,419.205108642578,442.3916015625,438.885772705078,451.072265625,431.349639892578,657.913818359375,152.289047241211,302.475524902344,248.855484008789,415.969696044922,166.174819946289,2.57833700568248
99.8702017119878,38.7308634748132,292.100012302399,-4.33676862716675,-13.0465412139893,-104.342308044434,958.718444824219,1.04644894599915,-11.460018157959,12.5064668655396,5.99514675140381,-13.7463302612305,7.0287070274353,-16.5053539276123,351.967346191406,126.032806396484,0.310928195714951,129.980178833008,265.835998535156,1.42185652256012,165.033187866211,2.41092824935913,0.0466064727783203,0.0630164071917534,0.21285554766655,1.52499997615814,10,2001,3300.86010742188,107.425537109375,142.393615722656,125,137,116.606384277344,140,247,183.606384277344,200.212768554688,189.606384277344,202,182.606384277344,141.031921386719,353.340454101562,170.819152832031,279.521301269531,158.425537109375,350.55322265625,148.968078613281,186.2978515625,178.085083007812,184.904235839844,151.180847167969,187.904235839844,466.946838378906,75.5851364135742,202.968078613281,166.882995605469,270.734069824219,101.404289245605,418.244689941406,47.2766075134277,262,187.127685546875,364.914916992188,78.2127685546875,82.6383056640625,73,77.2127685546875,73.6063842773438,75.2127685546875,74,77.2127685546875,409.180847167969,409.031921386719,384.85107421875,387.638305664062,399.180847167969,392.244689941406,441.457458496094,404.670227050781,437.063842773438,427.063842773438,449.638305664062,419.85107421875,741.468017578125,140.648971557617,311.063842773438,236.372360229492,442.074432373047,152.55322265625,2.57856894352314
99.879184864829,38.7308634748132,284.200012683868,-4.31807327270508,-13.0494089126587,-104.760787963867,956.689697265625,1.07986545562744,-11.3768692016602,12.4567356109619,6.01546812057495,-13.7118625640869,7.04795932769775,-16.4341526031494,351.458038330078,125.968849182129,0.369020223617554,130.108306884766,265.773864746094,1.47994840145111,164.910980224609,2.46902012825012,0.0455106384277344,0.0626871436834335,0.21285554766655,1.85000002384186,10,2001,3351.26123046875,105.403450012207,142.899139404297,125,137.502243041992,116.100860595703,140.251113891602,244.237686157227,183.351974487305,197.443893432617,188.096389770508,200.744400024414,182.351974487305,146.289001464844,330.165252685547,183.61637878418,269.665252685547,164.439270019531,325.362487792969,149.988967895508,190.870529174805,183.919937133789,189.4736328125,151.190704345703,192.222518920898,449.041839599609,69.4630584716797,209.764724731445,166.338073730469,268.405029296875,94.5190048217773,422.741851806641,43.97265625,260.242156982422,181.788513183594,364.353576660156,76.9506072998047,84.1253204345703,73.5022354125977,77.2061996459961,73.8542175292969,75.2061996459961,74.5022354125977,77.2061996459961,407.432861328125,403.742004394531,378.797943115234,382.345092773438,398.186218261719,385.943725585938,441.930145263672,405.387451171875,437.533233642578,427.533233642578,450.623077392578,421.833770751953,754.194702148438,120.933624267578,309.022064208984,220.46321105957,469.111633300781,139.165100097656,2.5788008813638
99.8881680176702,38.7308634748132,293.000012636185,-4.4487452507019,-12.9243679046631,-102.867530822754,955.924072265625,1.07292246818542,-11.4914751052856,12.5643978118896,5.9101128578186,-13.8471202850342,6.93078851699829,-16.5346164703369,350.911193847656,124.283424377441,0.397741347551346,129.005813598633,264.222473144531,1.50866961479187,165.06330871582,2.49774146080017,0.0456734893798828,0.0629279538989067,0.21285554766655,1.72500002384186,10,2001,3362.76147460938,105.32592010498,142.78271484375,125,138.404602050781,116.108642578125,140.539337158203,239.003128051758,183.756622314453,194.029602050781,186.842651367188,198.325546264648,183.191177368164,158.304580688477,304.116882324219,209.51985168457,266.700164794922,176.735275268555,297.959564208984,148.655334472656,185.733276367188,179.163970947266,185.246505737305,149.872619628906,187.598526000977,434.084564208984,82.9645309448242,218.862503051758,176.615631103516,281.773345947266,109.12574005127,437.451293945312,47.8882369995117,257.790069580078,188.180694580078,377.226287841797,75.4828948974609,92.1845626831055,74.6218795776367,79.1351165771484,75.3784942626953,77.1351165771484,75.6218795776367,79.1351165771484,400.294830322266,398.111755371094,373.838409423828,377.081787109375,392.781982421875,380.111755371094,450.806427001953,416.154968261719,447.536956787109,437.428314208984,457.454040527344,432.181060791016,738.117858886719,118.955535888672,314.948547363281,214.0595703125,475.044830322266,134.216903686523,2.57903281920445
99.8971511705114,38.7308634748132,302.700012922287,-4.45553112030029,-12.8976020812988,-102.768539428711,954.548156738281,1.09112310409546,-11.4614267349243,12.5525503158569,5.89941501617432,-13.8534774780273,6.90621519088745,-16.5249328613281,351.018524169922,123.57096862793,0.397741347551346,128.671020507812,264.199829101562,1.4998824596405,165.758117675781,2.49774146080017,0.0458363372802734,0.0631687566637993,0.21287502348423,1.77499997615814,10,2001,3301.44580078125,106.842346191406,141.771774291992,125,138.385879516602,116.614112854004,139.771774291992,237.842346191406,184,193.842346191406,189.912933349609,197.614120483398,185.456466674805,151.190628051758,294.456451416016,211.261215209961,263.929412841797,168.348281860352,291.369384765625,152.755279541016,183.842346191406,176,183.842346191406,154.983505249023,186.456466674805,428,87.7011871337891,223,179.929412841797,284.244720458984,114.087066650391,441.701171875,48.5435333251953,261.141174316406,187.244720458984,373.875335693359,71.7011871337891,94.5435333251953,75.6141128540039,80.6141128540039,76.6141128540039,78.6141128540039,76.6141128540039,80.6141128540039,393.087066650391,397.456451416016,371.385894775391,374.385894775391,387.315307617188,379.456451416016,454.157653808594,418.701171875,452.385894775391,441.771759033203,458.315307617188,433.472961425781,752.776428222656,128.054092407227,321.912933349609,215.912933349609,468.174133300781,133,2.57926475704511
99.9061343233526,38.7308634748132,314.200013875961,-3.97456741333008,-13.3135023117065,-109.540542602539,957.875671386719,1.34669244289398,-10.8110818862915,12.1577739715576,6.33227920532227,-13.4319095611572,7.36194705963135,-16.1536293029785,346.879943847656,121.810005187988,0.397755831480026,128.656127929688,261.469848632812,1.49775588512421,164.560302734375,2.49775576591492,0.0459991882324219,0.0634095668792725,0.212962031364441,1.79999995231628,10,2001,3194.83740234375,107.056732177734,142.414901733398,124.528366088867,138,117,139.943267822266,243.244689941406,184.943267822266,199.244689941406,196.301422119141,204.131225585938,187.943267822266,153.677352905273,314.865295410156,202,272.847564697266,169.205718994141,315.336944580078,161.716323852539,191.131225585938,184.017761230469,189.716323852539,165.659591674805,194.60285949707,436.489379882812,75.5673446655273,227.716323852539,171.39714050293,274.812042236328,101.095710754395,435.226928710938,50.773063659668,255.095718383789,180.641830444336,356.510620117188,73.7163238525391,88.7553024291992,76,81,77,79,77,80.5283660888672,395.187957763672,391.925506591797,372.414886474609,373.056732177734,384.528381347656,378.170196533203,443.095703125,417.414886474609,442.567352294922,437.226928710938,450.340393066406,426.226928710938,709.386291503906,121.794281005859,299.060211181641,202.964492797852,421.439575195312,125.453872680664,2.57949669488577
99.6366397381167,38.721880321972,192.200005054474,-4.00985956192017,-12.5898666381836,-86.9707946777344,993.526916503906,1.86515355110168,-12.6158027648926,14.4809560775757,6.31871128082275,-13.7099952697754,7.50647974014282,-16.7380962371826,340.144317626953,117.482070922852,0.300000011920929,126.525283813477,252.737594604492,1.40000009536743,160.382797241211,2.40000009536743,0.0414521667480469,0.0606314726173878,0.201267376542091,1.32499992847443,10,2001,3219.39184570312,106.701690673828,141.42707824707,125.241798400879,138.649154663086,116.111038208008,139.834442138672,192.36262512207,156.75422668457,163.187271118164,159.723403930664,164.690582275391,150.588668823242,169.318542480469,336.582916259766,201.923461914062,263.673858642578,180.427581787109,309.113891601562,155.982925415039,190.410003662109,181.538116455078,185.59065246582,154.690582275391,191.037460327148,422.856597900391,68.5866775512695,247.046508789062,154.594635009766,318.425384521484,84.6045608520508,421.967346191406,42.8601188659668,266.308746337891,158.556365966797,357.109039306641,84.4974975585938,82.7818984985352,75.7036819458008,80.407356262207,76.7036819458008,79.407356262207,76.7036819458008,80.407356262207,418.329132080078,401.113037109375,391.610382080078,383.610382080078,411.717437744141,385.830474853516,425.687927246094,408.124145507812,426.796997070312,430.853485107422,433.942810058594,422.779235839844,716.37646484375,86.434211730957,328.922912597656,188.566299438477,391.325836181641,102.005149841309,2.57313536712678
99.6456228909579,38.721880321972,162.400007247925,-4.93090438842773,-11.8888416290283,-80.1176834106445,978.073486328125,1.30310761928558,-13.5434923171997,14.8466005325317,5.42525625228882,-14.4701919555664,6.55275106430054,-17.3465995788574,345.408477783203,118.966552734375,0.300000011920929,126.216407775879,256.096954345703,1.40000009536743,162.762756347656,2.40000009536743,0.0411024719238281,0.060341589152813,0.201249524950981,0.949999988079071,10,2001,3545.5595703125,107.121971130371,139.439010620117,124.439010620117,138.439010620117,117,138.439010620117,190.487884521484,157.804931640625,161.878021240234,157.439010620117,159.195068359375,150.243942260742,180.853805541992,348.464080810547,225.317459106445,265.829559326172,192.975769042969,313.732238769531,150.439010620117,182.878021240234,180.439010620117,185.121978759766,149.195068359375,186,398.90185546875,68.3659133911133,237.535934448242,153.878021240234,319.243530273438,83.2681732177734,396.219299316406,38.5121154785156,279.804931640625,169.536758422852,358.121978759766,82.0242309570312,80.7560577392578,76,81,77,80,77,81,421.243957519531,401.878021240234,388.560974121094,380.560974121094,409.804931640625,384.682952880859,428.317047119141,414.804931640625,430.439025878906,434.878021240234,441.560974121094,428.878021240234,655.365112304688,90.6098556518555,303.389739990234,198.926895141602,386.487884521484,108.292816162109,2.57336735877508
99.6546060437991,38.721880321972,162.400007247925,-5.60248565673828,-11.3659601211548,-75.3215789794922,965.869323730469,0.896428823471069,-14.1952714920044,15.091700553894,4.75977516174316,-15.0015516281128,5.84747934341431,-17.768217086792,349.217651367188,119.782073974609,0.300000011920929,125.953384399414,258.587249755859,1.47128844261169,164.88005065918,2.40000009536743,0.0407527740478516,0.0600583702325821,0.199866965413094,1.02499997615814,10,2001,3694.15771484375,108.418312072754,139.418304443359,124.418312072754,137.163375854492,117.418312072754,138,194.836624145508,162.928176879883,163.509857177734,161.18310546875,158.673248291016,154.509857177734,190.764801025391,369.052093505859,247.438034057617,284.019714355469,205.019729614258,329.052093505859,152.091552734375,187.856353759766,182.928176879883,190.601409912109,149.509857177734,190.18310546875,371.326751708984,71,215.274658203125,150.908447265625,296.307037353516,81.3464813232422,383.653503417969,35.4183120727539,281.581695556641,173.653518676758,352.725341796875,75.4183120727539,76.4901351928711,75.5816879272461,81,77,80,77,80.5816879272461,423,403.928161621094,390.673248291016,381.418304443359,412,387.254943847656,424.908447265625,408.215484619141,425.81689453125,428.561950683594,439.071838378906,422.561950683594,605.267578125,100.856346130371,274.307037353516,212.457763671875,386.235198974609,120.692970275879,2.57359935042339
99.6635891966403,38.721880321972,203.299999237061,-5.37428331375122,-11.5147438049316,-77.6273956298828,964.224548339844,1.02011370658875,-13.8175916671753,14.8377056121826,4.95082712173462,-14.7493944168091,6.04650974273682,-17.5277214050293,350.06494140625,120.103820800781,0.300000011920929,126.054977416992,259.417694091797,1.48601114749908,165.335739135742,2.40000009536743,0.0404030792236328,0.0597815960645676,0.199866965413094,1.60000002384186,10,2001,3570.12622070312,108.924682617188,140.475982666016,124.649032592773,136.701934814453,117.649032592773,138.275650024414,194.471099853516,166.472778320312,166.823760986328,166.246841430664,163.179611206055,158.926361083984,185.949935913086,358.052734375,241.616485595703,289.269226074219,203.377899169922,324.392761230469,153.520797729492,192.740341186523,185.64582824707,193.414978027344,150.894180297852,193.317260742188,379.776092529297,70.7243499755859,223.42155456543,151.960083007812,293.442474365234,84.5705108642578,396.968688964844,34.2707633972168,277.491821289062,172.910369873047,350.091522216797,72.8924942016602,78.1380081176758,75.0753173828125,80.7243499755859,76.7243499755859,79.7243499755859,76.7243499755859,80.0753173828125,423.275665283203,409.126708984375,393.525695800781,383.854248046875,412.275665283203,391.806243896484,423.203552246094,398.132965087891,421.02880859375,422.806060791016,436.905487060547,414.876495361328,618.918029785156,104.362075805664,285.776458740234,225.117080688477,404.832733154297,127.416664123535,2.57383134207169
99.6725723494815,38.721880321972,250.699996948242,-4.56552505493164,-12.168571472168,-85.4703903198242,969.995788574219,1.45158958435059,-12.7935104370117,14.2451000213623,5.69432497024536,-14.0017642974854,6.83418226242065,-16.883451461792,346.838409423828,120.194389343262,0.300000011920929,127.353790283203,259.021545410156,1.41249167919159,164.483749389648,2.40000009536743,0.0400533813476563,0.0595110468566418,0.199866965413094,1.75,10,2001,3292.17602539062,108.73397064209,141.697021484375,124.617042541504,137.830032348633,117.217994689941,139.181045532227,194.218215942383,167.665069580078,168.979141235352,168.330139160156,169.900238037109,162.841110229492,167.283660888672,357.681365966797,217.947647094727,292.112365722656,187.709655761719,335.268402099609,154.399261474609,191.340148925781,184.121932983398,189.579010009766,150.436218261719,191.590087890625,399.248168945312,68.7548370361328,224.632904052734,157.234939575195,299.596801757812,82.1908340454102,431.724578857422,32.2390823364258,268.040649414062,176.521835327148,355.814819335938,67.3979644775391,86.5600814819336,74.7339706420898,79.8189544677734,75.9519653320312,78.8189544677734,75.9519653320312,79.600959777832,422.451843261719,410.829803466797,394.680938720703,387.740051269531,412.915008544922,396.005859375,423.148864746094,397.697021484375,421.846130371094,422.680938720703,436.648773193359,412.537048339844,693.217041015625,100.696159362793,314.536560058594,221.812438964844,450.412689208984,126.222999572754,2.57406333371999
99.7264712665287,38.721880321972,267.100006341934,-3.88012409210205,-12.8865737915039,-95.7563858032227,977.719665527344,1.632328748703,-11.8324489593506,13.4647779464722,6.35408210754395,-13.4191389083862,7.52315235137939,-16.3779964447021,345.355041503906,120.985542297363,0.300000011920929,128.276428222656,259.223480224609,1.40000009536743,163.524139404297,2.40000009536743,0.0446184417724609,0.0612257197499275,0.207854062318802,1.89999997615814,10,2001,3277.26098632812,107.725135803223,144.575042724609,126.575042724609,140,117.725135803223,143,193.349029541016,169.099472045898,171.94938659668,172.099472045898,174.674514770508,163.37434387207,126.849914550781,337.625671386719,171.575042724609,253.699829101562,135.274871826172,308.300170898438,154.674514770508,194.549728393555,178.124786376953,183,152.674514770508,189,404.699829101562,55.699821472168,210.025314331055,153.025314331055,278.625671386719,76.7251358032227,433.376098632812,32.300178527832,256.399658203125,159.725128173828,351.376098632812,60.4249572753906,85.300178527832,75.5750427246094,79.5750427246094,77.1500854492188,78.1500854492188,76.1500854492188,79.5750427246094,423.450256347656,405.750427246094,397.4755859375,392.050628662109,417.175384521484,397.175384521484,421.875213623047,400.124786376953,424.399658203125,424.949371337891,430.150085449219,414.399658203125,710.674499511719,96.4755706787109,302.526184082031,194.251327514648,396.826354980469,108.650970458984,2.57545528360979
99.7444375722111,38.721880321972,276.800006628036,-3.50600218772888,-13.2316417694092,-99.2587280273438,986.302490234375,1.86782026290894,-11.4651622772217,13.3329820632935,6.74770450592041,-13.1206321716309,7.9351954460144,-16.15159034729,347.833587646484,123.380470275879,0.300000011920929,129.478759765625,262.350921630859,1.40000009536743,164.424560546875,2.40000009536743,0.0464249572753906,0.0620191358029842,0.207854062318802,1.64999997615814,10,2001,3149.154296875,108.061470031738,144.420257568359,125.481719970703,139.130386352539,117.481719970703,141.481719970703,201.169219970703,172.998077392578,175.508911132812,175.21159362793,178.860260009766,167.806228637695,136.765777587891,346.677764892578,177.05143737793,264.711761474609,143.60627746582,313.174377441406,152.608856201172,186.810729980469,174.05403137207,175.491744995117,147.572296142578,178.027496337891,464.39404296875,62.4752426147461,203.172760009766,155.641220092773,268.631500244141,81.2575225830078,417.844696044922,35.822380065918,234.381408691406,152.607894897461,356.727600097656,64.0582275390625,75.8754425048828,72.0938186645508,76.0938186645508,73.4451599121094,75.0938186645508,73.0938186645508,76.0938186645508,422.108062744141,405.072143554688,401.412811279297,395.612091064453,416.100616455078,397.673583984375,424.993225097656,408.765777587891,424.533172607422,429.834686279297,436.327087402344,424.360412597656,704.179870605469,98.1769638061523,300.005157470703,212.92106628418,429.599792480469,125.812355041504,2.57591926690639
99.7713870307347,38.721880321972,362.69998550415,-3.26102375984192,-13.4769973754883,-103.039710998535,991.5859375,1.91896569728851,-11.1623382568359,13.0813045501709,7.00883960723877,-12.9437246322632,8.18702030181885,-16.0143756866455,349.727478027344,124.182067871094,0.300000011920929,129.23274230957,263.20751953125,1.40000009536743,164.379730224609,2.40000009536743,0.0491347320556641,0.0632092580199242,0.219342797994614,1.42499995231628,10,2001,3113.8662109375,105,141,124,135,115.446060180664,138.021575927734,197.726547241211,165.194183349609,170.172607421875,170.661819458008,172.640243530273,161.683395385742,136.489212036133,332.762664794922,176.510787963867,266.086303710938,149.532363891602,317.827392578125,154.553939819336,200.489212036133,182.553939819336,183.510787963867,155.021575927734,184.489212036133,406.820343017578,56.5107879638672,203.640243530273,153.532363891602,262.956848144531,75.4892120361328,421.553955078125,29.9568481445312,242.043151855469,152.237335205078,353,54.5755157470703,80.6186676025391,76.0215759277344,79.5323638916016,76.5323638916016,78.5323638916016,76.5323638916016,79.5323638916016,421.978424072266,392.446044921875,391.978424072266,382.956848144531,415.381317138672,384.446044921875,422.978424072266,407.064727783203,425.467620849609,434.043151855469,429.597106933594,431.064727783203,746.172119140625,97.4531021118164,301.640258789062,195.661819458008,421.517822265625,118.856002807617,2.57661524185129
99.7803701835759,38.721880321972,304.199993610382,-3.5486855506897,-13.2550525665283,-100.442733764648,986.552429199219,1.71827101707458,-11.4797487258911,13.1980199813843,6.70975971221924,-13.1923990249634,7.87628126144409,-16.2118377685547,349.753875732422,124.102851867676,0.300000011920929,128.974395751953,262.745208740234,1.40000009536743,164.17414855957,2.40000009536743,0.0501087127685547,0.063556581735611,0.219342797994614,1.77499997615814,10,2001,3229.98266601562,106.10472869873,141.736480712891,124.368240356445,136.104736328125,114.472969055176,139.368240356445,207.263519287109,175.47297668457,178.368240356445,178.736480712891,178.631759643555,171.104736328125,140.050674438477,315.739868164062,185.469589233398,267.79052734375,158.364868164062,304.108123779297,160.314193725586,194.476348876953,188.682434082031,188.787155151367,158.577697753906,186.209457397461,402.513488769531,61.0506744384766,216.628372192383,157.209457397461,276.834442138672,83.8378372192383,420.685821533203,30.2094593048096,246.945938110352,169.628372192383,357.050659179688,59.472972869873,89.3141860961914,76.6317596435547,81,78,79.6317596435547,77.6317596435547,80.6317596435547,418.422302246094,394.418914794922,388.79052734375,382.472961425781,409.631744384766,383.841217041016,421.263519287109,410.736480712891,422.527038574219,429.003387451172,431.79052734375,429.949340820312,790.331115722656,118,307.263519287109,223.989852905273,457.520263671875,144.574325561523,2.57684723349959
99.7893533364171,38.721880321972,316.199988126755,-4.30739974975586,-12.7340841293335,-93.9003601074219,976.034240722656,1.29450190067291,-12.2698068618774,13.5643091201782,5.97073793411255,-13.8549938201904,7.09143304824829,-16.7707061767578,350.246398925781,122.459289550781,0.300000011920929,127.98518371582,262.334350585938,1.41541087627411,165.748352050781,2.40000009536743,0.0511302764892578,0.0638706758618355,0.219342797994614,2.59999990463257,10,2001,3390.17114257812,107.848220825195,142.296905517578,124.197021484375,137.396789550781,116.496673583984,139.648452758789,212.797439575195,177.948104858398,180.905609130859,180.199768066406,180.382995605469,173.525375366211,142.00439453125,322.713562011719,189.431518554688,265.657867431641,162.840469360352,310.007720947266,163.964645385742,187.56462097168,191.033096313477,193.558456420898,160.539169311523,188.116424560547,433.522918701172,65.7129898071289,223.703582763672,162.953598022461,297.009216308594,93.7228775024414,417.712493896484,35.9536056518555,251.670501708984,177.6064453125,364.647308349609,67.5910110473633,94.3189468383789,75.9001159667969,80.774284362793,77.5485687255859,78.9001159667969,76.9001159667969,79.9001159667969,416.235107421875,401.844329833984,388.463592529297,385.625244140625,410.931549072266,389.305145263672,419.800231933594,409.942596435547,420.729034423828,420.519378662109,428.529266357422,422.578430175781,746.144348144531,120.031448364258,305.348785400391,247.636123657227,468.627380371094,154.794067382812,2.5770792251479
99.7983364892583,38.721880321972,302.300006151199,-4.34919261932373,-12.7991027832031,-94.4839477539062,976.484985351562,1.24468052387238,-12.3026456832886,13.5473260879517,5.94217538833618,-13.8970069885254,7.05846261978149,-16.8178806304932,352.620666503906,123.931053161621,0.342981785535812,128.140579223633,263.925933837891,1.66629540920258,165.982070922852,2.57192707061768,0.0521518371582031,0.0641847774386406,0.225471466779709,2.95000004768372,10,2001,3377.41748046875,108.731620788574,141.536758422852,122.721939086914,137.26838684082,116.833587646484,139.26838684082,227.799392700195,180.960968017578,186.499847412109,182.378524780273,186.231460571289,177.174591064453,137.291091918945,351.3212890625,178.86930847168,267.259307861328,155.288970947266,335.449584960938,162.241455078125,187.444473266602,185.970962524414,191.479888916016,157.545837402344,186.757949829102,434.851165771484,66.0720138549805,221.332229614258,171.360366821289,299.710754394531,92.8487243652344,423.033599853516,43.1954574584961,255.193344116211,177.341903686523,371.666259765625,81.4208679199219,95.7975769042969,75.185173034668,80.2683792114258,76.5367660522461,78.2683792114258,76.2683792114258,79.2683792114258,419.388214111328,406.306488037109,394.195465087891,389.157348632812,415.601806640625,396.427825927734,418.453552246094,405.980651855469,420.481994628906,419.742797851562,426.852355957031,416.814208984375,731.059326171875,125.167015075684,305.902587890625,242.25749206543,462.075347900391,151.821792602539,2.5773112167962
99.8073196420995,38.721880321972,305.000007152557,-4.7572283744812,-12.5564861297607,-92.1079177856445,971.2490234375,0.934049963951111,-12.6989555358887,13.6330051422119,5.55925369262695,-14.2566137313843,6.66980981826782,-17.1013050079346,357.450347900391,123.982513427734,0.499115586280823,126.480598449707,265.224090576172,2.29646253585815,167.532867431641,3.19646239280701,0.0531734008789063,0.0644988790154457,0.23881009221077,2.45000004768372,10,2001,3482.18383789062,109,141,121.410911560059,137,115.821830749512,139,239.123611450195,190.603561401367,194.479949951172,188.479949951172,194.479949951172,185.836303710938,145.138076782227,344.545684814453,192.508895874023,270.356353759766,164.261688232422,328.312927246094,156.109130859375,189.76725769043,181.23274230957,191.356338500977,153.643661499023,187.945434570312,455.221588134766,71.0690383911133,218.410919189453,184.192642211914,302.890869140625,97.2472076416016,442.618041992188,48.9454307556152,262.069030761719,176,380.658111572266,86.6436538696289,92.2873077392578,74.4109115600586,80,76,78,76,79,427.069030761719,407.410919189453,399.945434570312,393.534515380859,422.301788330078,399.410919189453,417.410919189453,402.821838378906,419.232727050781,415.520050048828,424.054565429688,412.643646240234,713.560119628906,131.123611450195,322.028930664062,230.520050048828,472.028930664062,150.356338500977,2.5775432084445
99.8163027949406,38.721880321972,315.299987792969,-4.90751886367798,-12.540846824646,-92.5090026855469,969.672424316406,0.750256299972534,-12.8085832595825,13.5588388442993,5.41582822799683,-14.3866109848022,6.50724315643311,-17.2257118225098,357.7353515625,123.962379455566,0.49293851852417,126.160865783691,265.043670654297,2.27175426483154,167.282562255859,3.1717541217804,0.0541949645996094,0.0648129731416702,0.23881009221077,2.20000004768372,10,2001,3467.79028320312,109,141.446578979492,121.446571350098,136.553421020508,115.446571350098,139.446578979492,251.824600219727,200.679443359375,206.145172119141,199.252014160156,210.164321899414,195.57258605957,155,327.126007080078,202.961685180664,272,172.980850219727,316.145172119141,154.679443359375,193.232864379883,181.786285400391,195.232864379883,152.446578979492,193.57258605957,477.446563720703,72.8739929199219,219.339721679688,184.854827880859,312.805450439453,99.4274139404297,453.873992919922,47.8739891052246,258.961700439453,176.446578979492,381.087707519531,77.8548355102539,92.1260070800781,74,79.5534286499023,76,78,76,78.5534286499023,430.660278320312,412.805450439453,403.339721679688,398.232849121094,427.786285400391,401.679443359375,415.213714599609,393.961700439453,414.873992919922,406.534271240234,419.767150878906,404.747985839844,706.252014160156,147.397186279297,329.747985839844,242.969772338867,481.087707519531,166.290328979492,2.5777752000928
99.8252859477819,38.721880321972,315.299987792969,-4.50643253326416,-12.927173614502,-97.6362762451172,975.584106445312,0.951917707920074,-12.2914247512817,13.2433414459229,5.80460500717163,-14.0490007400513,6.9118390083313,-16.9598617553711,352.442291259766,123.88207244873,0.425484210252762,128.032958984375,263.771575927734,1.98771679401398,165.777221679688,2.88771677017212,0.0551291381835938,0.0650982186198235,0.23881009221077,2.40000009536743,10,2001,3396.7158203125,109.304077148438,142.864593505859,122.560516357422,136.959869384766,116.864593505859,140.560516357422,264.168334960938,201.28157043457,212.717437744141,206.029022216797,221.592803955078,198.098526000977,155,339.484802246094,196.898208618164,275.953002929688,166.908340454102,330.015289306641,158.626419067383,194.545516967773,184.721694946289,196.545516967773,155.689056396484,195.490371704102,476.431976318359,69.3334503173828,226.026412963867,178.586639404297,314.819580078125,95.6851654052734,448.813049316406,46.4619903564453,249.553359985352,176.952362060547,377.044372558594,72.4988632202148,98.0991668701172,74.3040771484375,79.0476379394531,76.3040771484375,78,76.3040771484375,78.3517150878906,424.277679443359,412.082885742188,397.255157470703,395.288421630859,423.727905273438,398.632629394531,416.839477539062,393.675689697266,418.327239990234,408.166046142578,420.583038330078,405.876983642578,715.461669921875,156.185317993164,327.228057861328,268.575469970703,474.915832519531,179.43489074707,2.5780071917411
99.834269100623,38.721880321972,322.899997234344,-4.23275566101074,-13.1794519424438,-101.507499694824,976.302917480469,1.11898255348206,-11.8658351898193,12.9848175048828,6.05860424041748,-13.7818851470947,7.18241405487061,-16.7184562683105,350.951049804688,123.84888458252,0.317926526069641,128.552062988281,263.370666503906,1.51792657375336,165.029403686523,2.4179265499115,0.0534054626464844,0.0645059645175934,0.23881009221077,1.95000004768372,10,2001,3282.38403320312,110.294647216797,144.429534912109,124.1044921875,138.752731323242,118.914337158203,141.619689941406,264.4921875,197.198028564453,210.142776489258,205.220550537109,218.821426391602,195.30436706543,159.039993286133,351.091918945312,201.421661376953,285.598388671875,168.152359008789,339.094268798828,162.853530883789,194.376617431641,185.621536254883,193.791015625,160.288604736328,193.300674438477,477.990753173828,70.4543991088867,235.413772583008,181.343872070312,308.337127685547,98.3954391479492,444.657958984375,51.6081161499023,248.674957275391,177.323196411133,373.878051757812,77.9046096801758,100.539566040039,74.8098449707031,79.1615982055664,76.8098449707031,78,76.8098449707031,78.8098449707031,419.436065673828,404.765289306641,390.248260498047,391.109161376953,417.196685791016,392.358276367188,417.062164306641,401.50634765625,424.778472900391,415.099822998047,422.514709472656,414.341033935547,716.275329589844,143.9228515625,332.046875,271.633972167969,465.300323486328,171.215148925781,2.5782391833894
99.8432522534642,38.721880321972,308.499991893768,-4.21519041061401,-13.2212991714478,-103.778480529785,972.120788574219,1.0897628068924,-11.6540546417236,12.7438173294067,6.07584714889526,-13.7315444946289,7.18893432617188,-16.6286449432373,351.013214111328,123.782073974609,0.317926526069641,128.476257324219,263.300415039062,1.51792657375336,164.913208007812,2.4179265499115,0.051681787109375,0.0639137104153633,0.23881009221077,1.57500004768372,10,2001,3265.01684570312,112.00203704834,145.019134521484,126.00203704834,140.334686279297,120.982894897461,142.019134521484,256.387176513672,194.627029418945,206.491012573242,201.80451965332,211.762176513672,192.292343139648,171.530502319336,346.2919921875,204.16242980957,297.430725097656,180.159576416016,338.718658447266,170.723068237305,198.769149780273,183.892959594727,190.302169799805,162.019134521484,195.061492919922,488.554351806641,74.7764205932617,240.497116088867,183.753204345703,306.351257324219,106.275573730469,439.067901611328,58.8167381286621,250.059463500977,178.200714111328,358.798065185547,84.7882919311523,95.9344329833984,75,79.6673431396484,77,78.0191421508789,77,79.0191421508789,426.880279541016,413.140441894531,402.24951171875,401.931915283203,423.765411376953,399.490203857422,402.063995361328,388.423065185547,414.190185546875,407.765899658203,414.215423583984,405.448303222656,706.411560058594,130.684112548828,327.97998046875,246.695922851562,439.537048339844,155.240341186523,2.5784711750377
99.8522354063054,38.721880321972,298.700004816055,-4.19591331481934,-13.2497892379761,-105.985992431641,967.72998046875,1.06003999710083,-11.4423418045044,12.5023813247681,6.0907244682312,-13.6788539886475,7.17927265167236,-16.5394802093506,352.474029541016,124.809005737305,0.356237411499023,128.826278686523,264.702026367188,1.55623745918274,165.262100219727,2.45623755455017,0.0499581146240234,0.0633214563131332,0.219374179840088,1.60000002384186,10,2001,3329.25146484375,113,145.524856567383,127,141,121.475135803223,142.524856567383,243.651916503906,192.950271606445,200.276229858398,194.751373291016,201.701644897461,189.950271606445,175.80110168457,347.397796630859,200.276229858398,297.176788330078,183.751373291016,337.574584960938,168.127059936523,204.624313354492,188.298355102539,196.397796630859,162.524856567383,198.574584960938,467.033111572266,71.7016448974609,237.276229858398,178.176788330078,290.154663085938,100.977882385254,420.729248046875,57.7513732910156,252.574584960938,175.325958251953,352.198913574219,91.1491775512695,90.4254150390625,75,80,77,78.5248641967773,77,79.5248641967773,430.325958251953,416.226501464844,401.928161621094,400.453033447266,424.176788330078,401.751373291016,401.546966552734,379.149169921875,409.773498535156,403.149169921875,413.29833984375,399.674041748047,684.254089355469,133.972396850586,314.552459716797,238.022109985352,420.375671386719,161.270751953125,2.578703166686
99.8612185591466,38.721880321972,285.600006580353,-4.45578861236572,-13.0478458404541,-104.606689453125,959.837707519531,0.875224351882935,-11.5984992980957,12.4737243652344,5.83700227737427,-13.8727836608887,6.8874568939209,-16.6492500305176,354.854034423828,125.982070922852,0.400000005960464,129.120834350586,266.891906738281,1.60000002384186,166.381530761719,2.5,0.0482344390869141,0.0627292022109032,0.21285554766655,1.64999997615814,10,2001,3383.92138671875,112.235206604004,144.852798461914,125.470405578613,139.852798461914,119.470405578613,142.235198974609,238.529586791992,191.235198974609,195.235198974609,189.235198974609,195.617599487305,188.235198974609,172,357.676788330078,206.324752807617,293.676788330078,184.353576660156,343.588775634766,158.705612182617,199.352035522461,190.176010131836,197.116836547852,160.323211669922,194.646423339844,448.177551269531,74.0303649902344,224.204833984375,172,286.236755371094,100.559959411621,417.471954345703,51.8528060913086,257.823974609375,175.059188842773,367.854339599609,86.3520355224609,88.2352066040039,75,80.3824005126953,77,79,77,80.3824005126953,417.440032958984,408.323211669922,384.499237060547,385.02880859375,408.440032958984,391.646423339844,423.854339599609,392.324768066406,425.324768066406,417.854339599609,431.236755371094,413.707153320312,679.177551269531,143.764801025391,309.823974609375,242.264022827148,430.619140625,165.675247192383,2.5789351583343
99.8702017119878,38.721880321972,296.600013971329,-4.53755712509155,-12.9834156036377,-105.132865905762,953.331359863281,0.820670962333679,-11.5302753448486,12.3509464263916,5.76524782180786,-13.8983602523804,6.79977130889893,-16.6004734039307,355.292053222656,125.921905517578,0.41078644990921,129.027603149414,267.267303466797,1.61078643798828,166.866500854492,2.51078653335571,0.0465107635498047,0.0621369481086731,0.21285554766655,1.625,10,2001,3388.38159179688,110.744026184082,143.095947265625,123.68782043457,138.57585144043,117.207916259766,140.983978271484,241.032043457031,190.943786621094,195.183746337891,189.183746337891,196.07177734375,187.943786621094,166.001190185547,360.736328125,211.578567504883,291.457366943359,184.233901977539,346.776977539062,155.19189453125,188.999374389648,184.87971496582,189.21516418457,157.503616333008,186.847671508789,454.313995361328,84.1687927246094,211.855377197266,174.159576416016,300.257507324219,112.480979919434,433.600799560547,50.3358993530273,265.039916992188,178.864318847656,379.929748535156,78.3989028930664,87.7038345336914,75.2399520874023,80.8880310058594,77,79,77,80.648078918457,406.238891601562,402.384246826172,376.143371582031,378.215606689453,396.279083251953,382.647918701172,438.569213867188,408.616363525391,438.736938476562,432.569213867188,446.217315673828,430.50439453125,701.630737304688,145.49592590332,311.041107177734,235.399353027344,454.263702392578,154.182662963867,2.5791671499826
99.879184864829,38.721880321972,296.600013971329,-4.59621000289917,-12.9296798706055,-104.862464904785,950.779724121094,0.803295791149139,-11.5277671813965,12.3310632705688,5.72065830230713,-13.931450843811,6.74283885955811,-16.5875148773193,354.853424072266,125.88207244873,0.417926520109177,129.087844848633,266.982482910156,1.61792659759521,166.453430175781,2.51792645454407,0.0458531646728516,0.0620389729738235,0.21285554766655,1.60000002384186,10,2001,3432.44653320312,109.606399536133,142.254440307617,123.648040771484,138.648040771484,116.254432678223,140.254440307617,242.978744506836,191.651550292969,197.177307128906,190.884735107422,198.469879150391,189.041641235352,153.263381958008,360.313812255859,197.295349121094,279.228759765625,170.730606079102,342.150756835938,153.508865356445,185.766815185547,182.669296264648,189.045150756836,158.139175415039,183.470733642578,446.018798828125,86.9717330932617,209.713790893555,179.295227050781,301.825561523438,114.738548278809,436.641693115234,50.5851440429688,269.637298583984,179.547012329102,374.938812255859,81.0026473999023,88.5886535644531,75.7455673217773,81,77.097526550293,79,77.097526550293,80.2544326782227,405.888244628906,397.031982421875,374.745574951172,376.546997070312,393.905975341797,377.523101806641,440.700408935547,417.201202392578,441.937103271484,434.407836914062,447.857330322266,439.006164550781,723.133544921875,144.310974121094,305.923919677734,233.188690185547,467.452575683594,152.491790771484,2.5793991416309
99.8881680176702,38.721880321972,293.999999761581,-4.70802211761475,-12.8167409896851,-103.05542755127,950.345581054688,0.782073497772217,-11.6557350158691,12.4378089904785,5.62336206436157,-14.0460033416748,6.64002895355225,-16.6829395294189,354.056579589844,124.478355407715,0.417926520109177,128.481628417969,266.050689697266,1.61792659759521,167.060302734375,2.51792645454407,0.0464179046630859,0.0625077337026596,0.21285554766655,1.60000002384186,10,2001,3379.41870117188,109.60311126709,142,123.39688873291,138.396881103516,116,140,246.015563964844,189.381317138672,199.20622253418,191.396881103516,202.015563964844,188.79377746582,146.396881103516,358.793762207031,190.412445068359,268.571990966797,163.603118896484,339.603118896484,153,182.984436035156,179.381317138672,186.778213500977,158.396881103516,181.190658569336,448.2529296875,94.0466918945312,219.062255859375,184.618682861328,312.680938720703,119.031127929688,425.525299072266,53.6186752319336,266.365753173828,180.809341430664,366.571990966797,84.8093414306641,89.6031112670898,76,81,77.6031112670898,79,77.6031112670898,80,404.381317138672,397.015563964844,375,377.809326171875,391.381317138672,378.015563964844,443.221801757812,420,445.221801757812,435.412445068359,449.618682861328,440.793762207031,718.906616210938,129.906616210938,311.459136962891,223.334625244141,448.035034179688,138.097274780273,2.5796311332792
99.8971511705114,38.721880321972,300.599992275238,-4.37560844421387,-13.0797090530396,-107.76008605957,954.136901855469,0.957303166389465,-11.1852130889893,12.1425161361694,5.9232292175293,-13.7833337783813,6.95569944381714,-16.4592723846436,351.890258789062,123.910461425781,0.417926520109177,128.874542236328,265.196380615234,1.55193316936493,166.814376831055,2.51792645454407,0.0469826477050781,0.0629764869809151,0.21287502348423,1.79999995231628,10,2001,3310.69921875,109.078643798828,142.460678100586,122.078643798828,138,116.460678100586,140.460678100586,248,186.539321899414,202.303405761719,193.303405761719,208.146118164062,188.921356201172,148.764083862305,357.078643798828,195.685440063477,270.988830566406,166.303405761719,344.606811523438,156.224761962891,187.449508666992,181.606796264648,188.146118164062,159.382034301758,188.752914428711,451.775238037109,98.6179580688477,231.606796264648,186.078643798828,319.775238037109,122.539321899414,440.876708984375,53.2359199523926,259.696594238281,192.595626831055,371.7529296875,79.5504837036133,96.9101943969727,75.5393218994141,80.5393218994141,77.5393218994141,78.5393218994141,77.5393218994141,80,398.775238037109,395.775238037109,374.539306640625,378.078643798828,389.460693359375,380,445.539306640625,416.775238037109,443.853881835938,433.775238037109,450.617950439453,431.2470703125,694.100952148438,132.281066894531,307.943695068359,214.539321899414,444.045135498047,135.134948730469,2.5798631249275
99.9061343233526,38.721880321972,300.19998550415,-4.11850118637085,-13.3048343658447,-110.301391601562,957.67431640625,1.15947425365448,-10.9037351608276,12.0632095336914,6.1718225479126,-13.5762739181519,7.20833826065063,-16.279914855957,350.985900878906,123.875579833984,0.402288168668747,129.027694702148,264.580993652344,1.52009975910187,166.221771240234,2.50228810310364,0.0475473876953125,0.0634452477097511,0.212962031364441,1.47500002384186,10,2001,3230.24096679688,108.385902404785,143.284439086914,122.977226257324,138.636535644531,117.60270690918,140.647918701172,246.090408325195,187.306884765625,202.284790039062,195.830902099609,209.831253051758,189.614105224609,163.254623413086,349.384063720703,202.912094116211,280.424743652344,179.970169067383,343.614776611328,159.445007324219,195.481338500977,186.025283813477,191.422576904297,162.808135986328,198.99397277832,455.875091552734,89.4631042480469,233.797424316406,180.611938476562,310.507965087891,115.668525695801,459.262359619141,48.9298553466797,251.1220703125,194.992492675781,372.764282226562,71.2004013061523,99.71875,75.033821105957,80.033821105957,77.033821105957,78.033821105957,77.033821105957,80,392.372344970703,385.553161621094,369.259857177734,371.3388671875,383.919158935547,375.544281005859,448.216461181641,418.965484619141,444.714874267578,436.920288085938,453.238891601562,425.461730957031,700.952392578125,145.08723449707,301.540405273438,227.400939941406,445.880676269531,144.028137207031,2.5800951165758
