"x","y","NPP","bio1","bio2","bio3","bio4","bio5","bio6","bio7","bio8","bio9","bio10","bio11","bio12","bio13","bio14","bio15","bio16","bio17","bio18","bio19","geosif","LSIF.mean","LSIF.max","lai.max","lc","years","dem","bdod_0-5","bdod_100-200","bdod_15-30","bdod_30-60","bdod_5-15","bdod_60-100","cec_0-5","cec_100-200","cec_15-30","cec_30-60","cec_5-15","cec_60-100","cfvo_0-5","cfvo_100-200","cfvo_15-30","cfvo_30-60","cfvo_5-15","cfvo_60-100","clay_0-5","clay_100-200","clay_15-30","clay_30-60","clay_5-15","clay_60-100","nitrogen_0-5","nitrogen_100-200","nitrogen_15-30","nitrogen_30-60","nitrogen_5-15","nitrogen_60-100","ocd_0-5","ocd_100-200","ocd_15-30","ocd_30-60","ocd_5-15","ocd_60-100","ocs_0-30","phh2o_0-5","phh2o_100-200","phh2o_15-30","phh2o_30-60","phh2o_5-15","phh2o_60-100","sand_0-5","sand_100-200","sand_15-30","sand_30-60","sand_5-15","sand_60-100","silt_0-5","silt_100-200","silt_15-30","silt_30-60","silt_5-15","silt_60-100","soc_0-5","soc_100-200","soc_15-30","soc_30-60","soc_5-15","soc_60-100","site"
98.1095037551136,39.3956167850616,85.1999968290329,-4.46902084350586,-12.5031795501709,-86.154655456543,984.622131347656,1.3298704624176,-13.1950845718384,14.5249547958374,5.75232172012329,-13.9818305969238,7.01374959945679,-17.1800689697266,199.989501953125,64.0954055786133,0.249129116535187,121.607978820801,144.198196411133,1.69651639461517,95.4517440795898,1.94738745689392,-0.017747053527832,0.0228046886622906,0.0946048572659492,0.200000002980232,10,2001,3273.72705078125,112.350090026855,146.820785522461,125.708511352539,137,117.044937133789,146.471160888672,178.277816772461,138.057678222656,147.119750976562,145.542037963867,150.595306396484,138.192413330078,218.980133056641,326.9501953125,248.523513793945,275.451293945312,233.285293579102,296.2958984375,191.712448120117,216.630523681641,215.711990356445,216.34342956543,206.941864013672,217.196350097656,349.121856689453,85.4521179199219,223.888900756836,150.618133544922,282.892822265625,88.5234603881836,357.848815917969,54.2262916564941,255.992370605469,131.609786987305,310.943969726562,87.8440704345703,37.8471908569336,74.8207855224609,79.17041015625,76.6503753662109,78.8251876831055,76.6503753662109,79.17041015625,440.507293701172,423.139221191406,410.965728759766,413.172668457031,421.7177734375,420.616088867188,367.12548828125,360.059875488281,373.151885986328,370.48388671875,371.165557861328,362.842315673828,339.388610839844,99.6300506591797,226.77751159668,127.784606933594,242.225830078125,96.7507247924805,2.49036597879375
98.1184869079547,39.3956167850616,85.1999968290329,-5.50458192825317,-11.820858001709,-79.3617401123047,974.48388671875,0.591257154941559,-14.3105926513672,14.9018497467041,4.76701927185059,-14.9223413467407,5.9769287109375,-17.9664497375488,218.125411987305,69.1217880249023,0.364218831062317,120.85782623291,156.094207763672,2.18609166145325,103.681495666504,2.32187271118164,-0.0175816223144531,0.0231467075645924,0.0946048572659492,0.25,10,2001,3613.98657226562,109.061866760254,145.586273193359,124.680801391602,136.947860717773,115.052131652832,144.250732421875,182.045715332031,142.211807250977,156.834259033203,150.000198364258,158.843994140625,141.430068969727,231.905578613281,332.566802978516,257.859893798828,286.547302246094,244.941375732422,297.270141601562,196.260848999023,229.716934204102,224.273864746094,229.208862304688,207.374649047852,225.228134155273,406.503662109375,123.483261108398,279.972412109375,187.854598999023,344.604583740234,128.437728881836,411.780029296875,71.0265960693359,309.890686035156,162.724075317383,357.740753173828,111.401405334473,40.6971321105957,73.6383972167969,78.9739303588867,75.6383972167969,78.3191986083984,75.6123352050781,78.947868347168,435.254058837891,417.550476074219,396.902008056641,396.120056152344,417.846923828125,405.540405273438,368.165893554688,352.732604980469,378.824127197266,374.671081542969,374.149749755859,369.550659179688,419.091339111328,117.90291595459,228.231643676758,159.821929931641,266.584564208984,115.303588867188,2.49059400296431
98.1274700607959,39.3956167850616,85.9000012278557,-6.36349582672119,-11.3279113769531,-74.3885498046875,969.49853515625,-0.0253036897629499,-15.2646789550781,15.2393751144409,3.95512795448303,-15.7366018295288,5.1335620880127,-18.6650428771973,235.525604248047,74.7905654907227,0.433867901563644,120.067878723145,166.917694091797,2.60265779495239,109.795448303223,3.0260899066925,-0.0174592407226563,0.0234486069530249,0.0946048572659492,0.225000008940697,10,2001,3955.36181640625,110.128120422363,143.935943603516,125,135.935943603516,116.064064025879,142.467971801758,189.448425292969,140.211730957031,167.3203125,156.788269042969,169.384368896484,143.532028198242,211.738311767578,330.807830810547,242.782836914062,272.186737060547,225.334411621094,283.103149414062,208.108581542969,231.6796875,230.128128051758,234.33984375,214.512481689453,223.6796875,446.916412353516,142.33984375,303.423461914062,207.403915405273,380.596099853516,146.6796875,424.846893310547,79.4039077758789,318.590667724609,172.955474853516,369.507049560547,121.211723327637,41.4679679870605,73,78.4679718017578,75,78,74.4679718017578,77.9359359741211,439.916412353516,415.33984375,394.192169189453,390.724212646484,421.256256103516,402.192169189453,351.975036621094,352.98046875,375.6796875,374.935943603516,364.295318603516,374.128112792969,530.356140136719,136.640609741211,283.099914550781,178.467971801758,337.779602050781,129.192184448242,2.49082202713488
98.1364532136371,39.3956167850616,72.7000012993813,-7.4570894241333,-10.7253656387329,-68.3605194091797,965.220031738281,-0.819441616535187,-16.5327816009521,15.7133407592773,2.94482517242432,-16.7674083709717,4.08242321014404,-19.5786514282227,253.015365600586,80.0371627807617,0.486297637224197,119.049247741699,177.679458618164,2.97384548187256,116.241195678711,3.81139850616455,-0.0174503753662109,0.0234486069530249,0.0946048572659492,0.225000008940697,10,2001,4238.87744140625,112,143.766555786133,123.850158691406,134.616714477539,116.616722106934,142,223.212921142578,163.979476928711,198.446365356445,188.212921142578,201.446365356445,171.979476928711,189.449523925781,320.334381103516,225,248.783920288086,207.515762329102,263.484222412109,210.484237670898,236.19873046875,232.766555786133,228.550476074219,222,220.533126831055,468.714508056641,141.149841308594,296.149841308594,212.899047851562,388.515777587891,149.282333374023,403.017364501953,81.4495239257812,301.066253662109,168.449523925781,355,112.783912658691,43.6829643249512,72.6167221069336,77.6167221069336,74.2334365844727,77.2334365844727,74,76.6167221069336,433.735015869141,404.951110839844,396.233428955078,396.299682617188,417.334381103516,403.466888427734,355.78076171875,358.850158691406,371,375.533111572266,360.899047851562,376,598.599365234375,146,351.815460205078,205.979476928711,413.313873291016,147.714508056641,2.49105005130544
98.1095037551136,39.3866336322204,81.7999988794327,-3.7588996887207,-13.0674648284912,-90.1898498535156,1005.02874755859,1.76721978187561,-12.7260932922363,14.4933128356934,6.48446702957153,-13.5131616592407,7.75042152404785,-16.8569869995117,185.759643554688,59.6318054199219,0.200000002980232,122.068084716797,134.723526000977,1.5,89.2949295043945,1.77567267417908,-0.0171160125732422,0.0231094975024462,0.0946048572659492,0.300000011920929,10,2001,3050.0693359375,117.579971313477,148.965744018555,132.227096557617,139.296966552734,122.903533935547,147.979721069336,190.249633789062,151.257293701172,156.121704101562,155.397033691406,159.812118530273,151.594833374023,221.465118408203,314.689605712891,239.323226928711,255.925720214844,235.230361938477,285.256958007812,194.791030883789,199.354309082031,196.874877929688,196.814025878906,196.336822509766,202.642272949219,331.534637451172,82.2180786132812,200.808059692383,136.141998291016,260.451568603516,84.6345138549805,312.672821044922,53.275333404541,211.059494018555,132.336181640625,263.429046630859,75.3298721313477,33.3794631958008,75.317253112793,79.3235626220703,76.3312301635742,78,76.317253112793,79.3235626220703,438.916076660156,435.530303955078,428.045349121094,424.057952880859,432.320678710938,430.579864501953,365.961669921875,365.756225585938,375.079772949219,379.128021240234,371.342498779297,366.109100341797,272.384185791016,85.9064254760742,202.729248046875,106.685287475586,226.272552490234,80.9698944091797,2.49093397194663
98.1184869079547,39.3866336322204,80.2000015974045,-4.66295671463013,-12.4512453079224,-83.9221725463867,996.546569824219,1.16789960861206,-13.681734085083,14.8496341705322,5.6313796043396,-14.3583087921143,6.86224174499512,-17.55397605896,202.144195556641,64.2798919677734,0.252716213464737,121.570693969727,145.64404296875,1.71086490154266,96.8954772949219,1.95814871788025,-0.0167956420898438,0.0232986100018024,0.0946048572659492,0.400000005960464,10,2001,3400.1298828125,112.39973449707,146.959899902344,127.359634399414,136.959899902344,117.879684448242,146.479949951172,192.319534301758,152.839584350586,165.120315551758,162.040100097656,169.160415649414,153.839584350586,216.80078125,325.041412353516,241.081527709961,259.441162109375,235.921096801758,288.441162109375,212.641677856445,214.481262207031,217.761993408203,213.201843261719,223.922424316406,217.40104675293,354.721893310547,79.3195266723633,214.60026550293,146.640365600586,270.600250244141,82.9598922729492,308.560150146484,50.9197883605957,217.040100097656,134.479949951172,266.640380859375,76.4799499511719,35.5601577758789,74.4799499511719,79.4799499511719,76,78,75.4799499511719,79.4799499511719,418.958587646484,412.3984375,399.677856445312,397.677856445312,401.597625732422,408.478637695312,368.399749755859,373.080200195312,382.560150146484,389.120300292969,374.479949951172,373.120300292969,364.848785400391,111.762001037598,232.880996704102,140.003936767578,279.244567871094,91.4411544799805,2.49116204812407
98.5047624801261,39.3866336322204,185.499995946884,-3.6119372844696,-12.8105716705322,-91.1809692382812,979.782104492188,2.64400172233582,-11.4070177078247,14.0510196685791,6.94650363922119,-12.9986619949341,8.43575000762939,-15.9597930908203,210.404251098633,68.7613143920898,0.200000002980232,122.536529541016,153.911773681641,1.55510580539703,101.438827514648,1.90000009536743,0.00485674896240234,0.0418520830571651,0.140726417303085,0.800000011920929,10,2001,3073.55859375,114.039596557617,152.059387207031,126.325645446777,144.672729492188,120.019798278809,150.059387207031,231.342681884766,185.017044067383,188.440048217773,182.173797607422,191.765686035156,174.889373779297,227.626388549805,331.438415527344,250.089492797852,293.884979248047,240.061538696289,310.466369628906,199.062652587891,191.213394165039,219.084091186523,219.140213012695,204.412994384766,212.330535888672,253.507278442383,52.5374031066895,154.345230102539,106.853042602539,204.12419128418,72.8118133544922,302.659454345703,48.1507301330566,201.654052734375,124.757530212402,261.859771728516,54.8993797302246,57.9785690307617,75.672721862793,80.9802017211914,77.0197982788086,80.672721862793,76.6925201416016,80.6529235839844,446.948974609375,446.065002441406,438.644775390625,431.976928710938,440.605163574219,439.717926025391,353.988372802734,362.394317626953,342.271148681641,348.902648925781,354.981842041016,347.951507568359,356.000701904297,72.094596862793,183.903045654297,130.013061523438,241.819244384766,83.7738494873047,2.50096932375413
98.5137456329673,39.3866336322204,223.600000143051,-3.31208419799805,-13.0246877670288,-93.3902969360352,984.714538574219,2.88438653945923,-11.0630960464478,13.9474830627441,7.28146076202393,-12.7476425170898,8.80227661132812,-15.7289066314697,207.098739624023,67.7564926147461,0.230102092027664,121.726486206055,150.675888061523,1.70479238033295,98.8574142456055,1.93010210990906,0.0047704761505127,0.0418453104794025,0.140726417303085,0.600000023841858,10,2001,2977.1474609375,115.048858642578,153.573287963867,126.475570678711,145,120.524429321289,151.573287963867,221.182418823242,174.706848144531,181.280136108398,176.377853393555,184.755706787109,169.475570678711,222.622146606445,324.755706787109,237.475570678711,278.133575439453,229.328994750977,301.902282714844,199.622146606445,186.426712036133,219.671005249023,222.195434570312,204.195434570312,211.048858642578,267.843597412109,48.3778533935547,148.76872253418,99.4755706787109,193.951141357422,64.9022827148438,300.573272705078,42.8045654296875,212.76872253418,120.133560180664,258.804565429688,52.8534240722656,57.9511413574219,76,80.4755706787109,77.5244293212891,81,77.5244293212891,80.4755706787109,449.280151367188,440.609130859375,440.853424072266,432.426727294922,441.804565429688,434.084716796875,351.097717285156,372.964141845703,339.4755859375,345.902282714844,354,354.866424560547,354.830596923828,64.2801361083984,197.732879638672,126.195434570312,237.061874389648,74.3778533935547,2.50119739993158
98.5227287858085,39.3866336322204,136.999994516373,-2.80547285079956,-13.4064054489136,-97.1228942871094,990.866882324219,3.28109216690063,-10.5242748260498,13.8053665161133,7.78257083892822,-12.3233222961426,9.33673286437988,-15.3629693984985,194.60888671875,63.2852210998535,0.23778909444809,121.02214050293,141.531936645508,1.73778915405273,93.1170806884766,1.93778920173645,0.00468420333862305,0.0418378114700317,0.140726417303085,0.375,10,2001,2756.86083984375,115.623840332031,153.871536254883,126,145.376159667969,120.623840332031,151.871536254883,216.504623413086,171.256942749023,177.376159667969,172.871536254883,179.623840332031,170.504623413086,221.238433837891,315.109985351562,239.256942749023,272.128479003906,225.247680664062,293.605346679688,197.862289428711,187.256942749023,225.633087158203,227.504623413086,206.871536254883,215.385406494141,273.687591552734,46,146.100723266602,97.1192169189453,191.495376586914,61.1192207336426,293.348419189453,39.3761558532715,212.733810424805,111.119216918945,245.219940185547,50,57,76,80.3761596679688,78,81,78,80,441.238433837891,427.357666015625,428.972259521484,424.605346679688,432.357666015625,418.85302734375,360.899261474609,385.009246826172,345.394653320312,348.513885498047,361.14697265625,365.761566162109,330.375152587891,55.1099739074707,199.210693359375,117.963012695312,241.605346679688,67.4861297607422,2.50142547610902
98.5317119386497,39.3866336322204,148.399993777275,-2.62783312797546,-13.5406875610352,-98.3340225219727,994.796203613281,3.48726725578308,-10.2827396392822,13.7700071334839,8.02400493621826,-12.1931314468384,9.58739376068115,-15.2208871841431,188.456161499023,61.209903717041,0.202427446842194,121.074836730957,137.533309936523,1.6977207660675,90.595085144043,1.90630185604095,0.00367978897094727,0.0429750047624111,0.140726417303085,0.449999988079071,10,2001,2763.66943359375,115.803009033203,152.585800170898,126.683708190918,146.108596801758,120.803009033203,150.585800170898,221.257614135742,178.842224121094,181.299224853516,174.776428222656,182.537826538086,175.48551940918,223.030059814453,310.829925537109,244.335311889648,274.325805664062,230.619857788086,285.939727783203,195.275039672852,194.15852355957,228.025375366211,229.066986083984,205.130004882812,219.470489501953,256.014129638672,48.0511169433594,139.835464477539,96.4197235107422,192.212020874023,61.5592269897461,282.199737548828,42.6155204772949,204.758605957031,110.191818237305,231.873931884766,51.1395072937012,56.7720985412598,76,80.6527938842773,78,81,78,80,434.369812011719,419.789520263672,418.458526611328,417.623443603516,425.929016113281,411.317840576172,370.355163574219,385.399169921875,353.516082763672,353.428863525391,369.593780517578,369.211669921875,291.837646484375,61.3134117126465,183.651550292969,107.28727722168,238.041961669922,66.4454498291016,2.50165355228646
98.5406950914909,39.3866336322204,173.199996352196,-2.72481727600098,-13.4256639480591,-96.5797119140625,998.324279785156,3.4926335811615,-10.409592628479,13.9022264480591,8.0222635269165,-12.3393640518188,9.57634449005127,-15.3135290145874,192.406707763672,62.7200012207031,0.200000002980232,121.225914001465,140.277267456055,1.62450075149536,92.2238922119141,1.9671995639801,0.00236468982696533,0.0444997176527977,0.140726417303085,0.574999988079071,10,2001,2873.24633789062,117.117599487305,152.732421875,128.197265625,146.413757324219,122.117599487305,150.652755737305,228.585723876953,189.648422241211,188.747314453125,182.145660400391,190.543991088867,182.840148925781,235.29963684082,315.280212402344,250.468124389648,276.834594726562,243.551803588867,287.682342529297,200.043472290039,203.690170288086,225.142883300781,227.897827148438,203.152236938477,218.897827148438,279.126708984375,54.9021301269531,150.102676391602,102.488380432129,201.055404663086,70.7878189086914,287.156860351562,49.0280570983887,203.858657836914,114.242286682129,233.286590576172,54.2197761535645,57.2235794067383,76,80.267578125,77.9203338623047,80.8406677246094,77.9203338623047,80,430.893310546875,418.477996826172,420.481292724609,419.764282226562,428.335113525391,414.468139648438,369.063232421875,377.484588623047,354.455505371094,352.337890625,368.700561523438,366.634063720703,317.137512207031,87.7766036987305,186.950958251953,116.454452514648,248.387939453125,76.2726058959961,2.50188162846391
98.1095037551136,39.3776504793792,80.7000026106834,-4.35773277282715,-12.7711820602417,-86.5682830810547,1006.51379394531,1.3199018239975,-13.4365205764771,14.7564220428467,5.96740674972534,-14.1584548950195,7.21444988250732,-17.4210166931152,194.950653076172,62.6798934936523,0.244534879922867,123.225547790527,142.024047851562,1.54453492164612,94.5271682739258,1.76429331302643,-0.0164849716186523,0.0233358554542065,0.0946048572659492,0.275000005960464,10,2001,3252.56518554688,123.015693664551,150.015701293945,136.507843017578,141.015701293945,126.507850646973,150.015701293945,186.382278442383,149.413681030273,154.89013671875,151.921524047852,157.397979736328,148.397979736328,229.492156982422,313.2197265625,243.554931640625,254.79035949707,237.047088623047,287.680511474609,194.711883544922,196.329605102539,197.727584838867,196.696197509766,188.188339233398,196.806060791016,285.445068359375,64.0156936645508,169.256713867188,111.952911376953,235.874435424805,71.5706329345703,317.429382324219,48.0941734313965,213.89013671875,127.633407592773,273.413665771484,66.6648025512695,35,76.9843063354492,78.9843063354492,78.4921493530273,79,77.4921493530273,78.9843063354492,444.397979736328,450.193939208984,427.350891113281,428.811645507812,436.366577148438,446.115447998047,360.89013671875,353.476470947266,374.921508789062,374.476470947266,374.952911376953,356.570617675781,276,81.298210144043,165.507843017578,112.984306335449,233.827346801758,70.4136734008789,2.49150222425003
98.1274700607959,39.3776504793792,76.3000026345253,-5.14809036254883,-12.19788646698,-79.8433151245117,1003.92199707031,0.89996862411499,-14.3871240615845,15.2870931625366,5.27709531784058,-14.9475202560425,6.48285961151123,-18.0875072479248,208.057723999023,66.7203369140625,0.29901796579361,122.880340576172,151.099761962891,1.65350115299225,100.520439147949,1.89901804924011,-0.0157336151123047,0.0234486069530249,0.0946048572659492,0.225000008940697,10,2001,3664.99389648438,110.155128479004,145.364013671875,125.540466308594,139.637664794922,115.751045227051,144.94287109375,177.552505493164,141.2890625,151.931900024414,149.856018066406,155.399063110352,142.960845947266,224.091293334961,331.115936279297,238.863647460938,268.160308837891,230.764770507812,297.292388916016,209.727081298828,221.257507324219,225.048583984375,225.371765136719,214.614624023438,224.254898071289,361.078857421875,94.8025360107422,222.511169433594,151.617538452148,303.292053222656,101.406997680664,365.442016601562,57.5337600708008,279.880187988281,139.093124389648,332.977416992188,92.6020126342773,50.3418960571289,73.1935119628906,78.6547317504883,74.9829406738281,77.9241180419922,74.8482437133789,78.6547317504883,423.270355224609,394.591735839844,393.798004150391,387.441619873047,401.787811279297,396.511566162109,367.867889404297,384.594909667969,381.597564697266,387.051910400391,384.252288818359,379.753570556641,432.271484375,83.0035629272461,197.088989257812,133.053939819336,289.769989013672,84.5799255371094,2.49195848066613
98.495779327285,39.3776504793792,192.800000309944,-4.27320528030396,-12.55908203125,-90.7394485473633,964.20751953125,1.70988750457764,-12.1311779022217,13.8410654067993,6.03190517425537,-13.5253190994263,7.40079784393311,-16.4981021881104,219.887268066406,71.9026718139648,0.200000002980232,123.08122253418,161.159774780273,1.45546507835388,106.406219482422,1.85546517372131,0.00819002685546875,0.0407835729420185,0.141771674156189,0.875,10,2001,3250.27807617188,115.010375976562,150.010375976562,127.316345214844,141.673736572266,121,148.010375976562,245.73551940918,211.559631347656,207.336196899414,204.917022705078,206.337097167969,204.885894775391,205.588729858398,332.148193359375,234.764617919922,286.629150390625,220.935302734375,319.506011962891,207.8876953125,212.337539672852,225.907989501953,222.010818481445,213.570907592773,219.020751953125,379.466125488281,65.1023788452148,186.552230834961,127.417373657227,251.712799072266,90.8162536621094,303.54931640625,50.6741828918457,206.783126831055,119.87036895752,264.519104003906,59.1546936035156,61.7043991088867,75.6633605957031,78.3474655151367,77.3267211914062,78.0004501342773,76.3267211914062,78.3474655151367,426.162536621094,428.671661376953,412.713592529297,414.019134521484,424.754638671875,419.957336425781,365.30712890625,358.980407714844,361.694732666016,363.970062255859,361.6640625,362.021911621094,419.756683349609,104.940643310547,202.358291625977,162.295776367188,299.738616943359,93.153076171875,2.5013117371963
98.5047624801261,39.3776504793792,166.500002145767,-4.17254638671875,-12.6323671340942,-91.4146118164062,966.491088867188,1.80069434642792,-12.0261745452881,13.8268690109253,6.16413021087646,-13.4411354064941,7.54368448257446,-16.4184741973877,221.030700683594,71.954719543457,0.200000002980232,122.389640808105,161.3134765625,1.63376128673553,106.642593383789,1.88793659210205,0.00842008666992188,0.0410998836159706,0.140726417303085,0.625,10,2001,3208.80493164062,115.515121459961,150.515121459961,127.484878540039,142.515121459961,121,148.515121459961,248.090713500977,206.848815917969,205.484878540039,200.879058837891,207.515121459961,199.333709716797,227.968643188477,347.119812011719,264.210540771484,305.301239013672,241.968643188477,336.665191650391,208.394180297852,215.030242919922,225.909286499023,224.030242919922,212.394180297852,220.030242919922,333.182525634766,65.605827331543,189.241882324219,123.545356750488,244.302352905273,89.6360626220703,328.7861328125,53.0302352905273,229.665176391602,128.787231445312,291.27099609375,63.6965293884277,62.545352935791,76,80.0302352905273,78,79.5151214599609,77,80.0302352905273,424.818572998047,424.637176513672,412.212768554688,411.667419433594,424.758117675781,416.091827392578,366.817474365234,359.817474365234,362.362823486328,364.302368164062,362.332580566406,364.8779296875,359.851043701172,113.697647094727,206.060470581055,164.152297973633,282.244110107422,94.3337020874023,2.50153986540436
98.5137456329673,39.3776504793792,166.500002145767,-3.73837852478027,-12.9669046401978,-95.1999359130859,971.147705078125,2.11372423171997,-11.515567779541,13.6292924880981,6.59827852249146,-13.0549945831299,8.01174926757812,-16.081506729126,216.032012939453,70.8465881347656,0.244182497262955,121.991516113281,157.208694458008,1.74418246746063,103.006958007812,1.94418251514435,0.008650146484375,0.0414224751293659,0.140726417303085,0.5,10,2001,3129.71337890625,115.266204833984,150.633102416992,125.899314880371,142.633102416992,120.633102416992,148.633102416992,241.460708618164,193.928298950195,196.19450378418,189.295181274414,199.19450378418,187.02897644043,241.532409667969,357.827606201172,281.129669189453,320.726928710938,255.899307250977,342.223480224609,204.266204833984,207.19450378418,222.633102416992,224.633102416992,210.100692749023,219.16552734375,299.518676757812,63.1296653747559,186.726913452148,118.762771606445,232.353149414062,90.6979370117188,334.187622070312,49.5972480773926,238.158645629883,132.129669189453,290.684173583984,62.2951889038086,61.7986259460449,76,80.6331024169922,78,80,77.3668975830078,80.6331024169922,422.6689453125,416.6689453125,407.769653320312,405.402740478516,416.266204833984,407.035858154297,374.064819335938,375.136535644531,369.964141845703,369.964141845703,373,374.798614501953,320.064819335938,98.4965591430664,210.568267822266,136.489685058594,245.525543212891,86.4317321777344,2.50176799361241
98.5227287858085,39.3776504793792,167.79999434948,-3.36017346382141,-13.2496271133423,-98.2862777709961,975.360961914062,2.37995219230652,-11.1015253067017,13.4814777374268,6.97782373428345,-12.7197599411011,8.41750431060791,-15.7986307144165,206.51985168457,67.197265625,0.255465149879456,121.508117675781,150.474273681641,1.67850530147552,99.1683044433594,1.95546519756317,0.00888020553588867,0.0417515411973,0.140726417303085,0.574999988079071,10,2001,2917.94848632812,114.694282531738,150.784530639648,125.260116577148,143.003219604492,120.56583404541,148.784530639648,230.307891845703,183.700622558594,185.61360168457,180.009567260742,188.61360168457,178.533981323242,239.513793945312,345.429901123047,270.212158203125,307.690002441406,254.166656494141,324.022369384766,203.694274902344,198.363143920898,223.440612792969,225.003219604492,210.302490234375,218.391784667969,275.531005859375,56.8047142028809,171.721771240234,109.30884552002,205.421447753906,87.4681930541992,306.280120849609,45.9470024108887,214.590957641602,123.180397033691,256.518981933594,53.2282600402832,58.5519943237305,76,80.3471374511719,78,80.2186965942383,77.6528625488281,80.1284484863281,427.496826171875,419.747283935547,414.111480712891,411.458618164062,416.350372314453,411.930999755859,369.590209960938,381.108276367188,363.319458007812,363.319458007812,373.437377929688,370.458526611328,331.117401123047,92.6762619018555,209.070922851562,117.279251098633,234.709335327148,83.5552139282227,2.50199612182046
98.5317119386497,39.3776504793792,169.599995017052,-3.37537574768066,-13.2237491607666,-97.4171752929688,977.62158203125,2.50369262695312,-11.0708274841309,13.5745191574097,7.04981899261475,-12.7416553497314,8.52128601074219,-15.783504486084,206.062149047852,67.6357727050781,0.203562900424004,122.516983032227,151.06315612793,1.60758483409882,99.2565994262695,1.90356302261353,0.00771941604614258,0.0429750047624111,0.140726417303085,0.724999964237213,10,2001,3002.25463867188,115.517158508301,152.099472045898,126.822792053223,144.752288818359,121.305633544922,150.099472045898,232.356048583984,184.162475585938,186.76838684082,181.045059204102,189.979904174805,179.462753295898,238.576934814453,343.00537109375,263.218475341797,306.616638183594,253.347183227539,326.714233398438,204.37614440918,203.413970947266,226.057922363281,226.681777954102,207.660049438477,221.15202331543,289.588836669922,60.1262969970703,167.939956665039,107.433517456055,207.928726196289,90.609130859375,302.413146972656,50.027099609375,199.361099243164,120.234855651855,253.612091064453,54.2043037414551,57.6997337341309,75.9294891357422,80.6528167724609,77.9294891357422,80.5823059082031,77.2766723632812,80,427.219024658203,415.714447021484,414.853607177734,413.141021728516,418.193572998047,411.759521484375,368.681518554688,380.594909667969,360.088470458984,359.524383544922,374.728698730469,367.365142822266,365.403076171875,93.2353973388672,201.042861938477,119.925765991211,247.162261962891,83.3943710327148,2.50222425002852
98.5406950914909,39.3776504793792,173.899993300438,-3.57993316650391,-13.0232257843018,-94.1850280761719,980.115234375,2.51461029052734,-11.3133535385132,13.8279638290405,6.9758677482605,-12.9662523269653,8.44439220428467,-15.9436416625977,209.120056152344,68.7701416015625,0.200000002980232,123.039726257324,153.807693481445,1.50011575222015,101.331253051758,1.91337323188782,0.00608798446655274,0.0444997176527977,0.140726417303085,0.824999988079071,10,2001,3077.521484375,116.575119018555,152.424880981445,127.424880981445,144.849761962891,120.849761962891,150.424880981445,240.901443481445,194.352157592773,193.751190185547,187.751190185547,198.4765625,186.901443481445,235.549285888672,345.300476074219,271.227752685547,308,253.575119018555,332.150238037109,204.424880981445,211.600952148438,225.699523925781,226.274642944336,206,218.823928833008,322.305267333984,71.9272766113281,179.953109741211,122.978950500488,236.755981445312,101.352157592773,334.382781982422,53.5751190185547,212.57991027832,127.20191192627,286.232543945312,57.1502380371094,60.4507179260254,75.4248809814453,80.4248809814453,77.4248809814453,79.8497619628906,77,80,419.373199462891,407.673675537109,411.549285888672,414.150238037109,416.549285888672,410.424865722656,376.201904296875,380.725372314453,363.751190185547,359.150238037109,377.300476074219,370.751190185547,388.025848388672,84.3473663330078,213.854553222656,126.875595092773,270.828704833984,78.6736831665039,2.50245237823657
98.5496782443321,39.3776504793792,142.800003290176,-3.64683890342712,-12.9410629272461,-92.6391754150391,984.132568359375,2.62205195426941,-11.3486127853394,13.9706649780273,7.02340078353882,-13.0690479278564,8.51075458526611,-15.9902372360229,210.831848144531,69.1191635131836,0.200000002980232,123.199684143066,155.328002929688,1.5,102.579833984375,2,0.00445655288696289,0.0460244305431843,0.149473965167999,0.525000035762787,10,2001,3098.75830078125,116.573066711426,152.42692565918,127.426933288574,143.57307434082,120.853866577148,150,245.146133422852,196.876815795898,198,193.280792236328,204.853866577148,191.57307434082,232.146133422852,338.034423828125,274.169067382812,302.449890136719,247.596008300781,326.596008300781,209.123184204102,222.257843017578,224.853866577148,228.415466308594,208.134658813477,220.55012512207,339.719207763672,81.7077331542969,189.719207763672,136.57307434082,261.415466308594,112.842391967773,367.123199462891,54,235.123184204102,133.57307434082,308.303741455078,58.4269332885742,64.2807998657227,75,80,77,78.5730667114258,76.5730667114258,80,418.97705078125,405.134674072266,414.97705078125,417.134674072266,421.257843017578,413.842376708984,371.899749755859,372.607482910156,360.742156982422,354.449890136719,370.034423828125,365.607482910156,378.618957519531,89.0887680053711,233.842391967773,132.415466308594,273.753631591797,78.6962585449219,2.50268050644462
98.5586613971733,39.3776504793792,125.499993562698,-3.09524607658386,-13.3382139205933,-96.7742919921875,992.266540527344,3.05227565765381,-10.7317762374878,13.7840518951416,7.61360836029053,-12.6215801239014,9.13562870025635,-15.580885887146,200.66975402832,65.3095779418945,0.200000002980232,122.080123901367,147.189102172852,1.5596330165863,97.3363494873047,2.0596330165863,0.00282512149810791,0.0475491434335709,0.15957148373127,0.400000005960464,10,2001,2914.18188476562,115.789779663086,152.931457519531,127.652687072754,143.068542480469,121.305381774902,150,238.561813354492,187.198623657227,194.376068115234,190.334136962891,201.123916625977,187.16584777832,235.318557739258,330.784637451172,263.309112548828,296.448638916016,241.143249511719,318.749420166016,206.814514160156,223.029312133789,217.778747558594,221.858581542969,199.785461425781,217.630905151367,327.055053710938,83.1682891845703,184.860473632812,131.329559326172,259.597564697266,116.268028259277,364.814514160156,52.3274154663086,232.814514160156,134.462371826172,291.882202148438,58.0951614379883,64.4005355834961,75.2787628173828,80,77,78.6260757446289,76.3473129272461,80,425.204071044922,401.245697021484,417.580108642578,415.475799560547,427.883361816406,413.365325927734,368.260192871094,375.725006103516,364.430908203125,362.386840820312,372.262634277344,369.003753662109,377.368530273438,113.54337310791,239.219375610352,144.535797119141,267.777923583984,94.0027389526367,2.50290863465268
98.5676445500145,39.3776504793792,125.499993562698,-2.61723971366882,-13.6618127822876,-99.8966751098633,998.606323242188,3.45954895019531,-10.2177562713623,13.6773052215576,8.10423278808594,-12.2222299575806,9.66415405273438,-15.2192602157593,191.059204101562,62.2187805175781,0.200000002980232,121.140449523926,139.440383911133,1.72186052799225,91.7085342407227,2.22186040878296,0.00119368991851807,0.0490738563239574,0.15957148373127,0.300000011920929,10,2001,2742.38500976562,115.608581542969,153.130615234375,127.869812011719,143.5224609375,120.955940246582,150.26123046875,228.073516845703,179.425735473633,187.295120239258,182.075958251953,192.292694091797,179.642486572266,242.357086181641,334.092987060547,256.906158447266,294.999145507812,242.00244140625,314.473815917969,195.506286621094,209.284957885742,206.0283203125,204.934036254883,184.110000610352,203.458923339844,303.534729003906,84.523323059082,175.335464477539,120.986534118652,245.763641357422,113.299560546875,342.534576416016,50.7371978759766,216.93473815918,132.083541870117,266.358764648438,56.5195960998535,61.1693801879883,75.9138793945312,80.130615234375,77.130615234375,79.6971435546875,76.9138793945312,80.130615234375,426.478820800781,394.556518554688,412.427032470703,410.732757568359,426.692687988281,406.991119384766,378.667541503906,396.158538818359,380.891998291016,383.811187744141,389.197296142578,389.419342041016,394.763824462891,130.715042114258,238.73747253418,155.404296875,275.533782958984,111.108032226562,2.50313676286073
98.5766277028557,39.3776504793792,134.700000286102,-2.35469460487366,-13.8566541671753,-101.978492736816,1001.91204833984,3.66664338111877,-9.92189598083496,13.5885391235352,8.37350177764893,-12.0163297653198,9.94867706298828,-15.0257511138916,185.22509765625,60.6910743713379,0.200000002980232,121.006340026855,135.092102050781,1.63229501247406,88.2758331298828,2.13229489326477,-0.000138510298728943,0.0503015853464603,0.15957148373127,0.449999988079071,10,2001,2653.58666992188,116.9052734375,153.63508605957,130.175445556641,145.54035949707,122.54035949707,151.27018737793,222.72981262207,175.0947265625,182.45964050293,177.0947265625,187.0947265625,175.0947265625,244.0947265625,331.649108886719,253.72981262207,289.37890625,242.36491394043,303.6630859375,200.607086181641,200.189453125,210.336898803711,203.25617980957,189.782531738281,204.16145324707,282.757843017578,92.1614456176758,160.122741699219,110.743827819824,226.582382202148,106.378913879395,305.259490966797,54.9859962463379,204.378921508789,114.501655578613,238.231475830078,55.3649101257324,56.5543670654297,76.6350936889648,80.6350936889648,77.6350936889648,80.6350936889648,77.6350936889648,80.6350936889648,432.891265869141,407.228179931641,416.5263671875,417.066711425781,429.7158203125,411.161437988281,366.866577148438,392.582366943359,372.771820068359,379.947296142578,380.501647949219,384.042022705078,386.501647949219,139.810546875,229.298187255859,145.042007446289,273.743835449219,113.64909362793,2.50336489106878
98.5856108556969,39.3776504793792,128.800004720688,-2.3204824924469,-13.8554372787476,-101.827819824219,1002.66302490234,3.71180772781372,-9.89592361450195,13.6077308654785,8.41900825500488,-12.0004968643188,9.98610305786133,-15.0052375793457,184.336273193359,60.4438819885254,0.200000002980232,121.336631774902,134.83805847168,1.5,88.3038101196289,2,-0.000118510186672211,0.0501872673630714,0.15957148373127,0.5,10,2001,2630.55590820312,118.973876953125,154,132.486938476562,147,124.486938476562,152,222.486938476562,179.843246459961,182.94775390625,177.94775390625,186.973876953125,177.8955078125,230.826553344727,311.931060791016,249.591430664062,280.617553710938,234.208999633789,286.748168945312,205.591430664062,197.513061523438,221.408569335938,216.277938842773,202.921630859375,215.356307983398,261.339630126953,79.4963684082031,142.235122680664,103.07837677002,202.852676391602,85.9310531616211,273.748168945312,56.0783729553223,192.695938110352,102.460815429688,217.669815063477,52.5653114318848,54.4869384765625,77,81,78.4869384765625,81,78.4869384765625,81,443.84326171875,426.330200195312,428.330200195312,427.8955078125,440.304077148438,420.408569335938,350.078369140625,376.15673828125,350.26123046875,356.339630126953,357.26123046875,363.722045898438,377.869384765625,112.783737182617,208.365737915039,124.722061157227,287.016693115234,96.3657455444336,2.50359301927683
98.5945940085381,39.3776504793792,137.40000128746,-2.67593121528625,-13.5404939651489,-97.5918807983398,1001.71844482422,3.55654501914978,-10.3252973556519,13.8818426132202,8.13265037536621,-12.3375196456909,9.66994190216064,-15.2807283401489,194.977523803711,63.6558074951172,0.200000002980232,121.603874206543,142.69123840332,1.5,93.8561477661133,2,-9.85100746154785e-05,0.0500729531049728,0.15957148373127,1.45000004768372,10,2001,2757.36767578125,118.627433776855,152.983581542969,131.974914550781,145.30598449707,123.297302246094,150.983581542969,223.668930053711,183.863067626953,186.998123168945,179.287689208984,189.337860107422,178.203750610352,232.107879638672,297.996734619141,258.596496582031,274.722869873047,240.368591308594,277.842437744141,206.803985595703,198.702697753906,226.972091674805,226.885330200195,208.997177124023,224.292602539062,251.274810791016,63.7177276611328,142.642684936523,100.052055358887,203.46403503418,76.4011917114258,283.137878417969,50.6804275512695,198.343505859375,103.973968505859,230.763427734375,50.3821830749512,55.6689338684082,77,80.6611938476562,78.6525192260742,80.6611938476562,78.6525192260742,80.6611938476562,442.103393554688,429.499176025391,428.111114501953,424.815704345703,439.738555908203,417.840789794922,350.101287841797,371.798126220703,344.916778564453,348.307647705078,351.916778564453,357.85791015625,365.973022460938,89.6354446411133,202.374221801758,121.568359375,286.705963134766,83.2593383789062,2.50382114748489
98.1274700607959,39.368667326538,80.3999975323677,-4.85591840744019,-12.4695243835449,-81.6645660400391,1016.78729248047,1.08824360370636,-14.1931133270264,15.2813568115234,5.64318561553955,-14.8196802139282,6.86347198486328,-17.996488571167,204.595657348633,65.8155822753906,0.300000011920929,123.076591491699,148.705902099609,1.60000002384186,98.882453918457,1.90000009536743,-0.0158685394287109,0.0231187287718058,0.0946048572659492,0.25,10,2001,3510.3359375,113.447341918945,147.555358886719,127.546722412109,139.23193359375,118.151779174805,146.900619506836,171.83610534668,137.015762329102,146.429809570312,142.824752807617,148.68962097168,137.869277954102,204.029815673828,312.876251220703,216.758544921875,245.73518371582,215.601699829102,280.757781982422,212.934432983398,210.905670166016,222.821105957031,220.176834106445,212.365127563477,220.381652832031,351.999542236328,69.6388092041016,202.206939697266,139.00212097168,270.531951904297,77.6501541137695,333.043853759766,54.5352516174316,234.128494262695,134.557067871094,288.207885742188,82.9632415771484,38.9476051330566,75.5414276123047,79,76.5414276123047,78.2955627441406,76.196174621582,78.950309753418,427.945953369141,414.851867675781,406.63916015625,399.777770996094,414.194519042969,416.333129882812,358.514556884766,374.242462158203,370.539733886719,380.700164794922,373.144775390625,363.285217285156,428.514373779297,75.4349822998047,264.023742675781,133.693023681641,329.846038818359,80.1917037963867,2.49252709640616
98.2532342005727,39.368667326538,112.499997019768,-7.12240695953369,-10.9773893356323,-66.3647308349609,1017.27593994141,-0.129888266324997,-16.6800346374512,16.5501461029053,3.8341076374054,-19.4213809967041,4.87050771713257,-19.9654655456543,252.059631347656,80.3608551025391,0.44295272231102,120.239875793457,179.162475585938,2.68943667411804,118.01781463623,2.85684704780579,-0.0143017379760742,0.025591105222702,0.101858496665955,0.600000023841858,10,2001,3783.86157226562,110.645790100098,144.765655517578,125.411445617676,137,117.645790100098,142.177108764648,239.525924682617,171.17170715332,188.697631835938,178.697631835938,191.051849365234,167.348815917969,196.583160400391,331.719207763672,223.474075317383,257.125244140625,199.463287353516,289.48486328125,198.703033447266,198.109085083008,186.051849365234,196.286193847656,189.937377929688,200.463287353516,352.379089355469,83.6922454833984,207.160934448242,128.874740600586,278.806732177734,91.3380355834961,341.395263671875,54.062629699707,257.989227294922,166.651184082031,306.812103271484,92.3488159179688,60,73.1771011352539,80,75.1771011352539,78.5885543823242,74.7656555175781,79,421.708404541016,413.422241210938,415.187896728516,417.073425292969,421.713806152344,407.2451171875,380.177093505859,388.880126953125,398.76025390625,386.228942871094,388.937377929688,392.291595458984,510.504364013672,144.098297119141,323.207397460938,222.994613647461,453.171722412109,162.348815917969,2.49572162007986
98.2622173534139,39.368667326538,180.7000041008,-6.08907985687256,-11.4815874099731,-70.7076034545898,1020.63098144531,0.613136112689972,-15.6307592391968,16.2438945770264,4.75298404693604,-17.2551860809326,5.84230136871338,-19.0828304290771,239.095764160156,76.2005996704102,0.400000005960464,120.265670776367,170.258071899414,2.43620705604553,112.62670135498,2.5,-0.0136381729125977,0.025591105222702,0.101858496665955,0.824999988079071,10,2001,3572.87158203125,108.559883117676,146.44010925293,124.559883117676,137.44010925293,115.559883117676,143.44010925293,231.919189453125,152.236618041992,170.958145141602,161.398254394531,175.838363647461,152.757553100586,188.679656982422,343.718597412109,220.518020629883,264.799407958984,192.640701293945,307.119781494141,189.27848815918,182.598831176758,177,185.55989074707,180.598831176758,188.359298706055,339.48779296875,71.2813949584961,197.562789916992,127.80233001709,258.760467529297,77.2813949584961,339.805236816406,61.640697479248,250.161636352539,162.317443847656,297.721527099609,89.2005844116211,57.7994194030762,74,80,76,79,76,79.4401168823242,419.718597412109,422.598846435547,425.158721923828,429.83837890625,426.278472900391,417.359313964844,392.002899169922,394.802337646484,397.841278076172,384.601745605469,394.122680664062,394.281402587891,514.529663085938,133.083724975586,276.437194824219,219.961044311523,413.111022949219,151.27848815918,2.49594980034227
98.4688298687614,39.368667326538,196.799993515015,-4.68658971786499,-12.3826742172241,-87.6618499755859,966.392639160156,1.17086696624756,-12.9582662582397,14.1291332244873,5.5217227935791,-13.9834833145142,6.78773164749146,-17.0434646606445,225.351837158203,72.9042816162109,0.252685844898224,122.424751281738,164.381362915039,1.50537168979645,109.230461120605,1.85268592834473,0.00399999465942383,0.0387584865093231,0.141804173588753,0.949999988079071,10,2001,3430.095703125,112.247283935547,151.346862792969,127.653129577637,142.44645690918,119.702926635742,149,235.795013427734,187.644409179688,197.483688354492,183.920944213867,199.297073364258,181.902557373047,220.70491027832,346.751800537109,260.717010498047,295.045959472656,233.24006652832,324.256011962891,192.13053894043,203.123779296875,217.953872680664,221.588623046875,208.294921875,215.837585449219,354.243621826172,57.4355735778809,191.095748901367,120.345176696777,269.365539550781,85.5815811157227,344.454711914062,43.4836807250977,217.306259155273,144.866851806641,287.881103515625,65.5426635742188,57.8025131225586,75.6033401489258,80.7029266357422,76.9004135131836,79.6531295776367,76.6033401489258,80.7029266357422,432.001220703125,411.388702392578,407.617584228516,402.161956787109,417.062347412109,407.586181640625,376.165313720703,385.487518310547,374.478332519531,376.249420166016,374.939788818359,375.873291015625,466.451690673828,92.7179489135742,248.002746582031,163.05485534668,314.815277099609,86.2221603393555,2.50119794637764
98.4778130216026,39.368667326538,195.500001311302,-4.49648952484131,-12.5428066253662,-89.6059417724609,968.363159179688,1.24993145465851,-12.7488107681274,13.9987421035767,5.6800651550293,-13.8299875259399,6.94608020782471,-16.9120388031006,221.893646240234,72.1653060913086,0.200000002980232,122.962348937988,162.517288208008,1.39999997615814,107.736473083496,1.80000007152557,0.00549650077819824,0.0395643226802349,0.141804173588753,0.725000023841858,10,2001,3342.1474609375,112.653091430664,151.653091430664,127.198020935059,142.504196166992,119.198020935059,148.851104736328,240.417510986328,198.428695678711,203.194076538086,191.104217529297,202.928634643555,191.469421386719,214.557479858398,334.439605712891,244.849502563477,290.799194335938,231.354019165039,317.740173339844,187.220458984375,199.195053100586,210.664138793945,216.674041748047,200.821441650391,210.376266479492,362.435607910156,60.6054420471191,187.990310668945,124.581718444824,257.982666015625,90.8049545288086,338.486480712891,47.4074211120605,214.907165527344,137.036468505859,276.075714111328,66.8103790283203,58.2402381896973,75.0491333007812,80.0491333007812,76.8511123657227,79.0491333007812,76.1980209350586,80.0491333007812,420.926635742188,405.261169433594,402.790588378906,398.841217041016,413.245666503906,400.8720703125,392.506011962891,395.543762207031,386.545257568359,384.335845947266,386.585998535156,388.553649902344,470.892761230469,72.6991195678711,222.056884765625,157.765197753906,306.369354248047,74.5307769775391,2.50142612664005
98.4867961744438,39.368667326538,207.100003957748,-4.64355421066284,-12.4606313705444,-89.1171035766602,966.039001464844,1.12835586071014,-12.854434967041,13.9827909469604,5.5409688949585,-13.9537963867188,6.80195713043213,-17.0094718933105,223.818923950195,72.7898788452148,0.200000002980232,122.78246307373,163.730392456055,1.39999997615814,108.456344604492,1.80000007152557,0.00593139343261719,0.0396232716739178,0.141804173588753,1.10000002384186,10,2001,3397.26879882812,112.346954345703,151.345504760742,127.00072479248,141.691741943359,119.00072479248,148.346237182617,256.2509765625,206.226547241211,212.448760986328,200.145553588867,213.716171264648,200.18424987793,215.24169921875,346.198852539062,247.728439331055,297.423797607422,239.075393676758,324.081878662109,188.578552246094,193.774169921875,208.303207397461,215.29670715332,197.344787597656,207.99494934082,366.025970458984,63.6374473571777,198.656112670898,135.084777832031,243.942657470703,96.2525253295898,373.217407226562,50.6186866760254,209.495498657227,141.788772583008,279.11767578125,65.3906936645508,61.5742225646973,74.3462295532227,79.3469543457031,76.3462295532227,78.3462295532227,76,79.3469543457031,411.810699462891,407.531188964844,399.379150390625,397.344787597656,409.722503662109,399.30322265625,399.956970214844,398.695343017578,392.317626953125,386.705444335938,393.278961181641,392.701843261719,511.840850830078,72.4711380004883,208.458969116211,147.578384399414,308.270568847656,77.459587097168,2.50165430690245
98.495779327285,39.368667326538,195.299997925758,-4.68126344680786,-12.4513149261475,-89.3479309082031,964.181823730469,1.11232459545135,-12.8257646560669,13.9380893707275,5.51348352432251,-13.9599580764771,6.77598428726196,-16.9949989318848,224.990707397461,73.1825485229492,0.200000002980232,122.455139160156,164.282531738281,1.39999997615814,108.703269958496,1.80000007152557,0.00636628646850586,0.0396793186664581,0.141771674156189,1.10000002384186,10,2001,3365.18994140625,112.505577087402,150.494415283203,127.505577087402,140.494415283203,119.505577087402,148,255.877243041992,206.472106933594,209.910720825195,199.944198608398,211.899566650391,198.944198608398,226.089279174805,365.572540283203,254.494415283203,305.516754150391,246,335.550231933594,192.516738891602,194.033477783203,205.966522216797,208.416305541992,195.988845825195,204.4609375,384.200866699219,80.6729736328125,211.033477783203,148.572540283203,249.639495849609,114.672973632812,370.148468017578,54.5279006958008,229.25666809082,162.661819458008,287.527893066406,68.0446395874023,62.4832611083984,74,79.5055770874023,76,78,76,79.5055770874023,409.516754150391,406.449768066406,393.955352783203,395.988830566406,401.933044433594,396.966522216797,397.966522216797,400.022308349609,400.078125,395.100433349609,402.078125,398.572540283203,487.914123535156,85.5836944580078,230.773406982422,141,339.312469482422,82.4944229125977,2.50188248716486
98.5047624801261,39.368667326538,190.500006079674,-4.40293216705322,-12.6705131530762,-92.125,965.645812988281,1.25272536277771,-12.5065727233887,13.7592973709106,5.77056074142456,-13.6902208328247,7.05421495437622,-16.7614078521729,221.710830688477,72.187744140625,0.200000002980232,122.521713256836,162.017471313477,1.50656723976135,107.093780517578,1.83552253246307,0.00680117874145508,0.0397326797246933,0.140726417303085,0.899999976158142,10,2001,3314.95092773438,113.357406616211,150,128,139.642593383789,120,147.285186767578,248.216690063477,203.642593383789,201.285186767578,194.285186767578,204.072235107422,193.642593383789,221.133255004883,369.140716552734,248.638854980469,306.642578125,238.494400024414,339.285186767578,195.429641723633,200.931503295898,206.216690063477,204.574096679688,196.787048339844,203.501861572266,386.988800048828,84.9203033447266,209.711090087891,148.924041748047,257.711090087891,117.848075866699,346.863006591797,56.2851791381836,239.848083496094,158.772109985352,300.364868164062,67.3536758422852,62.4296379089355,74.7148208618164,80.3574066162109,76.7148208618164,78.7148208618164,76.3574066162109,80.3574066162109,408.498138427734,404.501861572266,393.216674804688,398.216674804688,398.501861572266,395.787048339844,396.072235107422,395.209228515625,400.566619873047,397.209228515625,404.711090087891,400.711090087891,484.607696533203,92.2851791381836,260.003723144531,148.863006591797,358.422180175781,83.0722274780273,2.50211066742727
98.5137456329673,39.368667326538,189.099997282028,-4.25652313232422,-12.7881698608398,-93.6603088378906,966.215637207031,1.36993384361267,-12.2984199523926,13.6683540344238,5.91307735443115,-13.5450429916382,7.21661281585693,-16.6289768218994,220.584716796875,71.7510757446289,0.200000002980232,122.457664489746,161.231338500977,1.62785649299622,106.526359558105,1.8487194776535,0.00723607177734375,0.0397835411131382,0.140726417303085,3.84999990463257,10,2001,3253.15698242188,114.280693054199,150.418518066406,128,140.184112548828,120.627777099609,146.903411865234,250.457763671875,203.974853515625,201.531188964844,195.996002197266,205.586532592773,195.64892578125,209.030044555664,360.917388916016,245.671005249023,306.765594482422,231.033111572266,337.438598632812,198.285751342773,207.530258178711,210.759613037109,208.784759521484,199.938674926758,207.872283935547,358.045928955078,73.2483596801758,201.979782104492,141.389251708984,249.979782104492,104.661827087402,350.01611328125,56.3219337463379,225.197021484375,137.423294067383,309.562469482422,61.4194488525391,63.1931648254395,75.7243576049805,80.4436645507812,77.7243576049805,79.5150985717773,76.8621826171875,80.4436645507812,407.057342529297,412.848205566406,400.270721435547,405.47998046875,404.337097167969,403.123840332031,394.656921386719,379.759368896484,388.969665527344,385.735260009766,395.514984130859,389.003875732422,510.986145019531,94.623779296875,257.2353515625,155.992034912109,341.494750976562,85.6328277587891,2.50233884768968
98.5227287858085,39.368667326538,189.099997282028,-4.38165760040283,-12.697660446167,-92.819694519043,964.18212890625,1.30113768577576,-12.402135848999,13.7032737731934,5.81756448745728,-13.6398181915283,7.11000299453735,-16.7014236450195,221.331100463867,71.6974411010742,0.200000002980232,122.333557128906,161.931488037109,1.60883700847626,107.384887695312,1.89302790164948,0.00767096481323242,0.0398320741951466,0.140726417303085,0.824999988079071,10,2001,3187.94262695312,115.428009033203,151.428009033203,127.938873291016,142.508895874023,122.019760131836,148.142013549805,246.451583862305,205.978271484375,204.467407226562,202.28205871582,206.244506835938,201.629180908203,219.134017944336,349.353149414062,254.524719238281,307.53076171875,235.954574584961,334.53271484375,201.711791992188,211.936782836914,213.100280761719,209.366516113281,203.181167602539,211.46728515625,339.205474853516,78.5660858154297,196.960357666016,141.753402709961,246.060638427734,109.810592651367,335.151489257812,58.0198860168457,226.384674072266,140.443954467773,301.780670166016,61.3253936767578,60.777099609375,76,79.5719909667969,78,79.2248687744141,77.0611267089844,79.5719909667969,411.384552001953,425.055358886719,407.140167236328,412.548553466797,411.098571777344,414.994232177734,386.903656005859,362.946746826172,379.759552001953,378.084930419922,385.067413330078,373.538482666016,429.3603515625,101.201545715332,237.642333984375,149.43391418457,327.06689453125,88.2032623291016,2.50256702795208
98.5317119386497,39.368667326538,179.800003767014,-4.26043319702148,-12.7694244384766,-93.1575927734375,966.313842773438,1.47993648052216,-12.2400484085083,13.7199850082397,5.98016023635864,-13.5206336975098,7.30914974212646,-16.5839576721191,219.525619506836,71.6843414306641,0.200000002980232,122.989540100098,161.175277709961,1.60256135463715,106.546043395996,1.90000009536743,0.00689346923828125,0.0410006232559681,0.140726417303085,0.949999988079071,10,2001,3248.57470703125,116,152,127.434150695801,143.434143066406,121.868301391602,149,245.829254150391,208.131698608398,207.697555541992,206,208.263397216797,205.565856933594,230.960952758789,340.604888916016,259.302459716797,303.341491699219,242.263397216797,328.341491699219,209.921890258789,216.395095825195,222.185287475586,218.316986083984,212.619445800781,217.658493041992,375.058166503906,84,200.224349975586,144.697555541992,258.409637451172,117.263397216797,334.882843017578,54.9073524475098,228.302444458008,141.907348632812,305.448699951172,63.6975479125977,59.5658493041992,76,79,78,78.4341506958008,77.5658493041992,79,416.263397216797,428.604888916016,407.0390625,410.209808349609,416.263397216797,418.0390625,373.814697265625,354.434143066406,370.775665283203,371.473205566406,370.683013916016,364.302459716797,384.712097167969,95.6830062866211,242.370590209961,144,324.526794433594,86.6049041748047,2.50279520821449
98.5406950914909,39.368667326538,164.800003170967,-4.359778881073,-12.6598052978516,-91.0730285644531,966.950744628906,1.58830153942108,-12.3137140274048,13.9020147323608,5.99118232727051,-13.6060771942139,7.33112096786499,-16.6194515228271,223.244644165039,73.6503753662109,0.200000002980232,123.653854370117,164.270492553711,1.60256135463715,108.021194458008,1.90651535987854,0.00570572052001953,0.0425486378371716,0.140726417303085,0.675000011920929,10,2001,3243.55615234375,115.58228302002,151.582290649414,127,142.582290649414,120.58228302002,149,249.253143310547,203.152008056641,205.658294677734,200.569717407227,207.911437988281,200.569717407227,228.152008056641,339.253143310547,264.683410644531,300.670867919922,244.417709350586,322.329132080078,209.31657409668,218.164566040039,224.987426757812,223.240570068359,213.31657409668,219.493713378906,402.468597412109,83.5822830200195,207.088562011719,145.582290649414,276.847991943359,117.329147338867,366.556549072266,53.5062828063965,229.088562011719,142.177139282227,319.594848632812,64.1645736694336,61.6708564758301,75.5822830200195,79.4177169799805,77.1645736694336,78,77.1645736694336,79.4177169799805,423.430267333984,423.911437988281,411.518859863281,413.772003173828,422.594848632812,418.341705322266,367.253143310547,357.759429931641,363.493713378906,362.987426757812,363.670867919922,362.164581298828,411.037689208984,89.5062866210938,250.481155395508,148.594848632812,331.341705322266,84.4177169799805,2.5030233884769
98.5496782443321,39.368667326538,161.500006914139,-3.99638414382935,-12.8904266357422,-92.9437637329102,974.4033203125,1.98521733283997,-11.884840965271,13.8700580596924,6.42622327804565,-13.3068742752075,7.82895088195801,-16.3476734161377,217.48388671875,71.7612686157227,0.200000002980232,123.395248413086,159.933364868164,1.60256135463715,105.038604736328,1.95904362201691,0.00451797218322754,0.0440966486930847,0.149473965167999,0.575000047683716,10,2001,3184.27124023438,115.077651977539,151.616851806641,126.460807800293,142.077651977539,120.077651977539,149.269592285156,245.64469909668,193.660751342773,199.464431762695,192.931076049805,202.692291259766,192.391891479492,227.827056884766,346.158996582031,271.67919921875,305.115783691406,247.618316650391,323.276184082031,199.355239868164,210.684967041016,214.618255615234,215.46369934082,199.311279296875,211.343566894531,366.300964355469,84.4256362915039,200.984634399414,140.764099121094,277.172943115234,117.467384338379,383.022918701172,55.4556999206543,226.758987426758,143.449127197266,314.092346191406,62.0769157409668,63.9589920043945,75.3472518920898,79.9223480224609,76.4249038696289,78.539192199707,76.4249038696289,79.9223480224609,433.495300292969,421.11865234375,423.837432861328,426.526092529297,433.537780761719,422.378784179688,366.879852294922,368.771484375,361.544311523438,358.010223388672,366.498199462891,366.277648925781,414.376678466797,96.8476486206055,236.275375366211,148.484283447266,324.055694580078,87.3487243652344,2.5032515687393
98.5586613971733,39.368667326538,134.700000286102,-3.41014838218689,-13.2907094955444,-96.9484939575195,982.82470703125,2.4917733669281,-11.2188453674316,13.710618019104,7.06043529510498,-12.8190660476685,8.52531814575195,-15.901834487915,206.905517578125,67.5136795043945,0.200000002980232,121.861206054688,151.224227905273,1.65769553184509,99.568733215332,2.05513405799866,0.00333022346496582,0.0456446632742882,0.15957148373127,0.5,10,2001,2930.20581054688,115.12149810791,152.669921875,126.05908203125,142.364501953125,120.24299621582,150.017211914062,235.925537109375,187.667617797852,194.441833496094,189.660171508789,197.257919311523,187.990249633789,239.112213134766,347.128662109375,267.744171142578,304.014373779297,251.162582397461,321.347808837891,195.552536010742,200.484497070312,208.285659790039,209.681503295898,188.789901733398,203.355529785156,320.723724365234,82.983039855957,180.729827880859,128.238662719727,260.055786132812,114.268173217773,357.676147460938,53.0526657104492,217.335250854492,133.151580810547,286.4814453125,59.0526657104492,63.8022079467773,75.8957061767578,80.1214981079102,76.8957061767578,79.6699142456055,76.8957061767578,80.1214981079102,440.457214355469,417.674285888672,428.496002197266,428.791656494141,442.418670654297,420.205505371094,363.459045410156,382.188507080078,363.33984375,361.526824951172,368.687133789062,376.43896484375,388.203521728516,104.901336669922,226.626541137695,139.227615356445,300.324249267578,92.6968765258789,2.50347974900171
98.5676445500145,39.368667326538,123.400002717972,-2.85104942321777,-13.6770133972168,-100.689926147461,991.066101074219,2.97850775718689,-10.605110168457,13.5836181640625,7.6651439666748,-12.337121963501,9.18117141723633,-15.4838666915894,195.669021606445,63.8971099853516,0.217242822051048,121.143981933594,142.554275512695,1.82492673397064,93.511848449707,2.2223653793335,0.00214247493743897,0.0471926778554916,0.15957148373127,0.524999976158142,10,2001,2765.93896484375,115.626091003418,153.626083374023,128.130447387695,143.878265380859,121.252174377441,151.252182006836,230.121734619141,184.121734619141,191.121734619141,187.747817993164,195,185.121734619141,243.747817993164,312.791198730469,253.721710205078,281.321685791016,246.860855102539,294.060791015625,198.008712768555,203.643493652344,215.773941040039,211.008712768555,191.391326904297,207.643493652344,286.965179443359,67.9651794433594,154.834732055664,106.460823059082,231.199935913086,87.3129730224609,309.791198730469,48.6173820495605,210.243469238281,113.339088439941,244.930358886719,54.6173820495605,59.9912948608398,76.626091003418,80.626091003418,77.626091003418,80.626091003418,77.626091003418,80.626091003418,440.869567871094,406.852142333984,419.599975585938,416.469543457031,438.356506347656,408.599975585938,361.373901367188,390.130432128906,365.252166748047,372.521759033203,370.878265380859,383.756530761719,370.739105224609,106.495643615723,227.886962890625,136.504348754883,277.721710205078,97.7565307617188,2.50370792926412
98.5766277028557,39.368667326538,123.400002717972,-2.71053910255432,-13.7821702957153,-101.707046508789,993.876342773438,3.12289476394653,-10.4283857345581,13.5512809753418,7.84103488922119,-12.2289447784424,9.37334251403809,-15.3707284927368,194.203552246094,63.7903671264648,0.251280665397644,121.247016906738,141.52815246582,1.85896456241608,92.3618240356445,2.25640320777893,0.00117530059814453,0.048438549041748,0.15957148373127,0.450000017881393,10,2001,2729.21142578125,116.95597076416,154,131.91194152832,145.477981567383,122.95597076416,151.522018432617,228.044021606445,189.691818237305,192.867919921875,188.433959960938,196.433959960938,186.867919921875,243.955978393555,293.081756591797,252.603759765625,272.081756591797,248.213836669922,280.603759765625,199.566040039062,203.308181762695,217.786163330078,213.522018432617,195.566040039062,211.610061645508,274.522003173828,59.8238945007324,149.603759765625,101.125778198242,209.698120117188,69.8238983154297,287.213836669922,51.7358436584473,212.301879882812,106.257858276367,224.345901489258,52.4779853820801,57.9559745788574,77,81,78.4779891967773,81,78.4779891967773,81,442.345916748047,412.383636474609,422.4716796875,417.4716796875,438.691802978516,412.427673339844,358.132080078125,384.830200195312,360.26416015625,369.006286621094,366.26416015625,375.962280273438,373.691802978516,109.301879882812,214.792465209961,136.08805847168,285.685516357422,107.169807434082,2.50393610952653
98.5856108556969,39.368667326538,125.200003385544,-2.80334520339966,-13.7040700912476,-100.955017089844,992.723083496094,3.06936144828796,-10.5060806274414,13.5754423141479,7.75691986083984,-12.3149442672729,9.2853479385376,-15.4337873458862,197.743057250977,64.2634963989258,0.251280665397644,120.514869689941,143.586196899414,1.85896456241608,94.3281326293945,2.5463399887085,0.00120488204956055,0.0483190752565861,0.15957148373127,0.449999988079071,10,2001,2752.15014648438,117.635070800781,153.340194702148,131.95051574707,145.652587890625,122.975257873535,150.687606811523,230.663986206055,196.754806518555,194.905197143555,189.287643432617,197.947463989258,189.565017700195,238.36686706543,312.234497070312,264.653900146484,287.605529785156,249.823745727539,300.241729736328,203.001113891602,199.874145507812,211.887481689453,214.667037963867,197.021682739258,210.077285766602,285.894104003906,63.8598937988281,169.901519775391,112.341506958008,215.714584350586,79.7981796264648,317.855377197266,56.1403121948242,220.14143371582,114.116683959961,257.56884765625,54.6320114135742,60.2845916748047,76.6700973510742,80.6700973510742,78.3226776123047,80.3401870727539,78.3226776123047,80.6700973510742,440.598937988281,425.190002441406,430.620819091797,426.610534667969,441.795959472656,421.915710449219,355.764892578125,374.953369140625,357.509216308594,358.722442626953,361.199890136719,368.007019042969,359.970794677734,101.635894775391,197.290298461914,130.441101074219,288.516571044922,101.211196899414,2.50416428978893
98.5945940085381,39.368667326538,148.699998855591,-3.08701419830322,-13.4781837463379,-98.1542358398438,990.597351074219,2.90963196754456,-10.8255138397217,13.7351455688477,7.51313209533691,-12.5717897415161,9.01516437530518,-15.6419925689697,206.667388916016,66.7300796508789,0.251280665397644,119.930572509766,149.40852355957,1.85896456241608,98.3756332397461,2.87177109718323,0.00123446350097656,0.0481995977461338,0.15957148373127,0.600000023841858,10,2001,2871.20068359375,116.801933288574,151.967559814453,128.811874389648,144.620086669922,121.496856689453,149.620086669922,235.814514160156,198.818420410156,195.497116088867,190.149658203125,199.272888183594,191.347717285156,232.494735717773,326.833374023438,271.327850341797,296.109649658203,247.212173461914,315.245452880859,209.788345336914,204.450820922852,212.486923217773,216.626373291016,201.691268920898,210.775772094727,309.674835205078,68.3642120361328,189.914764404297,120.675575256348,236.064422607422,94.2922897338867,353.636932373047,54.0099334716797,230.435394287109,122.386726379395,303.4580078125,59.8995399475098,62.7012100219727,76.1656188964844,79.9837799072266,77.5130767822266,79.3312377929688,77.5130767822266,79.9837799072266,433.740936279297,424.753540039062,425.714782714844,423.581634521484,437.078491210938,417.912872314453,356.305084228516,370.795654296875,361.616455078125,359.7919921875,361.230255126953,371.311370849609,331.707122802734,92.0381546020508,202.39665222168,128.458648681641,274.405487060547,86.4274673461914,2.50439247005134
98.6035771613793,39.368667326538,160.400003194809,-3.71325159072876,-12.9885282516479,-92.4232788085938,986.902465820312,2.52291965484619,-11.5371494293213,14.0600690841675,6.97794055938721,-13.1463708877563,8.43054294586182,-16.1164779663086,219.188568115234,70.4333724975586,0.28080826997757,120.519836425781,159.075897216797,2.00660252571106,105.612236022949,2.64644980430603,0.00126404495239258,0.0480801239609718,0.157692179083824,0.800000011920929,10,2001,3107.37109375,115.627410888672,150.593612670898,127.279907226562,142.941116333008,120.966201782227,147.941116333008,236.897796630859,203.96435546875,200.616851806641,194.930557250977,203.006866455078,197.336944580078,240.683395385742,330.830200195312,277.626373291016,296.940307617188,257.607086181641,316.543426513672,209.8154296875,204.187225341797,212.279907226562,215.907318115234,203.111724853516,209.254821777344,330.768188476562,80.5048904418945,202.337753295898,132.929504394531,253.369689941406,111.868766784668,361.925537109375,53.5848999023438,245.607894897461,136.089782714844,319.000793457031,67.8550491333008,64.3387908935547,76,79.3475036621094,77.6862945556641,79,77.6862945556641,79.3475036621094,434.388153076172,426.77978515625,425.88037109375,424.914978027344,438.455749511719,418.948791503906,355.79638671875,369.032989501953,361.187225341797,359.143890380859,358.46630859375,371.79638671875,329.6435546875,110.763671875,215.776092529297,136.62451171875,290.997436523438,95.4103546142578,2.50462065031375
98.6125603142205,39.368667326538,145.799994468689,-3.68022108078003,-13.0084381103516,-92.5286331176758,987.333068847656,2.54994320869446,-11.512788772583,14.0627317428589,7.0100302696228,-13.1108865737915,8.45963096618652,-16.0949363708496,218.587768554688,70.9037094116211,0.300000011920929,121.265716552734,159.256759643555,2.03348278999329,105.138084411621,2.5,0.00129362640380859,0.0479606501758099,0.15747919678688,0.525000035762787,10,2001,3032.31567382812,115,149.461776733398,126.461769104004,142,120.461769104004,147,240.30583190918,208.614685058594,205.076461791992,199.076461791992,208.229370117188,202.614685058594,246.385314941406,333.229370117188,277.232391357422,300.920501708984,262.232391357422,314.538238525391,202.003021240234,201.923538208008,211.461776733398,214.461776733398,194.850112915039,208,332.926574707031,88.5382308959961,202.69416809082,137.308853149414,259.385314941406,120.461769104004,355.694183349609,52.3853149414062,245.311889648438,142.923538208008,314.079498291016,66.0030288696289,64.4617691040039,76,79.5382308959961,78,79,78,79.5382308959961,440.305816650391,423.617706298828,429.152923583984,423.770629882812,445.382293701172,418.308868408203,357.691131591797,374.458740234375,358.923553466797,361.229370117188,360.305816650391,373.691131591797,324.697204589844,128.152908325195,222.923538208008,141.385314941406,282.088562011719,107.15291595459,2.50484883057616
98.6215434670617,39.368667326538,141.399994492531,-3.22859048843384,-13.2960109710693,-95.2427368164062,990.894592285156,2.86911869049072,-11.0922193527222,13.9613380432129,7.39225292205811,-12.7015724182129,8.8746452331543,-15.780556678772,209.159332275391,67.750373840332,0.225900888442993,120.933975219727,152.279174804688,1.77390682697296,100.380165100098,2.27390670776367,0.00132320775985718,0.0478411726653576,0.15747919678688,0.450000017881393,10,2001,2918.03564453125,115,149.780364990234,126.390182495117,142,120,147.390182495117,237.757095336914,198.294555664062,198.97673034668,193.366912841797,203.97673034668,195.025833129883,242.268737792969,333.658905029297,268.147277832031,302.098175048828,253.927642822266,312.658905029297,196,200.609817504883,208.658905029297,210.098190307617,186.609817504883,206.439270019531,306.881103515625,78.0749282836914,186.904388427734,122.124015808105,241.612380981445,108.684745788574,331.710571289062,48.2687301635742,219.83203125,130.294555664062,280.516754150391,55.7080078125,61.2687301635742,76.3901824951172,80,78,79.3901824951172,78,80,436.586547851562,408.074920654297,423.586547851562,412.025817871094,439.074920654297,408.976745605469,367.413452148438,391.315246582031,367.754516601562,376.8759765625,374.925079345703,384.583984375,340.751953125,123.757102966309,216.147277832031,136.878555297852,254.317825317383,102.757102966309,2.50507701083856
98.6305266199029,39.368667326538,141.399994492531,-3.23526287078857,-13.2202024459839,-93.6975784301758,991.791076660156,2.89848828315735,-11.2160625457764,14.1145505905151,7.38250017166138,-12.7185029983521,8.85901737213135,-15.8255577087402,209.830581665039,67.8032302856445,0.239387109875679,120.657981872559,152.438064575195,1.77365159988403,100.506927490234,2.2342643737793,0.00166376399993896,0.0471153184771538,0.15747919678688,0.649999976158142,10,2001,2849.341796875,115,151.273345947266,127.136672973633,142.726455688477,120,148.620986938477,224.602416992188,181.711395263672,187.477066040039,182.37158203125,191.508453369141,181.730895996094,235.832504272461,328.211334228516,258.160614013672,291.727416992188,243.012451171875,305.274108886719,199.874450683594,198.894714355469,209.749465942383,209.655670166016,191.190689086914,209.507125854492,270.302886962891,61.0475234985352,165.215972900391,106.207206726074,212.438995361328,86.309944152832,295.072235107422,45.7069511413574,194.493011474609,111.774169921875,239.341079711914,50.8867073059082,56.7697296142578,76.8945236206055,80,78.2421493530273,79.8945236206055,78,80,428.941284179688,404.608093261719,416.909912109375,403.816101074219,425.679809570312,404.983795166016,371.184265136719,396.497192382812,373.340637207031,386.012512207031,383.477111816406,385.509063720703,351.518280029297,111.328880310059,205.676315307617,128.485061645508,250.202941894531,93.4768676757812,2.50530519110097
98.1364532136371,39.3596841736968,81.2999978661537,-5.21459150314331,-12.4042463302612,-81.7014999389648,1013.5625,0.748514235019684,-14.4493007659912,15.1978149414062,5.3145899772644,-15.1440210342407,6.52303266525269,-18.2641429901123,210.906829833984,67.1825180053711,0.300000011920929,122.426635742188,152.539825439453,1.65122520923615,101.813125610352,1.90000009536743,-0.0166810012817383,0.0226507838815451,0.0946048572659492,0.325000017881393,10,2001,3456.62377929688,116.445320129395,146.394958496094,127.630218505859,138,120.050361633301,144.394958496094,175.504318237305,134.714385986328,148.084182739258,143.294250488281,149.899276733398,134.109359741211,212.605041503906,331.285614013672,237.445327758789,268.655395507812,223.025177001953,299.235260009766,198.81510925293,202.789932250977,203.159713745117,204,204.18489074707,214.81510925293,331.319427490234,66.1597137451172,191.033813476562,120.924461364746,248.294250488281,75.3194274902344,318.125885009766,50.2100715637207,223.260437011719,133.445327758789,259.260437011719,77.8402862548828,38.1848907470703,75.6050338745117,79.6050338745117,77.210075378418,78.6050338745117,77.210075378418,79.6050338745117,414.764739990234,428.781280517578,405.075531005859,402.050354003906,409.075531005859,419.310791015625,386.420135498047,368.428771972656,391.764739990234,393.949645996094,386.739562988281,365.874114990234,457.411499023438,79.2352523803711,248.899276733398,139.210067749023,314.344604492188,76.9244613647461,2.49332420403971
98.1454363664783,39.3596841736968,69.2000016570091,-5.44084882736206,-12.2589540481567,-81.3230285644531,1003.22161865234,0.523829698562622,-14.5550050735474,15.0788345336914,5.02742385864258,-15.2488088607788,6.23027658462524,-18.3239154815674,217.758117675781,68.7560043334961,0.362606316804886,121.011276245117,155.991149902344,1.78781890869141,103.995086669922,1.96260631084442,-0.0169409454345703,0.0226507838815451,0.0946048572659492,0.275000005960464,10,2001,3817.94604492188,110.657196044922,146.654678344727,124.346572875977,137.753524780273,114.495460510254,144.654678344727,188.819152832031,143.073211669922,165.395584106445,158.607376098633,165.938583374023,144.946182250977,215.056549072266,329.088684082031,237.079666137695,265.552001953125,225.17724609375,291.748291015625,199.514801025391,213.41487121582,212.38525390625,212.133697509766,207.428802490234,218.718994140625,370.22802734375,90.4202880859375,228.688674926758,148.481918334961,290.966186523438,99.1929931640625,341.210052490234,56.838436126709,248.981491088867,141.213363647461,286.706817626953,83.1568145751953,43.1541366577148,74.3594131469727,78.8523635864258,75.7047348022461,77.8523635864258,75.7047348022461,78.8523635864258,418.061645507812,414.008941650391,396.989685058594,396.741943359375,403.207946777344,408.420989990234,382.423553466797,372.576171875,390.625061035156,391.124359130859,389.363250732422,373.106506347656,425.799346923828,76.4313201904297,247.931762695312,147.563766479492,310.300170898438,84.5173797607422,2.49355243638024
98.2532342005727,39.3596841736968,109.399996697903,-7.62366533279419,-10.8200569152832,-65.0028991699219,1021.84033203125,-0.491780459880829,-17.1426067352295,16.6508274078369,3.4861888885498,-20.4692649841309,4.46652030944824,-20.4692649841309,252.606323242188,80.4067687988281,0.44295272231102,120.969764709473,180.280075073242,2.5429527759552,119.305107116699,2.5429527759552,-0.0146895843505859,0.025591105222702,0.101858496665955,0.449999988079071,10,2001,3835.28955078125,111.142723083496,144.857269287109,125.142723083496,137.571365356445,118.285446166992,141.857269287109,228.715026855469,152.714080810547,175,159.999526977539,184,148.571365356445,185.141784667969,362.286834716797,225.140853881836,272.000457763672,193.855407714844,317.429107666016,202.85774230957,211.714080810547,194.428634643555,205.285919189453,199.286376953125,209.285919189453,380.140380859375,72.8558731079102,209.14225769043,125.428634643555,281.712677001953,89.2845153808594,344.708465576172,63.2859153747559,250.427230834961,159.143188476562,296.85400390625,91,59.9995346069336,72.8572769165039,78.8572769165039,75.8572769165039,77.8572769165039,74.8572769165039,78.8572769165039,411.287780761719,395.431915283203,399.003265380859,395.575103759766,401.859619140625,389.860076904297,385.854461669922,392.85400390625,406.568084716797,398.567626953125,397.85400390625,400.85400390625,552.283569335938,153.143188476562,322.7080078125,239.571365356445,420.57275390625,168.14225769043,2.49629122446651
98.2622173534139,39.3596841736968,109.399996697903,-6.99586772918701,-11.0512294769287,-66.9740142822266,1021.11444091797,-0.030813155695796,-16.5352878570557,16.5044746398926,4.01235961914062,-18.165002822876,5.02210378646851,-19.9018516540527,245.902221679688,77.8819961547852,0.400000005960464,120.835784912109,175.77197265625,2.43620705604553,116.983734130859,2.5,-0.0141551345825195,0.025591105222702,0.101858496665955,0.649999976158142,10,2001,3799.56762695312,108.729827880859,146.429351806641,124.131195068359,137.90641784668,115.421569824219,143.709625244141,237.921981811523,153.158706665039,173.0380859375,158.981643676758,183.1591796875,149.18669128418,181.533935546875,357.992279052734,209.407379150391,265.731262207031,188.553192138672,305.779907226562,208.250442504883,215.521987915039,204.74397277832,212.688949584961,206.866485595703,215.848129272461,376.281585693359,82.8654861450195,235.420440673828,148.916809082031,300.684661865234,98.9590682983398,337.983337402344,70.1283950805664,273.384185791016,163.914199829102,311.200256347656,94.0830078125,58.1408233642578,73.5885314941406,79.5885314941406,76.3082580566406,78.5885314941406,75.5885314941406,79.5885314941406,433.412750244141,422.401763916016,419.861877441406,420.589385986328,425.337524414062,414.916442871094,358.336791992188,362.076263427734,375.674407958984,366.656066894531,367.076263427734,368.955169677734,498.262237548828,152.869277954102,276.847808837891,235.70231628418,388.086517333984,161.067916870117,2.49651945680703
98.4688298687614,39.3596841736968,162.300005555153,-4.0731348991394,-12.979377746582,-91.4569244384766,991.060180664062,1.40280592441559,-12.7892446517944,14.1920509338379,6.13034248352051,-13.6698770523071,7.35277605056763,-16.9335994720459,212.730377197266,68.8190231323242,0.200000002980232,122.989654541016,156.042114257812,1.39999997615814,103.966087341309,1.80000007152557,-0.000123466145992279,0.0387584865093231,0.141804173588753,0.474999994039536,10,2001,3245.24829101562,111.445266723633,151.236282348633,126,141.098419189453,117.723182678223,148.236282348633,224.50422668457,156.653854370117,180.373733520508,165.444869995117,183.967926025391,159.166946411133,200.909271240234,357.659027099609,247.593017578125,296.943237304688,214.105331420898,329.283813476562,188.76042175293,209.0947265625,201.219650268555,211.207489013672,193.020629882812,211.119033813477,377.250946044922,67.628059387207,188.604064941406,127.030906677246,261.346130371094,86.0187530517578,351.585327148438,45.7242813110352,238.144515991211,139.567993164062,289.374145507812,74.1684417724609,58.5152931213379,74.6531524658203,80.6531524658203,76.6531524658203,79,76.4452667236328,80.7921142578125,428.294158935547,408.494659423828,409.708831787109,399.027282714844,419.016235351562,406.027282714844,382.945434570312,382.202728271484,388.418365478516,389.904174804688,388.824188232422,382.645782470703,449.212615966797,97.8816680908203,260.743865966797,158.378204345703,313.992950439453,94.9550628662109,2.50176880063905
98.4778130216026,39.3596841736968,162.300005555153,-4.17145395278931,-12.9233713150024,-90.47265625,992.781860351562,1.33902132511139,-12.9457597732544,14.2847805023193,6.0500054359436,-13.7932062149048,7.27240133285522,-17.0498485565186,215.608917236328,69.4966659545898,0.200000002980232,122.430480957031,157.673645019531,1.39999997615814,105.011199951172,1.80000007152557,0.00123411626815796,0.0393452793359756,0.141804173588753,0.525000035762787,10,2001,3235.93774414062,111.356048583984,149.424179077148,126,140.712097167969,118.643951416016,146.424179077148,225.068145751953,162.712097167969,181.560470581055,169.780227661133,184.20442199707,162.492324829102,214.810928344727,362.591156005859,263.454895019531,300.151641845703,239.621871948242,335.523040771484,184.780227661133,207.340698242188,207.931854248047,215.424179077148,196.643951416016,214.356048583984,392.575805664062,74.7274475097656,205.030700683594,143.606521606445,251.749526977539,100.098838806152,353.931854248047,48.575813293457,229.560470581055,144.08349609375,286.136291503906,75,59.6439552307129,74.3560485839844,80.3560485839844,76.3560485839844,79,76.3560485839844,81,425.204406738281,406,404.272552490234,395.492309570312,414.91650390625,402.492309570312,390.015350341797,386.659301757812,387.439544677734,389.727447509766,388.795593261719,383.151641845703,471.046051025391,101,246.545104980469,148.545104980469,329.114196777344,86.3406982421875,2.50199703297957
98.4867961744438,39.3596841736968,196.799993515015,-4.24428510665894,-12.8760623931885,-90.0466690063477,992.643981933594,1.29925620555878,-12.9983692169189,14.297625541687,5.9915623664856,-13.8634538650513,7.2152247428894,-17.1072959899902,217.402587890625,69.9885025024414,0.200000002980232,121.92643737793,158.59358215332,1.39999997615814,105.506561279297,1.80000007152557,0.00182717533111572,0.0387669838964939,0.141804173588753,0.650000035762787,10,2001,3317.86181640625,111.495819091797,148,126.991630554199,140,119.495819091797,145.495819091797,226.974899291992,164.479080200195,181.966522216797,171.470703125,185.462341308594,162.974899291992,210.108795166016,361.562774658203,263.571136474609,301.512542724609,241.125534057617,333.579498291016,184.983261108398,209.933044433594,212.470703125,218.462341308594,202.949783325195,222.428863525391,413.336822509766,87.9246826171875,216.487442016602,157.974899291992,256.857727050781,120.403762817383,355.495819091797,53.4707107543945,229.470703125,148,289.949798583984,75.4958190917969,60.4958152770996,74,80.4958190917969,76,79,76,81,419.520935058594,401.041839599609,398.016723632812,390.520935058594,405.546020507812,395.537658691406,395.495819091797,389.025115966797,390.008361816406,391.520935058594,391.504180908203,382.033477783203,541.035522460938,113.395393371582,259.815887451172,160.32844543457,337.546020507812,93.395393371582,2.5022252653201
98.495779327285,39.3596841736968,209.900006651878,-4.36080026626587,-12.8049068450928,-89.4570693969727,989.061401367188,1.23753702640533,-13.0749368667603,14.3124732971191,5.8779764175415,-13.9322395324707,7.08598232269287,-17.1515636444092,218.970642089844,70.2905349731445,0.200000002980232,121.831909179688,159.778472900391,1.39999997615814,106.606796264648,1.80000007152557,0.00242023410797119,0.0382662191987038,0.141771674156189,0.725000023841858,10,2001,3318.85302734375,112,148.695388793945,127.652305603027,140.347702026367,119.652305603027,146.347702026367,236.258544921875,179.864776611328,193.301635742188,184.040115356445,196.258544921875,177.821685791016,206.387817382812,340.439819335938,249.43684387207,292.698364257812,228.086181640625,316.698364257812,191.520065307617,218.695388793945,217.043090820312,222.652297973633,209,227.175338745117,418.049041748047,92.1322479248047,214.175338745117,154.741455078125,265.6552734375,122.959884643555,344.873687744141,58.3907890319824,236.824661254883,148.695388793945,289.393768310547,75.3046035766602,61.6953926086426,74.3476943969727,80.6523056030273,76.3476943969727,79,76.3476943969727,80.6523056030273,422.215454101562,403.649322509766,401.563140869141,394.953948974609,408.692413330078,399.3447265625,386.264495849609,377.6552734375,381.698364257812,382.393768310547,382.307586669922,373.132232666016,589.002990722656,118.002975463867,258.356628417969,178.913818359375,338.258544921875,97.6552734375,2.50245349766062
98.5047624801261,39.3596841736968,201.60000026226,-4.37336921691895,-12.8120965957642,-90.0493392944336,985.963684082031,1.18979728221893,-13.0387926101685,14.2285900115967,5.83742904663086,-13.9040384292603,7.0597825050354,-17.1232414245605,220.215408325195,71.1991958618164,0.200000002980232,122.143486022949,160.789321899414,1.4846168756485,106.803009033203,1.80000007152557,0.00301329307556152,0.0378283709287643,0.140726417303085,0.875,10,2001,3327.0673828125,112.199600219727,149.904754638672,127.546615600586,140.852584838867,119.347015380859,147.052169799805,244.947235107422,198.146255493164,204.303359985352,196.767883300781,205.546035766602,194.388916015625,222.414825439453,324.741333007812,245.151077270508,286.686553955078,234.309036254883,307.493011474609,198.482727050781,219.305969238281,217.160552978516,220.151443481445,208.401214599609,220.623641967773,392.746337890625,86.2614669799805,208.621627807617,146.451950073242,255.733657836914,113.226081848145,331.711395263672,59.4123306274414,239.184814453125,149.106369018555,283.593322753906,73.0972595214844,62.5055618286133,74.8525772094727,80.1474227905273,76.8525772094727,79,76.8525772094727,80.1474227905273,426.794738769531,413.559173583984,407.645294189453,404.053619384766,419.118927001953,410.264343261719,374.722534179688,367.134857177734,374.688568115234,375.794952392578,372.479858398438,368.459045410156,543.858337402344,106.590263366699,229.613311767578,176.084121704102,344.751678466797,86.9352722167969,2.50268173000114
98.5137456329673,39.3596841736968,181.89999461174,-4.45638847351074,-12.7593603134155,-89.7061233520508,983.474426269531,1.12785649299622,-13.0957107543945,14.2235670089722,5.74309921264648,-13.9622831344604,6.98146104812622,-17.1561031341553,223.199310302734,72.6252517700195,0.200000002980232,122.658554077148,163.361267089844,1.58292365074158,108.06224822998,1.80000007152557,0.00360635223388672,0.0374422892928123,0.140726417303085,0.824999988079071,10,2001,3353.96997070312,112.652938842773,150.498382568359,128.305877685547,140.948486328125,119.652938842773,147.549911499023,246.488052368164,202.539566040039,208.408920288086,199.694122314453,208.704452514648,197.835113525391,233.020172119141,330.016448974609,253.311981201172,295.305541992188,244.044067382812,309.116088867188,200.533126831055,218.23046875,213.656661987305,214.749359130859,206.010848999023,216.323165893555,378.607696533203,87.9994964599609,208.081848144531,146.43603515625,259.139984130859,118.593971252441,336.318420410156,57.8898506164551,234.737854003906,148.504837036133,291.363494873047,70.597526550293,62.6046447753906,74.948486328125,79.948486328125,76.948486328125,78.948486328125,76.948486328125,79.948486328125,421.536193847656,413.824768066406,404.955444335938,404.426208496094,417.044891357422,410.567199707031,377.930694580078,367.996276855469,381.092346191406,380.824432373047,376.944244384766,372.814086914062,455.445159912109,104.065078735352,233.106597900391,174.674118041992,339.914764404297,86.8281631469727,2.50290996234166
98.5227287858085,39.3596841736968,194.999992847443,-4.91369247436523,-12.4367198944092,-86.5722885131836,975.655639648438,0.842970788478851,-13.5256757736206,14.3686475753784,5.3088550567627,-14.3136539459229,6.52642726898193,-17.4407787322998,229.478622436523,74.8872909545898,0.200000002980232,122.956909179688,168.206848144531,1.63626682758331,111.231437683105,1.83626687526703,0.00419941101074219,0.0370992980897427,0.140726417303085,0.924999952316284,10,2001,3440.91284179688,112.443649291992,148.77458190918,127.88729095459,140.443649291992,119.443649291992,146.330932617188,244.887298583984,201.443649291992,209,200.112701416016,209,196.443649291992,242.119888305664,345.014373779297,268.014373779297,303.112701416016,256.345306396484,322.796142578125,192.5419921875,214.105529785156,207.549179077148,209.77458190918,196.5419921875,213.330932617188,385.908843994141,97.3452987670898,218.68342590332,153.676239013672,276.021545410156,129.676239013672,357.916015625,60.4508285522461,249.697784423828,153.676239013672,306.570709228516,76.9016571044922,65.3381195068359,74.4436492919922,79.4436492919922,76.4436492919922,78.4436492919922,76.4436492919922,79.4436492919922,418.112701416016,412.556365966797,402,402.443634033203,411.774597167969,406.774597167969,389.345306396484,373.894470214844,390.450836181641,387.781768798828,391.683410644531,379.894470214844,403.774597167969,107.894470214844,235.323760986328,164.872924804688,326.985626220703,87.8872909545898,2.50313819468219
98.5317119386497,39.3596841736968,194.999992847443,-5.0529637336731,-12.3239803314209,-85.7178344726562,970.462707519531,0.779231131076813,-13.6114673614502,14.3906993865967,5.1735897064209,-14.3804006576538,6.38541889190674,-17.4848823547363,231.524795532227,75.4367218017578,0.250685304403305,122.992988586426,169.740432739258,1.69627261161804,112.468299865723,1.89627265930176,0.00403108367919922,0.0381998829543591,0.140726417303085,0.925000011920929,10,2001,3373.685546875,111.591728210449,147.816543579102,127,140,119,146.224807739258,250.940582275391,198.142120361328,209,199.366928100586,212.266159057617,194.775192260742,236.793273925781,346.8759765625,271.100769042969,297.467681884766,251.160202026367,329.733856201172,194.390197753906,216.307495117188,206.857879638672,210.857879638672,194.307495117188,216.490966796875,413.739044189453,102.366920471191,225.550384521484,160.633071899414,294.1240234375,138.674423217773,379.1240234375,63.1834602355957,251.89404296875,159,320.307495117188,80.7338485717773,67.183464050293,74.4082717895508,79,76.4082717895508,78,76,79,424.715759277344,423.614990234375,410.165374755859,408.940582275391,419.798461914062,412.757110595703,380.89404296875,360.669219970703,382.976745605469,380.201538085938,385.485778808594,371.160186767578,448.950958251953,121.206726074219,230.408264160156,170.289413452148,345.129211425781,96.3901901245117,2.50336642702271
98.5406950914909,39.3596841736968,184.900000691414,-4.53133678436279,-12.6674318313599,-89.5634307861328,973.642211914062,1.20067191123962,-12.9447565078735,14.1454286575317,5.6897177696228,-13.8730630874634,6.95125436782837,-17.0356292724609,226.739624023438,74.4721832275391,0.200060576200485,123.122566223145,166.081680297852,1.70000004768372,109.029159545898,1.90000009536743,0.00360511512756348,0.0397809520363808,0.140726417303085,0.725000023841858,10,2001,3273.11840820312,111.086982727051,149.086242675781,126.739799499512,139.739791870117,118.479591369629,147.478851318359,255.878433227539,192.527252197266,206.658157348633,196.827529907227,213.702087402344,192.480331420898,224.69499206543,336.182312011719,268.946868896484,289.651947021484,237.042922973633,322.053009033203,209.902450561523,221.047790527344,212.212539672852,216.732955932617,201.910034179688,220.742172241211,435.734710693359,102.689765930176,224.603530883789,164.213287353516,310.281982421875,144.257965087891,385.654449462891,63.2147827148438,233.998992919922,158.739791870117,327.910034179688,76.435661315918,67.7351913452148,75.1732177734375,79.2602005004883,76.9130172729492,78.2602005004883,76.2602005004883,79.2602005004883,426.057739257812,427.891510009766,415.316467285156,412.837615966797,426.968536376953,413.240173339844,364.039794921875,351.147705078125,372.470977783203,370.429443359375,370.728820800781,366.9306640625,509.598999023438,131.223388671875,239.499755859375,188.215789794922,367.545318603516,106.698371887207,2.50359465936323
98.5496782443321,39.3596841736968,164.000004529953,-3.95217251777649,-13.0709924697876,-93.8636703491211,978.591979980469,1.66447854042053,-12.2617321014404,13.9262113571167,6.26169729232788,-13.3283929824829,7.58040380477905,-16.5565547943115,216.103118896484,70.5460205078125,0.200000002980232,122.325462341309,158.064392089844,1.67663526535034,104.08846282959,1.90845060348511,0.00317914657592773,0.0413620173931122,0.149473965167999,0.550000011920929,10,2001,3137.71704101562,111.448631286621,149.877090454102,126.45938873291,139.683700561523,117.806617736816,147.347229003906,249.28157043457,189.226470947266,201.55485534668,195.245819091797,208.902084350586,191.378158569336,224.987915039062,329.157318115234,273.006439208984,291.232421875,236.651443481445,316.085540771484,216.894287109375,216.850967407227,214.896438598633,220.20198059082,202.592239379883,217.941619873047,427.580535888672,102.846664428711,222.73583984375,161.420867919922,322.186096191406,141.676116943359,383.818695068359,64.05029296875,232.294784545898,154.646011352539,329.153015136719,74.6742782592773,70.1409378051758,75.7649307250977,79.7649307250977,77.1121597290039,78.8770904541016,76.7649307250977,79.7649307250977,416.508056640625,409.739837646484,407.242034912109,404.446166992188,419.690673828125,396.218078613281,366.709838867188,373.409210205078,377.861511230469,375.351837158203,378.022644042969,386.728149414062,511.751098632812,127.341285705566,253.999481201172,185.932693481445,350.231475830078,104.380821228027,2.50382289170375
98.5586613971733,39.3596841736968,165.600001811981,-3.46746063232422,-13.3827867507935,-97.2529602050781,984.105529785156,2.09842872619629,-11.6634101867676,13.7618389129639,6.77384948730469,-12.8955202102661,8.15040874481201,-16.1658592224121,208.154693603516,67.9809265136719,0.200000002980232,121.406806945801,151.522171020508,1.66026818752289,99.2753982543945,2.00269794464111,0.00275317802429199,0.0429430827498436,0.15957148373127,0.5,10,2001,2918.60522460938,113.467437744141,150.61686706543,127.23371887207,141.467437744141,118.850578308105,147.61686706543,241.448257446289,193.402313232422,196.91569519043,193.76628112793,204.532562255859,193.701156616211,232.019180297852,327.8505859375,265.429077148438,302.570922851562,242.168594360352,320.869750976562,208.812225341797,207.130249023438,209.980819702148,214.747100830078,192.429092407227,211.214538574219,364.658813476562,86.7930526733398,200.390731811523,135.072708129883,302.689575195312,118.390731811523,377.831390380859,60.4482612609863,233,138.260482788086,321.513397216797,71.9157028198242,69.5325622558594,76,80,77.6168594360352,79.6168594360352,77,80,412.8505859375,387.111053466797,401.766265869141,396.681976318359,416.233734130859,383.448272705078,378.954040527344,405.758697509766,388.252899169922,388.570922851562,391.103485107422,405.720336914062,456.061126708984,120.448265075684,251.662811279297,159.923294067383,324.643615722656,95.130241394043,2.50405112404428
98.5676445500145,39.3596841736968,162.599995732307,-3.17159366607666,-13.5937023162842,-99.3943023681641,988.09814453125,2.41858339309692,-11.2589540481567,13.6775369644165,7.12806224822998,-12.6226739883423,8.55897331237793,-15.9106969833374,203.234283447266,66.8692474365234,0.214113369584084,121.41032409668,147.832794189453,1.84298551082611,96.2387771606445,2.18200755119324,0.00232720947265625,0.044524148106575,0.15957148373127,0.600000023841858,10,2001,2857.4736328125,116.87523651123,151.937622070312,129.875244140625,143.937622070312,121.87523651123,149.875244140625,238.937622070312,198.468811035156,195.468811035156,192.531188964844,202.531188964844,194.593566894531,216.841171264648,305.559509277344,238.247604370117,288.0283203125,223.965927124023,304.497131347656,194.374282836914,198.655944824219,204.062377929688,206.187133789062,181.187133789062,204.187133789062,342.72216796875,76.7504806518555,173.09260559082,117.281669616699,265.591644287109,102.812858581543,334.151153564453,59.812858581543,225.030227661133,113.810943603516,295.309967041016,69.0623779296875,64.2495193481445,76.4688110351562,80.4688110351562,78,80.4688110351562,77.4688110351562,80.4688110351562,422.438568115234,381.156921386719,405.219299316406,399.156921386719,424.032135009766,385.625732421875,383.718322753906,420.187133789062,390.718322753906,394.655944824219,394.24951171875,409.718322753906,424.657867431641,100.591651916504,233.686187744141,136.249526977539,312,93.2192916870117,2.5042793563848
98.5766277028557,39.3596841736968,137.899994850159,-3.30684900283813,-13.4880018234253,-98.1907501220703,986.701416015625,2.39541816711426,-11.3440599441528,13.7394781112671,7.05258178710938,-12.7327432632446,8.48001861572266,-15.9827127456665,206.78874206543,67.6868743896484,0.265398949384689,121.187828063965,150.322601318359,1.95779263973236,98.3992919921875,2.32699465751648,0.00199138774871826,0.0457957573235035,0.15957148373127,0.5,10,2001,2859.38232421875,117.931350708008,153.267623901367,131.252136230469,144.946838378906,122.931350708008,151.893692016602,240.267623901367,198.973419189453,196.294204711914,191.705795288086,202.66813659668,192.75895690918,203.48307800293,283.857421875,227.365692138672,264.906188964844,209.23095703125,279.313354492188,189.922821044922,196.774444580078,204.65705871582,204.121795654297,181.046478271484,201.801025390625,349.351318359375,73.0886764526367,161.580291748047,115.360710144043,244.401626586914,93.0093612670898,296.070739746094,59.3119621276855,217.414154052734,102.936462402344,266.738311767578,64.5245819091797,61.495735168457,76.6526412963867,80.9734191894531,78,80.9734191894531,77.9734191894531,80.9734191894531,432.804718017578,387.349212646484,410.402374267578,405.028442382812,430.959777832031,392.322631835938,377.299011230469,415.876342773438,384.940582275391,390.849761962891,387.967163085938,404.902923583984,413.903167724609,82.9301986694336,206.54573059082,128.04248046875,286.979217529297,90.7036590576172,2.50450758872532
98.5856108556969,39.3596841736968,137.899994850159,-3.41201519966125,-13.4093437194824,-97.2329483032227,985.347900390625,2.33578848838806,-11.4580669403076,13.7938556671143,6.9639573097229,-12.8247137069702,8.37321758270264,-16.0564022064209,212.024917602539,68.0547561645508,0.300000011920929,119.397430419922,152.653945922852,2.20000004768372,100.891540527344,3.06539177894592,0.00206293163299561,0.045668963342905,0.15957148373127,0.550000011920929,10,2001,2901.24633789062,116.523895263672,153.479827880859,130.176498413086,144.827224731445,121.696662902832,151.65446472168,243.762420654297,199.691070556641,198.20751953125,192.211242675781,205.72395324707,192.692932128906,214.250213623047,302.937103271484,245.600448608398,276.838470458984,222.974182128906,287.926574707031,194.718368530273,198.514572143555,206.263000488281,205.476104736328,188.019836425781,201.786895751953,326.415618896484,62.4005165100098,164.785736083984,111.115158081055,238.266479492188,77.6499710083008,310.018951416016,53.229866027832,221.067626953125,110.096786499023,258.85400390625,59.2664756774902,63.3014755249023,75.8290939331055,80.8272323608398,77.8272323608398,80.4816970825195,77.6544647216797,80.8272323608398,429.427368164062,389.687347412109,409.750274658203,403.752166748047,426.030059814453,392.441375732422,375.854278564453,411.625305175781,383.986694335938,390.771728515625,385.950103759766,404.944519042969,375.753631591797,83.2093734741211,183.841369628906,123.688957214355,245.375228881836,81.2240219116211,2.50473582106585
98.5945940085381,39.3596841736968,144.70000565052,-3.49451947212219,-13.3537502288818,-96.5043258666992,984.839782714844,2.29057312011719,-11.5480871200562,13.8386602401733,6.89647626876831,-12.8989810943604,8.29669189453125,-16.1141567230225,216.492736816406,69.0233306884766,0.300000011920929,118.585403442383,155.157913208008,2.20000004768372,102.782600402832,3.70000004768372,0.00213447551727295,0.0455421693623066,0.15957148373127,0.574999988079071,10,2001,2949.3037109375,115.95044708252,152.645324707031,129.297882080078,144.248336791992,121.652557373047,150.595779418945,252.390808105469,202.006652832031,202.567337036133,195.262222290039,212.152786254883,194.354095458984,215.45686340332,347.581817626953,264.188934326172,308.672668457031,230.460998535156,320.456329345703,202.342407226562,201.262786865234,204.266464233398,205.702682495117,196.416748046875,199.514221191406,345.928436279297,62.5589485168457,183.713363647461,121.048866271973,238.097946166992,85.353401184082,338.585235595703,49.4640922546387,229.085693359375,124.527992248535,269.535217285156,58.5033264160156,63.9008979797363,74.6701049804688,80.3226623535156,77.3226623535156,78.9927749633789,76.6701049804688,80.3226623535156,413.193603515625,392.766693115234,404.450225830078,397.847198486328,413.190521240234,388.936584472656,384.463989257812,405.342712402344,391.283325195312,396.450103759766,390.417510986328,411.201751708984,362.900512695312,87.459846496582,185.926345825195,129.102081298828,227.845672607422,81.8150939941406,2.50496405340637
98.6035771613793,39.3596841736968,145.600005984306,-3.77571177482605,-13.145788192749,-94.1171569824219,982.601684570312,2.11491632461548,-11.8545961380005,13.9695119857788,6.66184902191162,-13.1526184082031,8.03256607055664,-16.3181095123291,219.193984985352,69.9919052124023,0.300000011920929,119.781776428223,158.424713134766,2.16483163833618,105.431953430176,2.97270941734314,0.00220601940155029,0.0454153753817081,0.157692179083824,0.550000011920929,10,2001,2998.1474609375,114.941360473633,152,128.470687866211,142.412048339844,121.470680236816,148.941360473633,255.353408813477,209.351837158203,208.175918579102,201.234558105469,216.529312133789,201.881149291992,217.234558105469,361.708374023438,270.882720947266,322.118835449219,233.587951660156,336.706817626953,190.532455444336,200.353408813477,195.58952331543,199.648162841797,186.120422363281,195.882720947266,391.524597167969,81.4675369262695,202.351837158203,144.938217163086,253.879577636719,115.760734558105,369.350250244141,51.7052345275879,232.412048339844,144.703659057617,290.174346923828,62.1759147644043,61.8827209472656,74.5293197631836,80,77,78.5293197631836,76.5293197631836,80,406.763885498047,388.648162841797,398.882720947266,393.470672607422,407.646606445312,380.118835449219,402.703674316406,411.057067871094,405.527740478516,406.881164550781,406.762298583984,423.469116210938,401.286926269531,104.35026550293,227.052352905273,146.232986450195,277.637176513672,92.469108581543,2.50519228574689
98.6125603142205,39.3596841736968,145.600005984306,-3.67069292068481,-13.2271966934204,-95.1227798461914,983.603820800781,2.1780858039856,-11.7291812896729,13.9072666168213,6.74962711334229,-13.0580730438232,8.13252067565918,-16.2464733123779,215.06217956543,69.6034927368164,0.300000011920929,121.023910522461,156.499862670898,1.89001870155334,103.389663696289,2.34366893768311,0.00227756328582764,0.0452885814011097,0.15747919678688,0.449999988079071,10,2001,2998.86962890625,114.381324768066,151.618682861328,127.618675231934,140.618682861328,120.618675231934,148,249.186767578125,205.085586547852,205.661468505859,200.424118041992,212.04280090332,200.754852294922,217.186767578125,359.677062988281,264.805450439453,321.338531494141,229.280151367188,339.62646484375,182.62646484375,200.66926574707,195.482498168945,199.719848632812,177.338531494141,197.431915283203,378.248992919922,86.3229446411133,200.754852294922,143.221771240234,264.568084716797,119.221771240234,368.128387451172,53.856029510498,222.992202758789,141.509719848633,288.416320800781,63.0933837890625,59.6186752319336,75.3813247680664,80,77.3813247680664,79.7626495361328,77.3813247680664,80,419.770446777344,385.287933349609,403.101165771484,400.245147705078,417.245147705078,382.389099121094,397.603088378906,414.280151367188,401.035003662109,400.416320800781,406.035003662109,419.560302734375,444.101165771484,105.416328430176,252.37353515625,151.898818969727,335.62646484375,92.7548599243164,2.50542051808741
98.6215434670617,39.3596841736968,188.09999525547,-3.74490809440613,-13.1179838180542,-93.3751068115234,982.582397460938,2.185054063797,-11.8719053268433,14.0569591522217,6.66227722167969,-13.1244297027588,8.04579544067383,-16.3128681182861,216.709945678711,70.4852905273438,0.225900888442993,121.617835998535,158.153427124023,1.56938695907593,104.288681030273,2.06938695907593,0.00234910717010498,0.0451617874205112,0.15747919678688,5.375,10,2001,3012.61987304688,114.652435302734,151.814254760742,127.114219665527,140.580917358398,120.347564697266,148.466690063477,240.175323486328,191.036376953125,197.665725708008,193.437271118164,203.618118286133,190.470169067383,214.242340087891,370.768280029297,259.956481933594,324.433990478516,223.113403320312,345.048645019531,195.282379150391,204.200454711914,204.058227539062,207.52001953125,186.501007080078,202.438690185547,326.441192626953,72.4315567016602,190.003479003906,121.492454528809,257.694519042969,97.2591094970703,351.021453857422,50.7092399597168,214.265426635742,124.20719909668,277.602996826172,60.337760925293,60.5143013000488,76.1191253662109,80,78.1191253662109,80.5382080078125,78.1191253662109,80,433.473022460938,395.781768798828,416.072723388672,415.196746826172,430.096649169922,400.487518310547,371.244598388672,399.479583740234,379.216613769531,377.935668945312,383.516571044922,396.726226806641,432.8046875,88.7693176269531,239.250930786133,143.360855102539,335.448303222656,87.1371078491211,2.50564875042794
98.6305266199029,39.3596841736968,190.799996256828,-4.26298809051514,-12.6606407165527,-88.1952514648438,977.710693359375,1.88524091243744,-12.4764213562012,14.3616619110107,6.19442796707153,-13.5903358459473,7.53579568862915,-16.6979675292969,227.777923583984,73.5937118530273,0.200000002980232,121.548370361328,165.893371582031,1.5,109.832786560059,2,0.00259261569976807,0.044624961912632,0.15747919678688,0.824999988079071,10,2001,3179.05224609375,114.347610473633,152.871780395508,126.914611816406,141.475555419922,120.652389526367,149.219390869141,230.543151855469,185.451171875,193.621948242188,189.024215698242,197.927001953125,185.932769775391,217.981552124023,367.238098144531,260.469512939453,317.457763671875,224.938995361328,338.696044921875,202.944778442383,206.366226196289,207.110061645508,211.274780273438,193.323120117188,206.012557983398,311.439331054688,68.7131118774414,183.944885253906,116.536277770996,250.170608520508,92.1400527954102,349.980834960938,46.7501640319824,214.279830932617,124.243782043457,284.822082519531,58.6645011901855,63.3412818908691,76.7377777099609,80.0853881835938,78.6523895263672,80.2622222900391,78.6523895263672,80,441.15234375,413.718963623047,428.834899902344,429.139678955078,439.755828857422,419.328796386719,355.817504882812,379.652587890625,363.792816162109,359.847778320312,366.921051025391,373.920867919922,396.863067626953,87.3908843994141,229.640380859375,142.659164428711,313.915374755859,93.713005065918,2.50587698276846
98.6395097727441,39.3596841736968,190.799996256828,-3.95703792572021,-12.831974029541,-89.6492919921875,980.953918457031,2.09833645820618,-12.2159109115601,14.3142471313477,6.45428895950317,-13.3333959579468,7.79530048370361,-16.4995498657227,223.439010620117,72.8910827636719,0.200000002980232,122.056350708008,163.359024047852,1.53682065010071,107.606880187988,2,0.00294367656707764,0.0438316836953163,0.15747919678688,0.675000011920929,10,2001,3025.68676757812,114.589797973633,151.640808105469,126.410202026367,142,120.410202026367,148.230606079102,226.589797973633,180.87141418457,190.051010131836,181.922424316406,194.820404052734,180.102020263672,222.359191894531,362.820404052734,262.769378662109,313,229.538787841797,342.026550292969,204.820404052734,214.436752319336,213.667373657227,220.616348266602,199.718383789062,215.616348266602,311.359191894531,62.9224319458008,174.563247680664,111.512229919434,238.973449707031,88.8714141845703,340.255065917969,44.4102020263672,206.793853759766,128.359191894531,281.793853759766,54.8714179992676,64.4102020263672,77,80.5897979736328,78.4102020263672,80,78.4102020263672,80,446.538787841797,428.667358398438,436.359191894531,436.179595947266,445.948974609375,434.257171630859,348.051025390625,356.895874023438,349.973449707031,343.204040527344,354.332641601562,349.126495361328,399.310272216797,101.51432800293,221.691818237305,154.744934082031,292.793853759766,99.1795959472656,2.50610521510898
98.6484929255853,39.3596841736968,201.800003647804,-3.7600085735321,-12.910213470459,-90.2092971801758,983.081481933594,2.25185036659241,-12.0598573684692,14.3117074966431,6.61084747314453,-13.1557416915894,7.97216463088989,-16.3651828765869,217.672027587891,70.4643707275391,0.200000002980232,121.30606842041,158.776550292969,1.54197359085083,104.95499420166,2,0.00329473724365234,0.0430384092032909,0.153218790888786,0.975000023841858,10,2001,3006.48559570312,115,151.325500488281,126,142.883666992188,120,148.325500488281,229.209182739258,175.790817260742,188,176.116333007812,194,173.348983764648,215.605117797852,349.186767578125,252.9541015625,305.488800048828,222.27961730957,340.605133056641,210.185699462891,217.465316772461,216.790817260742,223.581634521484,206.092849731445,219.023483276367,317.418365478516,55.7908210754395,178.604064941406,110.976524353027,230.674499511719,85.5581665039062,332.651000976562,45.3255081176758,206.511215209961,125.581642150879,281.069366455078,53.7673416137695,63.1163291931152,76.5581665039062,80.5581665039062,78,80,77.5581665039062,80,451.209167480469,437.092864990234,441.092864990234,437.441833496094,451.092864990234,441.767333984375,338.046966552734,345.441833496094,342.116333007812,338.976531982422,342.814300537109,338.651000976562,407.9541015625,100.18675994873,199.001052856445,153.9541015625,258.931671142578,97.7908172607422,2.5063334474495
98.6574760784265,39.3596841736968,209.900006651878,-3.8447151184082,-12.7819671630859,-88.3389511108398,983.5146484375,2.25967931747437,-12.21058177948,14.4702606201172,6.54539251327515,-13.2489452362061,7.90174722671509,-16.4503040313721,218.991760253906,71.3097076416016,0.200000002980232,121.676345825195,159.947509765625,1.53585636615753,105.327110290527,2,0.00364579811096191,0.0422451309859753,0.144655659794807,0.699999988079071,9,2001,3030.9423828125,114.706108093262,152.838470458984,126.587783813477,143.598419189453,120.293891906738,149.544570922852,231.730773925781,173.857009887695,188.881683349609,176.871047973633,194.881683349609,172.674209594727,202.496322631836,336.618743896484,237.701065063477,298.090911865234,208.833419799805,328.965789794922,219.59733581543,213.136856079102,214.269226074219,217.068969726562,211.974243164062,214.77848815918,335.098968505859,56.7959403991699,192.177215576172,117.572654724121,236.508865356445,86.523307800293,343.318176269531,48.0140419006348,218.905258178711,122.889587402344,293.546905517578,56.6663055419922,62.1076889038086,75.7599487304688,80.3477401733398,77.7061080932617,80,76.7599487304688,80.2938919067383,448.146789550781,442.386444091797,440.214691162109,434.125549316406,449.039123535156,439.082336425781,331.908142089844,344.476684570312,345.516082763672,349.099365234375,339.280548095703,346.085327148438,418.269805908203,81.153076171875,194.361114501953,140.758316040039,252.688278198242,92.3302841186523,2.50656167979003
98.6754423841089,39.3596841736968,153.500005602837,-3.64614582061768,-12.6534328460693,-87.6469650268555,987.341125488281,2.84079194068909,-11.600700378418,14.4414920806885,7.09877920150757,-13.1119689941406,8.50432395935059,-16.0698089599609,218.747192382812,70.2101440429688,0.258026450872421,120.804206848145,159.416305541992,1.94136536121368,105.923553466797,2.58326840400696,0.00422301788330078,0.04074652120471,0.144655659794807,0.75,10,2001,3094.92431640625,113.349754333496,151.049270629883,126.699508666992,142.349761962891,120.349754333496,147.699508666992,228.098541259766,171.098541259766,182.546829223633,175.798049926758,188.546829223633,174.098541259766,204.704391479492,304.886810302734,231.950729370117,281.142913818359,215.655120849609,291.788269042969,213.645355224609,217.201950073242,211.399017333984,211.049270629883,204.344879150391,211.098541259766,375.753662109375,81.9063491821289,204.802932739258,147.059036254883,278.709289550781,106.256103515625,366.551696777344,58.1526832580566,230.950729370117,138.403900146484,297.847320556641,64.2019500732422,65.251220703125,75.6502456665039,80.3497543334961,77,79.3497543334961,76.6502456665039,80.3497543334961,422.645355224609,409.936096191406,415.694641113281,410.044372558594,421.044372558594,407.842437744141,363.359527587891,372.861968994141,372.906341552734,378.605865478516,374.960510253906,381.059020996094,436.886810302734,80.7043914794922,220.645355224609,138.650238037109,280.640472412109,74.5960922241211,2.50701814447107
98.68442553695,39.3596841736968,133.399993181229,-2.96438503265381,-12.9904079437256,-92.1987152099609,993.273498535156,3.44339156150818,-10.6507329940796,14.0941247940063,7.8779182434082,-12.5785369873047,9.32161426544189,-15.4224586486816,211.241455078125,67.9425735473633,0.237826764583588,120.083869934082,153.3125,2.11751222610474,101.244438171387,3.00925993919373,0.00203778705596924,0.041738998144865,0.144655659794807,0.449999988079071,10,2001,3009.53637695312,114.506950378418,151.004638671875,126.502319335938,142,120.502319335938,148.004638671875,226,167.493041992188,178.502319335938,171.493041992188,186.511581420898,169.990737915039,221.046340942383,320.157562255859,251.083404541016,294.60888671875,232.544021606445,306.143646240234,207.502319335938,211.46061706543,211.506958007812,209.497680664062,198.004638671875,207.493041992188,340.814636230469,75.4281768798828,191.92121887207,138.902694702148,277.432800292969,102.442077636719,356.944396972656,49.944393157959,219.944396972656,140.483779907227,280.437438964844,56.9536628723145,67,76.5023193359375,80,77.5023193359375,79.5023193359375,77,80,424.539398193359,393.516204833984,413.023162841797,406.018524169922,422.041717529297,398.004638671875,367.455963134766,395.023162841797,375.469879150391,383.986083984375,379.953674316406,394.502319335938,426.037078857422,102.571823120117,215.506958007812,153.567184448242,293.120483398438,87.0834121704102,2.50724637681159
98.1364532136371,39.3507010208556,83.0999985337257,-6.06560897827148,-11.9736804962158,-77.7513427734375,1007.64465332031,0.150293365120888,-15.2806358337402,15.4309282302856,4.52951526641846,-15.9404211044312,5.70580101013184,-18.950756072998,222.34619140625,70.8793334960938,0.328590124845505,122.635604858398,160.836547851562,1.78923332691193,107.131385803223,1.90000009536743,-0.0172173797607422,0.0221828389912844,0.0922978743910789,0.225000008940697,10,2001,3466.88818359375,109.900085449219,148.122665405273,124.011375427246,140.420776367188,113.590599060059,147.011383056641,166.578491210938,124.110557556152,142.742538452148,136.876602172852,144.912368774414,124.876594543457,234.994979858398,336.278747558594,257.917083740234,274.229827880859,250.151779174805,306.095916748047,205.3984375,201.898590087891,200.785079956055,199.649398803711,200.181610107422,199.104309082031,322.07958984375,65.230110168457,205.397567749023,125.473823547363,250.292892456055,77.3186416625977,335.332122802734,47.4662971496582,233.139068603516,124.173942565918,279.860198974609,72.5206909179688,38.8505783081055,75.6547470092773,79.2339630126953,76.7660369873047,79,76.6547470092773,79.2339630126953,428.103912353516,419.02099609375,426.764282226562,418.864196777344,428.103759765625,424.336090087891,366.263702392578,379.080413818359,372.450653076172,381.375122070312,371.714630126953,377.214324951172,363.751861572266,81.4652404785156,180.020538330078,128.652252197266,253.441177368164,78.9358520507812,2.49389339116539
98.1454363664783,39.3507010208556,69.2000016570091,-5.30205583572388,-12.4603290557861,-83.1654357910156,1010.26318359375,0.587519288063049,-14.3961496353149,14.9836692810059,5.21354961395264,-15.2037525177002,6.42066240310669,-18.3047561645508,215.814453125,68.0405578613281,0.322054803371429,121.017929077148,154.778091430664,1.79570889472961,103.436836242676,1.92205488681793,-0.0174611831665039,0.0221828389912844,0.0922978743910789,0.275000005960464,10,2001,3723.43994140625,110.312515258789,148.398056030273,124.483612060547,139.26286315918,114.878562927246,147.312515258789,170.425918579102,127.116523742676,144.580154418945,140.231735229492,148.768112182617,127.461822509766,229.902847290039,340.7646484375,254.390533447266,268.936584472656,246.666198730469,306.868865966797,228.528106689453,213.462783813477,222.708877563477,222.340484619141,228.075119018555,223.08073425293,381.391754150391,84.0011520385742,228.765808105469,146.225006103516,290.735992431641,93.4085540771484,336.029754638672,51.8757934570312,248.816650390625,136.525573730469,281.671661376953,75.5698471069336,41.0403137207031,75.0031127929688,79.6547012329102,76.0886611938477,78.9144515991211,76.0886611938477,79.5691528320312,424.966247558594,412.613433837891,417.451690673828,409.395812988281,415.243743896484,411.957427978516,345.850921630859,374.009338378906,359.839447021484,368.263702392578,356.595611572266,365.221588134766,349.314910888672,112.294059753418,196.260559082031,125.391227722168,263.334838867188,83.0141067504883,2.49412167560781
98.4688298687614,39.3507010208556,139.200001955032,-4.68583250045776,-12.7401895523071,-86.5572662353516,1004.41137695312,1.00337874889374,-13.7366123199463,14.739990234375,5.7018084526062,-15.5938758850098,6.87347602844238,-17.6787090301514,219.728164672852,71.0901260375977,0.129954323172569,123.783912658691,161.80615234375,1.17931604385376,108.184585571289,1.37972593307495,-0.00424692687988281,0.0387584865093231,0.141804173588753,1.17499995231628,10,2001,3225.42431640625,110.732177734375,149.267822265625,127.732177734375,141,119,146,200.508666992188,135.776489257812,153.508666992188,143.142578125,156.142578125,133.508666992188,200.142578125,332.973022460938,227.437377929688,283.705200195312,212.339111328125,307.508666992188,162.857421875,193,167.267822265625,180.267822265625,156.660888671875,182.633911132812,321.668609619141,67.1425857543945,194.874755859375,119.33911895752,237.481704711914,74.53564453125,345.963409423828,51.6339111328125,224.633911132812,138.9287109375,263.82080078125,80.46435546875,59.7052040100098,74.6339111328125,81,77,80,76,81,425.339111328125,411.830444335938,413.46435546875,418.098266601562,421.0712890625,408.562622070312,411.803466796875,395.53564453125,419.267822265625,402,422.267822265625,408.803466796875,399.354553222656,83.6782302856445,214.579971313477,136.437377929688,290.302520751953,85.8747634887695,2.50233991553476
98.4778130216026,39.3507010208556,142.299994826317,-4.79791259765625,-12.6715755462646,-85.1186981201172,1008.35601806641,0.958875119686127,-13.9437408447266,14.9026155471802,5.63620281219482,-15.7260427474976,6.80748701095581,-17.8320045471191,221.64485168457,71.5038833618164,0.131762444972992,123.371307373047,162.956283569336,1.18835663795471,109.024917602539,1.39057469367981,-0.00302826824188232,0.0389890223741531,0.141804173588753,0.550000011920929,10,2001,3259.53100585938,111.457473754883,150.971649169922,127,142.457473754883,119,147.457473754883,216.68815612793,153.173980712891,168.230682373047,160.173980712891,171.230682373047,151.631454467773,204.542526245117,336.028350830078,223.198455810547,280.198455810547,211.141754150391,307.655914306641,183.234558105469,195.914947509766,186.461349487305,192.659805297852,176.319610595703,195.631454467773,357.117279052734,76.886604309082,204.858245849609,131.744857788086,241.65592956543,88.6314544677734,353.340209960938,54.429126739502,224.514175415039,139.400772094727,280.886596679688,82.886604309082,60.0850486755371,75,81,77,80,76,81,428.028350830078,420.688140869141,416.372436523438,419.429138183594,425.457489013672,414.744842529297,389.222930908203,383.396911621094,397.166229248047,387.911071777344,397.737091064453,389.623687744141,485.606994628906,99.7448501586914,278.869873046875,146.287368774414,339.720367431641,98.2873764038086,2.50256819997717
98.4867961744438,39.3507010208556,142.299994826317,-4.60027360916138,-12.8122282028198,-86.0362091064453,1013.02392578125,1.13765072822571,-13.7685384750366,14.9061889648438,5.84613275527954,-15.327823638916,7.03041362762451,-17.7173862457275,220.160263061523,70.8188323974609,0.147431895136833,122.898712158203,161.509552001953,1.18972754478455,108.083457946777,1.48459136486053,-0.00227704315185547,0.0375367403030396,0.141804173588753,0.550000011920929,10,2001,3258.73168945312,113.648048400879,151.643936157227,127.675514221191,143.634780883789,119.675514221191,148.634780883789,227.460815429688,163.776153564453,178.163803100586,170.438385009766,181.163803100586,163.748687744141,201.338684082031,336.707092285156,225.585403442383,279.207824707031,213.184463500977,306.491577148438,199.359588623047,202.660400390625,202.274505615234,204.7802734375,195.831924438477,208.761947631836,361.633331298828,75.5226287841797,204.842071533203,137.119857788086,238.46501159668,97.0333480834961,340.881988525391,55.6031913757324,224.009155273438,141.584884643555,281.886932373047,83.5491790771484,58.0682067871094,74.662239074707,81,77,79.662239074707,76.337760925293,81,422.627471923828,420.990325927734,413.149169921875,411.483734130859,419.2041015625,413.026947021484,378.666046142578,376.349273681641,384.576324462891,383.735992431641,383.97314453125,378.211090087891,521.814025878906,103.093315124512,323.436798095703,148.120788574219,357.701477050781,102.147331237793,2.50279648441959
98.495779327285,39.3507010208556,170.000001788139,-4.5885591506958,-12.8077526092529,-86.2743759155273,1010.88739013672,1.13091516494751,-13.7248563766479,14.8557720184326,5.84368991851807,-14.4557313919067,7.01694250106812,-17.6713542938232,221.324798583984,71.342903137207,0.200000002980232,122.69312286377,162.16178894043,1.48571515083313,108.360397338867,1.80000007152557,-0.00152581796646118,0.036438662558794,0.141036286950111,0.574999988079071,10,2001,3276.36376953125,114.306091308594,150.77783203125,128.11637878418,142.77783203125,120.11637878418,147.77783203125,227.726379394531,163.040863037109,179.22216796875,169.387817382812,182.032470703125,163.040863037109,198.596527099609,339.782897949219,241.873626708984,286.2724609375,223.508117675781,312.196960449219,183.378829956055,205.234939575195,197.951873779297,205,188.632308959961,208.241165161133,358.110565185547,69.0336151123047,199.06608581543,135.144485473633,242.658111572266,91.3397064208984,341.295501708984,54.0084037780762,222.292617797852,141.146667480469,279.691741943359,78.9518814086914,59.528263092041,74.1572494506836,80.8102874755859,76.8102874755859,78.9675369262695,76.6530456542969,80.8102874755859,416.992736816406,407.118682861328,402.565216064453,397.202606201172,408.754913330078,399.687805175781,399.785675048828,387.646392822266,399.48291015625,397.797393798828,401.9921875,392.071044921875,526.869018554688,97.5188293457031,294.994049072266,144.60563659668,342.421875,97.6782531738281,2.503024768862
98.5047624801261,39.3507010208556,170.499995350838,-4.71636247634888,-12.7063875198364,-85.6591186523438,1005.83673095703,1.02077174186707,-13.8246307373047,14.8454027175903,5.68193101882935,-14.5251703262329,6.86169672012329,-17.7187843322754,224.604644775391,73.0332794189453,0.200000002980232,123.314292907715,164.975433349609,1.58091533184052,109.738151550293,1.80000007152557,-0.00077459282875061,0.035579290241003,0.12676165997982,0.675000011920929,10,2001,3298.892578125,113.610633850098,149.610641479492,126.999313354492,141.610641479492,118.957633972168,146.652313232422,230.042709350586,165.084396362305,181.389709472656,171.695709228516,183.820068359375,165.084396362305,198.3056640625,342.834320068359,251.669296264648,284.63671875,226.80549621582,312.971527099609,179.11149597168,198.509948730469,197.26432800293,204.833282470703,184.999313354492,205.971176147461,381.415618896484,71.140998840332,201.127105712891,142.629333496094,246.278900146484,93.2518005371094,346.418884277344,54.5144081115723,218.623153686523,145.099319458008,285.628295898438,78.4727249145508,60.3334465026855,74,80.2636337280273,76.2636337280273,78.3053207397461,76.2636337280273,80.2636337280273,416.889892578125,407.724884033203,401.390045166016,395.86279296875,407.876342773438,401.683868408203,403.998626708984,393.765167236328,401.387298583984,399.303955078125,407.472045898438,392.344940185547,523.608581542969,101.795028686523,264.752471923828,155.061752319336,334.623504638672,98.0149230957031,2.50325305330442
98.5137456329673,39.3507010208556,179.700002074242,-4.66028165817261,-12.738320350647,-86.1137313842773,1005.08801269531,1.05126976966858,-13.7505397796631,14.8018093109131,5.7085657119751,-14.457836151123,6.90612316131592,-17.6604557037354,225.254180908203,73.0058212280273,0.200000002980232,122.733909606934,165.012557983398,1.60000002384186,109.574424743652,1.80000007152557,-2.33677208423615e-05,0.0348884165287018,0.12676165997982,0.574999988079071,10,2001,3340.14086914062,113,149,127.09326171875,141,118.546630859375,146.546630859375,242.572509765625,178.119140625,194.119140625,184.02587890625,197.759033203125,178.119140625,210.119140625,352.83935546875,247.25390625,288.65283203125,232.5595703125,320.83935546875,184.46630859375,189.080322265625,196.360107421875,202.8134765625,185.09326171875,201.72021484375,412.945556640625,80.65283203125,202.360107421875,149.639892578125,253.5595703125,108.21240234375,375.51806640625,56.639892578125,226.479248046875,154.106201171875,304.945556640625,80.09326171875,64.373046875,74,79.453369140625,75.453369140625,78,75.453369140625,79.453369140625,411.34716796875,412.09326171875,401.90673828125,398,406.173583984375,405.453369140625,404.1865234375,398.826416015625,402.27978515625,399.1865234375,409.1865234375,392.826416015625,523.27978515625,98.800537109375,259.385986328125,163,330.266845703125,93.987060546875,2.50348133774683
98.5227287858085,39.3507010208556,193.599998950958,-4.60241222381592,-12.7601404190063,-86.2556076049805,1004.27081298828,1.11660003662109,-13.6769437789917,14.7935447692871,5.75997877120972,-14.3727779388428,6.96010732650757,-17.5915412902832,226.057022094727,73.4793395996094,0.200000002980232,122.604278564453,165.414016723633,1.60000002384186,109.529357910156,1.80000007152557,0.000727857398986816,0.0343209132552147,0.12676165997982,0.650000035762787,10,2001,3451.78637695312,112.20280456543,149,127.20280456543,141,118.601402282715,146.60139465332,247.419631958008,184.216827392578,199.021026611328,188.021026611328,204.021026611328,183.419631958008,226.978973388672,362.594390869141,251.957946777344,309.349517822266,245.573364257812,334.181762695312,193.783172607422,192.174758911133,194.60139465332,200.20280456543,187.99299621582,201.790191650391,434.573364257812,96.9649505615234,214.950927734375,169.734115600586,278.531311035156,130.363555908203,404.783172607422,65.5733642578125,245.167755126953,169.964950561523,327.769165039062,90.1677551269531,69.1957931518555,73.6014022827148,79.3985977172852,75,78,75,79.3985977172852,401.014007568359,407.818237304688,397.014007568359,394.014007568359,398.615417480469,399.818237304688,405.202789306641,400.007019042969,408.985992431641,405.783172607422,413.3916015625,398.790191650391,531.181762695312,119.503265380859,283.545318603516,210.433166503906,360.286437988281,111.321495056152,2.50370962218925
98.5317119386497,39.3507010208556,189.79999423027,-4.8411169052124,-12.5701665878296,-85.1497268676758,994.650207519531,0.900771617889404,-13.861156463623,14.7619285583496,5.47446203231812,-14.4852609634399,6.67369365692139,-17.6817817687988,229.470001220703,74.4130172729492,0.347960114479065,122.262344360352,167.613861083984,1.7703230381012,111.197784423828,1.97032308578491,0.00116869812011719,0.0353991463780403,0.12676165997982,0.925000011920929,10,2001,3408.54248046875,111.69425201416,148.749420166016,126.193084716797,140.749420166016,118.096542358398,146.347122192383,244.862091064453,181.416091918945,195.457458496094,184.708053588867,201.209213256836,180.611511230469,228.036682128906,363.611511230469,267.103790283203,320.758758544922,248.901107788086,338.239135742188,203.099105834961,205.021026611328,197.354141235352,202.701263427734,194.025482177734,208.33122253418,442.161041259766,99.0619277954102,228.110549926758,181.183944702148,302.768341064453,132.464218139648,400.066375732422,69.903450012207,243.749160766602,171.811340332031,332.862060546875,92.5079345703125,69.7080383300781,73.5977096557617,79.9034576416016,75.5011672973633,78.2505874633789,75.5011672973633,79.9034576416016,401.728851318359,404.262054443359,397.227691650391,393.977111816406,400.078308105469,395.760864257812,395.172027587891,390.716918945312,405.264129638672,403.071044921875,405.896209716797,396.560760498047,545.262512207031,145.06706237793,289.452758789062,244.701431274414,400.428436279297,128.317413330078,2.50393790663166
98.5406950914909,39.3507010208556,189.79999423027,-4.89071416854858,-12.5106019973755,-85.5229949951172,986.71923828125,0.88579124212265,-13.7541399002075,14.639931678772,5.37587785720825,-14.4343662261963,6.57983732223511,-17.6103382110596,233.997985839844,76.035400390625,0.264876633882523,122.007743835449,170.265808105469,2.02359080314636,112.26180267334,2.22359085083008,0.00150450954437256,0.0370132625102997,0.12676165997982,1.02499997615814,10,2001,3320.59228515625,112.510841369629,148.449752807617,126,140.34716796875,118.102592468262,146.858016967773,253.315734863281,188.872299194336,202.702301025391,193.073272705078,210.071166992188,188.970672607422,215.025344848633,361.567962646484,268.255950927734,312.245025634766,236.370407104492,334.958740234375,210.102355957031,213.715789794922,204.641220092773,209.986282348633,200.755187988281,214.141754150391,428.466522216797,80.3748474121094,219.632461547852,158.829895019531,302.7958984375,112.863998413086,373.258819580078,61.6490783691406,222.282791137695,151.490936279297,318.150695800781,75.94677734375,67.3627700805664,74.6134338378906,80,76.6134338378906,78.7554244995117,76.6134338378906,80,415.247253417969,410.501342773438,408.813079833984,405.673217773438,416.024353027344,402.118988037109,374.650390625,375.782867431641,385.892852783203,383.790283203125,383.323028564453,383.983825683594,550.993286132812,127.304313659668,263.707733154297,202.857803344727,400.578308105469,109.159362792969,2.50416619107408
98.5496782443321,39.3507010208556,161.300003528595,-4.26926851272583,-12.9584350585938,-90.8572235107422,987.950927734375,1.24362981319427,-13.0269250869751,14.2705545425415,5.93042945861816,-13.7955360412598,7.16398096084595,-17.0707015991211,224.920288085938,72.6057510375977,0.264772236347198,121.00537109375,162.945693969727,2.00967645645142,107.704681396484,2.22386121749878,0.00184032096862793,0.0386273823678493,0.137007132172585,0.900000035762787,10,2001,3131.27294921875,113,149.214813232422,126,140.607406616211,118.607406616211,147.607406616211,261.251831054688,202.148101806641,209.644424438477,203.288864135742,218.251831054688,198.681457519531,202.103729248047,358.570373535156,259.674102783203,313.718475341797,221.674118041992,335.037017822266,209.748168945312,214.355575561523,211.859237670898,215.429626464844,200.140762329102,212.533355712891,369.970642089844,70.6074066162109,201.600067138672,136.244491577148,284.133422851562,102.607406616211,331.948303222656,59.0370254516602,222.185119628906,135.92594909668,289.059356689453,66.3925933837891,63.3555679321289,75.6074066162109,80,77.6074066162109,79,77.6074066162109,80,435.007354736328,420.503662109375,423.540710449219,423.185119628906,437.007354736328,417.185119628906,355.244506835938,365.140747070312,364.207458496094,361.600067138672,363.459289550781,370.281524658203,505.829864501953,89.9853210449219,241.674118041992,171.103729248047,369.555694580078,89.0667114257812,2.50439447551649
98.5586613971733,39.3507010208556,146.200001239777,-3.81727242469788,-13.2458114624023,-94.4322662353516,989.052734375,1.59200251102448,-12.4402074813843,14.0322103500366,6.3499641418457,-13.3353977203369,7.62976217269897,-16.6696109771729,216.837768554688,70.1643524169922,0.264772236347198,120.806106567383,157.06689453125,1.90270352363586,103.542388916016,2.16369032859802,0.00217613258361816,0.040241502225399,0.148833751678467,0.675000011920929,10,2001,2966.10009765625,114.378219604492,151.378219604492,126,141.918807983398,119.918815612793,149.378219604492,258.946533203125,204.487121582031,207.865341186523,202.027709960938,216.865341186523,197.946533203125,194.243560791016,344.596008300781,241.514831542969,302.542541503906,209.487121582031,320.461364746094,202.865341186523,206.946533203125,211.324752807617,213.324752807617,193.324752807617,208.081192016602,317.271270751953,66.8653411865234,169.40788269043,118.811866760254,245.651443481445,93.8118667602539,308,56.405933380127,229.702972412109,123.730674743652,264.568298339844,59.5683059692383,59.6217803955078,76.4594039916992,80.4594039916992,78.4594039916992,79.918815612793,78.4594039916992,80,457.485168457031,435.188140869141,444.782196044922,445.863403320312,459.485168457031,438.025756835938,340.10888671875,357.865325927734,344.352447509766,341.352447509766,347.730682373047,353.89306640625,394.251373291016,83.1604232788086,227.190078735352,148.083129882812,297.762298583984,83.3782196044922,2.50462275995891
98.5676445500145,39.3507010208556,152.600005269051,-3.6602029800415,-13.3442049026489,-95.8378295898438,987.406433105469,1.79952156543732,-12.127854347229,13.927375793457,6.51966428756714,-13.1397428512573,7.82586860656738,-16.4782161712646,213.243087768555,69.205192565918,0.264772236347198,121.214004516602,154.98258972168,1.74108195304871,102.08512878418,2.02177929878235,0.00251194400787354,0.0418556220829487,0.148833751678467,0.5,10,2001,2995.4462890625,115.892395019531,152.892395019531,126.622856140137,143.239700317383,121.239692687988,150.580978393555,256.508819580078,202.478958129883,205.814224243164,197.95768737793,214.502792358398,197.377380371094,200.86946105957,330.345550537109,234.81379699707,288.6572265625,211.216094970703,309.142639160156,203.928497314453,210.114517211914,211.958358764648,213.646926879883,195.515487670898,211.743148803711,308.304321289062,64.8142242431641,152.537170410156,109.963050842285,227.309509277344,86.2087631225586,306.131439208984,49.1786766052246,226.55647277832,118.071311950684,257.190704345703,54.6821327209473,59.0418853759766,76.9641342163086,80.3412780761719,78.652702331543,80.6168365478516,78.652702331543,79.6885757446289,465.743347167969,442.479797363281,454.629730224609,455.6357421875,466.186187744141,446.713470458984,330.980865478516,347.717102050781,334.064636230469,330.753204345703,338.334167480469,341.543365478516,327.734924316406,92.3421173095703,204.284072875977,131.20166015625,248.814605712891,82.0895462036133,2.50485104440132
98.5766277028557,39.3507010208556,172.800004482269,-3.90182161331177,-13.17431640625,-94.5827484130859,983.076782226562,1.65732264518738,-12.2739686965942,13.9312906265259,6.31033372879028,-13.3240385055542,7.62329769134521,-16.6112384796143,217.988861083984,70.2871932983398,0.278993755578995,120.948333740234,158.326721191406,1.89846205711365,104.956817626953,2.24047446250916,0.00280747489929199,0.0431529693305492,0.148833751678467,0.774999976158142,10,2001,3046.42163085938,115.673065185547,153,127.468795776367,143.65266418457,121.489196777344,150.34733581543,259.690093994141,208.446228027344,211.163726806641,203.000259399414,218.693725585938,205.385025024414,219.079010009766,334.416046142578,246.44889831543,300.451324462891,227.489959716797,321.570373535156,214.32502746582,222.543914794922,217.770751953125,219.281555175781,206.303421020508,219.078491210938,319.421142578125,68.3655776977539,165.060760498047,114.20694732666,244.59342956543,92.3079986572266,310.459259033203,46.1044235229492,228.800567626953,124.612113952637,261.087890625,57.8763809204102,59.9579887390137,76.8365325927734,79.3677368164062,78.0204010009766,80.0204010009766,78.1838684082031,79.1838684082031,458.429901123047,441.106842041016,446.962310791016,448.7568359375,456.676177978516,441.859100341797,327.428955078125,337.001892089844,335.450805664062,331.961608886719,337.020416259766,339.062408447266,336.784423828125,81.249397277832,185.19856262207,134.345169067383,256.840667724609,78.1452255249023,2.50507932884374
98.5856108556969,39.3507010208556,186.299994587898,-4.24341058731079,-12.9480695724487,-91.9224548339844,979.378601074219,1.4513041973114,-12.6392765045166,14.0905799865723,6.00568914413452,-13.6230449676514,7.29153966903687,-16.8579483032227,224.869995117188,71.8398513793945,0.300000011920929,120.336761474609,162.962265014648,2.20000004768372,108.712211608887,2.69917488098145,0.00292098121643066,0.0430188551545143,0.148833751678467,0.875,10,2001,3116.9931640625,114.632652282715,153.015533447266,127.347381591797,143.347381591797,120.679229736328,150.668151855469,256.971130371094,210.238693237305,217.433044433594,208.780426025391,222.838088989258,209.165496826172,232.380294799805,352.364349365234,258.37451171875,317.133636474609,243.942855834961,333.550628662109,222.231185913086,223.157943725586,215.567443847656,217.888198852539,212.48095703125,220.881561279297,353.749877929688,69.362907409668,179.238250732422,124.383781433105,266.530700683594,102.094551086426,332.454833984375,47.3717918395996,238.580810546875,131.774642944336,276.246276855469,59.6836738586426,59.1352996826172,76.3163223266602,79.0310516357422,77.3318557739258,79.3318557739258,77.9844741821289,79.0155258178711,451.624237060547,446.137176513672,442.695251464844,442.97607421875,450.084747314453,438.524444580078,326.129028320312,331.036743164062,341.737335205078,339.120208740234,337.434295654297,340.593994140625,334.909301757812,76.5647583007812,192.370025634766,136.745300292969,276.265777587891,78.4236755371094,2.50530761328615
98.5945940085381,39.3507010208556,186.299994587898,-4.23679447174072,-12.9680442810059,-92.0722579956055,979.560668945312,1.4519374370575,-12.637375831604,14.0893135070801,6.01879644393921,-13.6160516738892,7.29588079452515,-16.853816986084,224.690124511719,71.7179107666016,0.300000011920929,120.037727355957,162.657592773438,2.16511249542236,108.413314819336,2.92273330688477,0.00303448753356934,0.0428847409784794,0.148833751678467,0.899999976158142,10,2001,3113.90405273438,112.959632873535,153.52018737793,127.52018737793,143.52018737793,120.52018737793,151,253.47981262207,206.878890991211,212.677062988281,204.197235107422,219.277984619141,204.277984619141,206.228408813477,353.035766601562,243.152282714844,307.753204345703,227.510986328125,334.318359375,210.914672851562,204.354110717773,198.955032348633,201.434844970703,197.313751220703,205.914672851562,396.847717285156,70.0403671264648,203.206436157227,141.964233398438,271.757781982422,99.1568756103516,360.004608154297,50.0403671264648,230.914672851562,138.121109008789,292.762390136719,60.5201835632324,62.6816558837891,75.4798126220703,80.0403671264648,77,79,77.4798126220703,79.5201873779297,426.591735839844,422.349517822266,421.672454833984,419.111907958984,429.753204345703,411.950439453125,361.973419189453,373.296356201172,379.372497558594,378.933044433594,372.933044433594,382.134887695312,412.390899658203,83.8027572631836,234.291763305664,160.968826293945,315.650482177734,93.0449676513672,2.50553589772857
98.6035771613793,39.3507010208556,159.999996423721,-3.94246125221252,-13.1675424575806,-94.2505493164062,982.995727539062,1.6174989938736,-12.3548822402954,13.9723815917969,6.28891849517822,-13.3509130477905,7.5778021812439,-16.6431541442871,218.464645385742,69.9517669677734,0.300000011920929,120.522972106934,158.715026855469,1.95684957504272,105.583045959473,2.50949740409851,0.00314799404144287,0.0427506268024445,0.146118447184563,0.625,10,2001,3076.791015625,113.488960266113,153.62776184082,128,143.255523681641,122.488960266113,150.255523681641,252.255523681641,204.37223815918,204.62776184082,197,213.62776184082,198.255523681641,191.634048461914,343.488952636719,238.261810302734,299.305969238281,219.634048461914,330.372253417969,198.488952636719,197.189270019531,194.561508178711,195.817031860352,182.861190795898,197.211349487305,393.921173095703,69.8832855224609,213.299697875977,145.927459716797,264.883270263672,91.3722381591797,355.621459960938,52.8611946105957,218.861190795898,139.883285522461,285.971618652344,61.7444801330566,64.7665634155273,75.3722381591797,80.6277618408203,77,79,77,80,410.955841064453,394.255523681641,405.350158691406,401.722381591797,417.955841064453,387.744476318359,389.555206298828,408.555206298828,400.088348388672,401.832824707031,399.182983398438,415.044158935547,483.694030761719,97.700309753418,243.782363891602,172.832824707031,318.432220458984,101.533126831055,2.50576418217099
98.6125603142205,39.3507010208556,170.59999704361,-3.81492805480957,-13.2646245956421,-95.5160598754883,984.748657226562,1.68578410148621,-12.2019891738892,13.8877735137939,6.40529203414917,-13.2367763519287,7.70496034622192,-16.5571098327637,215.286926269531,69.2326431274414,0.256373763084412,121.176109313965,157.06965637207,1.67864942550659,104.336898803711,2.10237646102905,0.00326150016784668,0.0426165163516998,0.145810723304749,0.650000035762787,10,2001,3141.04736328125,115.282913208008,153.123199462891,128.224319458008,142.246383666992,123.609977722168,149.470703125,250.349136352539,200.839157104492,203.001617431641,195.878433227539,212.225936889648,195.227554321289,212.601593017578,352.685272216797,261.865173339844,316.630767822266,239.704345703125,334.241516113281,200.955856323242,206.71955871582,203.25048828125,205.067077636719,185.608352661133,203.378051757812,365.329711914062,69.9397735595703,205.114715576172,138.359481811523,263.593902587891,93.2226867675781,342.617340087891,54.4867820739746,222.505599975586,140.837036132812,275.041168212891,62.9779281616211,62.4120979309082,75.6524963378906,80.1231918334961,77,79,77,80.2243118286133,417.683044433594,395.040893554688,411.012847900391,407.216705322266,426.028930664062,390.996765136719,380.585418701172,398.239532470703,385.512359619141,387.593048095703,388.362731933594,405.625213623047,453.583343505859,100.950370788574,221.302764892578,156.349899291992,285.355041503906,95.0296859741211,2.5059924666134
98.6215434670617,39.3507010208556,188.899993896484,-4.19909572601318,-12.9521827697754,-91.6343231201172,980.923095703125,1.50183713436127,-12.6374387741089,14.1392765045166,6.05310297012329,-13.5950479507446,7.34194564819336,-16.8415927886963,223.409790039062,72.6346664428711,0.257119953632355,122.08642578125,163.515121459961,1.62189221382141,108.124198913574,2.05711984634399,0.00337500648498535,0.0424824021756649,0.145810723304749,0.75,10,2001,3313.45532226562,115.118324279785,152.770782470703,128.576049804688,141.847183227539,122.084564208984,149.423233032227,248.16096496582,192.109771728516,200.814147949219,193.737747192383,210.390197753906,190.745895385742,216.812698364258,368.330169677734,271.335754394531,329.465545654297,241.668029785156,341.932891845703,204.673538208008,206.509246826172,201.435028076172,206.460632324219,188.639053344727,204.230682373047,364.739593505859,75.3942413330078,205.450286865234,141.400207519531,264.034484863281,99.2766418457031,362.773284912109,53.5430107116699,226.561187744141,146.628707885742,290.144592285156,63.8816757202148,63.4157981872559,75.3475494384766,80.0764083862305,77.0764083862305,79.0764083862305,77,80.7288589477539,414.640258789062,398.678070068359,412.963317871094,407.929565429688,426.013397216797,395.371704101562,380.415069580078,394.812683105469,384.949188232422,385.609802246094,385.271148681641,400.397613525391,418.636962890625,92.4183044433594,231.235122680664,151.384216308594,283.459442138672,93.2299499511719,2.50622075105582
98.6305266199029,39.3507010208556,187.800005078316,-4.75055074691772,-12.4854612350464,-86.7344818115234,973.6943359375,1.19837641716003,-13.198540687561,14.3969173431396,5.55474042892456,-14.0740051269531,6.80334520339966,-17.2098236083984,234.145370483398,75.6946563720703,0.264772236347198,121.663223266602,170.659881591797,1.62954449653625,113.113075256348,2.06477212905884,0.00352146759033203,0.0421346016228199,0.145810723304749,1.07500004768372,10,2001,3352.89306640625,113.83814239502,151.257217407227,127.83814239502,140.838134765625,121,147.676284790039,247.580932617188,188.742782592773,202.485580444336,194.904647827148,211.323715209961,190.323715209961,213.514419555664,370.447906494141,260.733978271484,329.609771728516,235.771636962891,346,219.846954345703,208.647430419922,210.523239135742,216.942306518555,201.523239135742,210.713943481445,374.552093505859,92.4278869628906,210.066513061523,149.390228271484,266.32373046875,120.075317382812,406.179473876953,55.4855766296387,233.971160888672,153.647430419922,326.532043457031,65.1618576049805,65.742790222168,75.5809326171875,80.5809326171875,77.5809326171875,79.5809326171875,77,81,399.895843505859,399.838134765625,403.219543457031,398.381408691406,412.895843505859,392.028839111328,380.257202148438,391.514434814453,385.838134765625,384.67626953125,385,397.257202148438,446.931091308594,101.008811950684,257.494384765625,161.361373901367,321.569702148438,97.2283630371094,2.50644903549823
98.6395097727441,39.3507010208556,179.399996995926,-4.78056764602661,-12.4138145446777,-85.7162780761719,972.853820800781,1.20770275592804,-13.2786664962769,14.4863691329956,5.52179431915283,-14.0878381729126,6.7576265335083,-17.2342300415039,232.933731079102,75.2957077026367,0.264772236347198,121.875259399414,170.154388427734,1.62954449653625,112.879806518555,2.06477212905884,0.00368853912353516,0.0416531562805176,0.145810723304749,1.17500007152557,10,2001,3288.92993164062,113.866035461426,150.433013916016,127.866035461426,140.86604309082,121.866035461426,146.86604309082,243.236785888672,186.102828979492,200.236785888672,192.669799804688,206.50471496582,188.968872070312,213.598114013672,364.566986083984,256.361328125,317.638671875,237.196228027344,342.102813720703,223.339614868164,214.598114013672,220.13395690918,223.968872070312,207.669799804688,217.86604309082,370.040557861328,93.7415008544922,196.978286743164,142.308471679688,250.246215820312,125.607536315918,403.121673583984,58.866039276123,235.535842895508,151.370742797852,329.648101806641,66.4330215454102,63.5358467102051,76.4330215454102,81,78,80,77.4330215454102,81,398.093414306641,403.330200195312,397.897186279297,396.928314208984,407.629241943359,393.495300292969,378.566986083984,382.504699707031,381.535858154297,379.535858154297,384.133972167969,388.638671875,493.196228027344,99.27734375,267.370758056641,152.813186645508,343.473571777344,88.4424438476562,2.50667731994065
98.6484929255853,39.3507010208556,179.399996995926,-4.7908787727356,-12.3740739822388,-85.6139526367188,971.805053710938,1.20745265483856,-13.2499780654907,14.4574308395386,5.50281381607056,-14.0990304946899,6.73644208908081,-17.227144241333,230.928039550781,74.460563659668,0.264772236347198,122.089614868164,169.297378540039,1.62954449653625,112.767478942871,2.06477212905884,0.00385561065673828,0.0411717109382153,0.143405422568321,0.875,10,2001,3292.95727539062,114.874908447266,150.937454223633,128.874908447266,141.589782714844,122.874908447266,148.160034179688,238.543411254883,184.414215087891,195.258285522461,188.195724487305,199.793594360352,186.008087158203,221.757019042969,364.6328125,267.217712402344,311.059204101562,244.675079345703,339.843963623047,215.531982421875,218.765228271484,219.125091552734,221.293212890625,204.621368408203,218.874908447266,368.988342285156,80.6262359619141,183.161437988281,128.688781738281,236.692657470703,111.220115661621,372.877838134766,58.7343902587891,241.479873657227,143.102340698242,314.208465576172,65.7969360351562,61.7814064025879,76.3671951293945,81,77.7148742675781,79.7148742675781,77.6523208618164,80.7148742675781,413.53369140625,415.502746582031,407.569396972656,408.991027832031,419.034057617188,407.619750976562,371.219482421875,366.669494628906,372.938323974609,370.653198242188,375.996887207031,373.505340576172,495.257629394531,83.5522537231445,257.676696777344,131.626998901367,323.251953125,77.5205459594727,2.50690560438306
98.6574760784265,39.3507010208556,206.300005316734,-5.0308837890625,-12.0962886810303,-82.1623764038086,969.920715332031,1.15524065494537,-13.5755290985107,14.7307691574097,5.30774021148682,-14.2983675003052,6.52537965774536,-17.3951988220215,234.454772949219,76.1246185302734,0.264772236347198,122.540458679199,171.917037963867,1.6673036813736,113.855514526367,2.10253143310547,0.00402268218994141,0.0406902618706226,0.138570919632912,0.774999976158142,10,2001,3334.74243164062,115,150.862747192383,128.725494384766,141.347717285156,122.725486755371,148.652282714844,238.682327270508,187.385559082031,195.304565429688,188.16731262207,200.094100952148,186.030044555664,227.093994140625,363.657470703125,269.845703125,310.095367431641,244.51628112793,341.943756103516,218.453567504883,219.785583496094,217.352920532227,220.035247802734,207.526763916016,217.764694213867,384.016815185547,78.4509735107422,190.931976318359,127.411766052246,248.522796630859,105.958206176758,379.652252197266,55.8810501098633,253.555358886719,137.341171264648,325.759368896484,62.4692802429199,65.5908203125,75.4209213256836,80.8627471923828,77.0732040405273,79.2104644775391,77.0732040405273,80.2104644775391,424.245697021484,431.758117675781,419.407806396484,419.386901855469,428.696655273438,422.767272949219,357.815765380859,349.319061279297,363.543853759766,361.440582275391,362.987030029297,359.468048095703,491.142578125,84.9084854125977,255.295516967773,129.274505615234,308.891662597656,82.2639999389648,2.50713388882548
98.6664592312677,39.3507010208556,221.100002527237,-4.49382734298706,-12.3931932449341,-85.4356460571289,973.101989746094,1.69909167289734,-12.8104438781738,14.5095348358154,5.90356302261353,-13.7989387512207,7.15867328643799,-16.8895492553711,229.368255615234,73.6915512084961,0.272282660007477,121.546020507812,167.502624511719,1.93369579315186,111.474708557129,2.36141324043274,0.00418975410461426,0.0402088165283203,0.138570919632912,1,10,2001,3234.82470703125,115,150.358352661133,127.71671295166,141.641647338867,121.71671295166,148.358352661133,236.791778564453,183.941925048828,194.716705322266,187.075073242188,199.716705322266,184.43342590332,215.750686645508,357.016998291016,262.450408935547,298.958923339844,232.958908081055,338.583557128906,220.641647338867,215.583557128906,211.300277709961,212.092056274414,209,213.225204467773,383.733703613281,76.4334259033203,200.058074951172,128.924926757812,260.341369628906,105.28328704834,394.116149902344,51.5084953308105,242.259185791016,129.016983032227,331.358367919922,56.5835647583008,68.2832870483398,75,80.3583526611328,76.3583526611328,79,76.3583526611328,80,430.849853515625,448.116149902344,431.266296386719,430.907928466797,433.283294677734,437.191223144531,348.225219726562,336.658630371094,357.150146484375,357.358367919922,356.716705322266,349.583557128906,496.266296386719,89.4915084838867,267.607666015625,130.283294677734,313.7578125,85,2.50736217326789
98.6754423841089,39.3507010208556,158.700004220009,-3.7330756187439,-12.826057434082,-90.2900466918945,980.497924804688,2.45554733276367,-11.7560529708862,14.2116003036499,6.79533529281616,-13.1307573318481,8.12857151031494,-16.1934280395508,220.302703857422,71.27001953125,0.281821429729462,121.09001159668,160.534164428711,2.13125538825989,106.026237487793,2.65978407859802,0.00426037712097168,0.0398138351738453,0.138570919632912,0.800000011920929,10,2001,3078.78149414062,115.493766784668,150.987533569336,126.506233215332,142,121.493766784668,148,233.024932861328,179.506225585938,190.049850463867,184.024932861328,196.037399291992,183,213.394058227539,339.655792236328,257.481292724609,293.950134277344,224.987533569336,328.581024169922,214.581024169922,211.506225585938,207.987533569336,208.962600708008,204.556091308594,208.518692016602,362.199432373047,68.5810165405273,196.099716186523,126.54362487793,267.468841552734,98.0997161865234,382.743041992188,46.0373916625977,232.45637512207,124.987533569336,309.274230957031,53.493766784668,66.0373916625977,75.493766784668,80,76.493766784668,79,76.493766784668,80,433,431.805389404297,427.124633789062,425.643341064453,429.556091308594,423.261749267578,351.912750244141,357.182159423828,364.875366210938,364.900299072266,365.381591796875,368.219543457031,482.249298095703,92,256.274230957031,130.012466430664,307.680725097656,80.5560913085938,2.50759045771031
98.68442553695,39.3507010208556,125.900000333786,-2.9701726436615,-13.2395839691162,-95.3467178344727,988.264953613281,3.17973923683167,-10.7088308334351,13.8885698318481,7.68305253982544,-12.4863119125366,9.10107612609863,-15.4954490661621,207.947799682617,67.5419845581055,0.222964569926262,120.667701721191,151.343780517578,2.13778734207153,99.3373031616211,2.83632659912109,0.00246894817352295,0.0410881116986275,0.138570919632912,0.575000047683716,10,2001,2933.2177734375,115.306243896484,152.342041015625,126.693756103516,142.345916748047,121.306243896484,148.691818237305,232.391372680664,175.542816162109,186.015472412109,181.661819458008,193.703430175781,180.232711791992,217.816192626953,329.815643310547,257.956451416016,301.443634033203,222.882934570312,325.484252929688,208.025131225586,204.775527954102,205.537017822266,208.875198364258,197.59602355957,204.584426879883,315.621704101562,58.2201156616211,176.615875244141,115.40348815918,256.499786376953,81.7290725708008,349.584869384766,41.6279563903809,226.992767333984,123.574752807617,276.015930175781,52.9603309631348,60.5902252197266,76.3439788818359,80,77.3439788818359,79.3459091186523,77.3439788818359,80,433.691833496094,406.057006835938,419.805969238281,417.503601074219,427.438781738281,403.464874267578,358.281097412109,389.819610595703,375.307250976562,373.314971923828,374.963256835938,391.950714111328,421.259826660156,80.9308395385742,219.55680847168,127.274314880371,275.068695068359,74.2878494262695,2.50781874215272
98.6934086897912,39.3507010208556,113.600000739098,-2.42613196372986,-13.4571390151978,-98.8926391601562,990.87158203125,3.6865508556366,-9.92400646209717,13.6105575561523,8.31878566741943,-12.0586433410645,9.76878547668457,-14.9222936630249,198.35368347168,64.923225402832,0.200000002980232,121.117530822754,144.854248046875,1.8923305273056,94.6574020385742,2.29233050346375,0.00067751898765564,0.0423623919487,0.138570919632912,0.425000011920929,10,2001,2787.4814453125,114.893844604492,153.246337890625,127.898445129395,143.246337890625,120.893844604492,150.096527099609,229.250823974609,170.894287109375,184.019256591797,179.367141723633,191.729263305664,175.802352905273,215.957305908203,338.357177734375,258.232116699219,303.728820800781,221.517501831055,328.521118164062,209.188446044922,196.290863037109,204.063461303711,207.517501831055,197.217880249023,206.396682739258,269.202850341797,52.2518005371094,158.755401611328,104.493965148926,230.702438354492,68.0109329223633,317.364074707031,38.2127380371094,210.924041748047,118.06795501709,254.247955322266,50.6571464538574,57.246768951416,77.246337890625,79.8019256591797,78.246337890625,79.8501892089844,78.0482635498047,79.8019256591797,432.719635009766,406.826324462891,419.245788574219,416.163513183594,426.989837646484,404.212310791016,358.091918945312,396.834564208984,376.840545654297,376.8212890625,375.792297363281,389.391021728516,356.329986572266,70.3400955200195,189.774993896484,120.193367004395,241.263488769531,71.3529205322266,2.50804702659514
98.7023918426324,39.3507010208556,113.600000739098,-1.87899494171143,-13.6366357803345,-102.497146606445,990.662414550781,4.18517017364502,-9.12216567993164,13.3073358535767,8.89844417572021,-11.6491632461548,10.3399362564087,-14.3120336532593,189.604644775391,62.3094482421875,0.200000002980232,121.125595092773,138.72380065918,1.74091112613678,90.2455902099609,2.14091110229492,-0.00111391019821167,0.0436366684734821,0.147158205509186,0.400000005960464,10,2001,2632.26293945312,116.157234191895,154.555419921875,128.903350830078,144.605667114258,122.207489013672,151.555419921875,216.186706542969,169.650817871094,178.624954223633,174.126251220703,184.063064575195,172.69075012207,224.095520019531,349.093017578125,260.612243652344,296.961303710938,227.734664916992,322.815734863281,211.510375976562,194.202377319336,211.390594482422,214.538757324219,203.784912109375,218.560760498047,249.921371459961,49.8968811035156,150.082458496094,101.199768066406,207.06689453125,60.6829261779785,279.250885009766,34.536018371582,198.108215332031,111.87622833252,233.425155639648,48.1404418945312,56.4510498046875,78.3543930053711,79.3479309082031,79.3543930053711,80.0502548217773,78.7023239135742,79.3479309082031,428.479309082031,414.086334228516,410.102874755859,402.580932617188,418.657043457031,403.595245361328,360.010314941406,391.059204101562,378.456268310547,383.177978515625,377.507781982422,377.843994140625,321.368530273438,79.1123199462891,162.151763916016,108.198287963867,213.306503295898,68.942024230957,2.50827531103755
98.1454363664783,39.3417178680144,71.1999982595444,-5.37303066253662,-12.5406684875488,-84.1348495483398,1013.32037353516,0.489557653665543,-14.4224233627319,14.9119815826416,5.19073963165283,-15.3229188919067,6.37856483459473,-18.414945602417,218.025802612305,69.6423568725586,0.371518015861511,121.825332641602,156.89875793457,1.88894140720367,104.173820495605,2.07849097251892,-0.0179814224243164,0.0217148922383785,0.0891375914216042,0.225000008940697,10,2001,3656.3837890625,109.579231262207,148.158462524414,122.420768737793,138.579238891602,114.579231262207,146.737701416016,176.579238891602,124.475402832031,150.262298583984,142.737701416016,154.579238891602,129.579238891602,217.262298583984,335.836090087891,246.890716552734,271.994567871094,230.524597167969,299.311492919922,200.90705871582,211.737701416016,203.688507080078,206.054641723633,192.901611328125,218.054641723633,330.125610351562,71.9508056640625,224.005447387695,136.846984863281,277.743133544922,84.9508056640625,328.043731689453,49.1584663391113,239.469955444336,127.530044555664,274.939910888672,81.4699554443359,41,76,79,76.420768737793,78,76.420768737793,79,425.415313720703,414.994567871094,409.153015136719,402.62841796875,416.415313720703,408.786895751953,373.519165039062,372.846984863281,386.737701416016,390.737701416016,390.841522216797,373.158477783203,338.273193359375,110.027229309082,202.797790527344,127.322380065918,253.535491943359,83.2185516357422,2.49469117479164
98.5047624801261,39.3417178680144,146.40000462532,-5.8268518447876,-12.1388921737671,-77.6735382080078,1016.33551025391,0.40569469332695,-15.2393617630005,15.6450567245483,4.82797288894653,-15.8195743560791,5.957594871521,-18.8395099639893,239.257995605469,76.8984985351562,0.343036025762558,122.480895996094,174.718536376953,1.74303603172302,116.669036865234,1.94303607940674,-0.00456247901916504,0.0328824818134308,0.107631653547287,0.625,10,2001,3469.0498046875,110.463317871094,148,126,141.463317871094,117,145.536682128906,230.243225097656,175.633178710938,185.463317871094,176.389953613281,187,172.853271484375,225.224044799805,358.756774902344,270.247192382812,296.559814453125,253.150680541992,336.073364257812,170.220092773438,206.513549804688,191.683410644531,200.683410644531,177.610046386719,201.976867675781,331.807006835938,68.5869140625,194.29345703125,135.196960449219,233.903503417969,95.1969528198242,344.756774902344,59.146728515625,226.29345703125,150.926635742188,274.29345703125,83.5869140625,57.6100463867188,75.4633178710938,81,77.4633178710938,79,77.4633178710938,81,429.169860839844,414.096496582031,416.486450195312,409.949768066406,426.559814453125,409.023132324219,401.146728515625,379.389953613281,392.366821289062,388.903503417969,395.29345703125,388.463317871094,454.196960449219,84.5366821289062,215.146728515625,163.220092773438,269.949768066406,77.9266357421875,2.5038246375157
98.5137456329673,39.3417178680144,154.400005936623,-5.65361213684082,-12.2151432037354,-78.4251251220703,1015.62200927734,0.530208230018616,-15.0622777938843,15.5924854278564,4.96265602111816,-15.623517036438,6.10684013366699,-18.6774826049805,238.288909912109,76.3980484008789,0.343036025762558,121.910118103027,173.522109985352,1.74303603172302,115.860076904297,1.94303607940674,-0.0036530876159668,0.0320915877819061,0.107631653547287,0.524999976158142,10,2001,3394.1298828125,111.16609954834,149.166107177734,126,141.777404785156,118.16609954834,146.777404785156,225.056503295898,166.72428894043,179.946884155273,171.112991333008,183.112991333008,166.72428894043,231.063278198242,359.667785644531,266.17626953125,291,253.010162353516,334.667785644531,181.162719726562,208.72428894043,197.498306274414,206.109603881836,182.109603881836,211.109603881836,380.870056152344,75.6112976074219,194.501693725586,139.72428894043,247.94010925293,104,351.498321533203,62.9435043334961,241.661026000977,152.720901489258,286.551422119141,89.445198059082,58.6112976074219,74.6112976074219,80.6112976074219,76.6112976074219,79,76.6112976074219,81,419.558197021484,409.777404785156,405.335601806641,399.501678466797,414.780792236328,402.222595214844,399.890380859375,381.498321533203,397.777404785156,394.388702392578,402.886993408203,385.667785644531,478.548034667969,88.8870086669922,219.33219909668,161.335586547852,292.929962158203,83.9966125488281,2.5040529740838
98.5227287858085,39.3417178680144,185.699999332428,-5.12504529953003,-12.5597429275513,-81.4996566772461,1021.70764160156,0.891898095607758,-14.5320482254028,15.4239463806152,5.47861337661743,-15.145583152771,6.64058828353882,-18.2879219055176,232.670669555664,74.6633911132812,0.343036025762558,121.57682800293,169.222717285156,1.74303603172302,113.001358032227,1.94303607940674,-0.00274369621276855,0.0314957611262798,0.107631653547287,0.675000011920929,10,2001,3370.09814453125,112.681022644043,149.95881652832,126.481475830078,142.546615600586,119.681022644043,147.305877685547,224.698272705078,163.81770324707,176.752563476562,169.43359375,180.711380004883,163.576965332031,207.229721069336,359.526824951172,244.033645629883,293.648132324219,227.667449951172,332.841644287109,194.656036376953,205.336227416992,202.524551391602,210.39013671875,189.038269042969,215.149398803711,430.404571533203,74.3841094970703,191.882827758789,135.854751586914,255.943450927734,100.870399475098,359.172668457031,63.0609893798828,253.439910888672,154.329818725586,299.586761474609,85.9808654785156,60.5137100219727,74.1063232421875,80.3470611572266,76.1063232421875,79,76.1063232421875,81,410.081146240234,409.824401855469,400.238861083984,395.679138183594,405.738250732422,400.008941650391,395.369110107422,384.5986328125,397.342926025391,393.930725097656,405.770111083984,384.323120117188,516.320922851562,111.751419067383,234.158248901367,173.572036743164,342.886962890625,109.456382751465,2.5042813106519
98.5317119386497,39.3417178680144,199.200004339218,-4.83070802688599,-12.7034473419189,-83.7898330688477,1018.35076904297,1.02031183242798,-14.1457557678223,15.1660680770874,5.68819570541382,-14.8089609146118,6.86818408966064,-17.9875545501709,232.038711547852,74.4017715454102,0.39456707239151,121.109870910645,168.129058837891,1.80343580245972,111.821144104004,2.00343585014343,-0.00169368743896484,0.0325984060764313,0.107631653547287,0.75,10,2001,3384.2109375,112.814407348633,148.855728149414,127.398582458496,142.068725585938,119.907203674316,146.50862121582,232.794235229492,172.100021362305,185.316329956055,178.037948608398,188.357650756836,170.983139038086,196.862808227539,360.679656982422,245.906967163086,298.645812988281,225.130355834961,332.686950683594,203.597854614258,209.267990112305,205.512130737305,212.11686706543,197.247421264648,215.628814697266,435.398193359375,73.6908874511719,195.52229309082,137.013488769531,252.02099609375,95.2339859008789,369.756225585938,58.2647132873535,249.74592590332,150.756088256836,309.677368164062,80.7627410888672,65.8280868530273,74.1855926513672,80.6528930664062,76.0927963256836,79.0927963256836,76.0927963256836,80.9072036743164,405.770202636719,410.058746337891,402.838684082031,398.649749755859,404.244354248047,400.333801269531,390.631958007812,379.927581787109,391.649200439453,389.233367919922,398.762542724609,384.435943603516,557.899353027344,147.21159362793,256.383758544922,212.342758178711,373.837768554688,141.809494018555,2.50450964722
98.5406950914909,39.3417178680144,212.099999189377,-4.85057258605957,-12.6582880020142,-84.2331085205078,1008.64056396484,0.968850553035736,-14.0590696334839,15.0279197692871,5.57558679580688,-14.67689037323,6.75955247879028,-17.8813762664795,235.058135986328,75.7070007324219,0.371547758579254,120.909408569336,169.869979858398,1.96162986755371,112.457832336426,2.16162991523743,-0.000596095943450928,0.0342455767095089,0.107631653547287,1,10,2001,3394.58471679688,111.804550170898,148.597717285156,127.402275085449,140.804550170898,119.402275085449,146,257.299865722656,196.104415893555,204.529449462891,195.736267089844,208.322616577148,192.713516235352,196.586349487305,340.504699707031,248.206832885742,298.413665771484,222.620483398438,322.850067138672,210.184066772461,214.586349487305,211.574966430664,214.390899658203,207.368133544922,213.609100341797,414.688751220703,77.9772415161133,200.586349487305,132.229583740234,254.770416259766,96.9772415161133,389.724884033203,54.2068290710449,247.195449829102,147.206832885742,331.908966064453,69.6432418823242,70.3908996582031,75.1954498291016,80.4022750854492,76.5977249145508,79.5977249145508,76.5977249145508,80.4022750854492,415.345367431641,420.149932861328,413.954467773438,412.540832519531,415.345367431641,415.724884033203,374.470550537109,364.263732910156,374.470550537109,373.068267822266,377.286499023438,371.068267822266,578.988647460938,149.872833251953,251.677383422852,240.759033203125,383.011383056641,137.895584106445,2.5047379837881
98.5496782443321,39.3417178680144,212.099999189377,-4.86346673965454,-12.6464748382568,-85.1939544677734,999.534973144531,0.888565301895142,-13.9657459259033,14.8543109893799,5.48000764846802,-14.5677156448364,6.67575454711914,-17.7810592651367,236.384552001953,76.0131072998047,0.357119411230087,120.809844970703,170.881927490234,2.25711941719055,113.148803710938,2.45711946487427,0.000501495552062988,0.0358927510678768,0.119929112493992,1.02499997615814,10,2001,3279.61059570312,112.799110412598,150.799102783203,127,141.349334716797,119.449775695801,147.799102783203,275.449768066406,213.449783325195,218.799102783203,208.349334716797,223.799102783203,207.100448608398,196.751113891602,334.59375,237.104904174805,296,213.152893066406,320.296875,211.650665283203,218.349334716797,217.799102783203,220.047988891602,208.952011108398,216.947555541992,371.563598632812,74.3537902832031,200.301330566406,127,253.703125,98.3013381958008,394.454223632812,58.3973274230957,244.401779174805,147.799102783203,334.056915283203,63.3493309020996,70.2008895874023,76,80,77.4497756958008,80,77,80,429.947540283203,429,425.1484375,423.449768066406,431.296875,427.650665283203,358.401794433594,351.650665283203,357.052459716797,356.502227783203,359.751098632812,355.401794433594,552.6640625,110.91291809082,241.1484375,210.668487548828,374.253326416016,107.056907653809,2.50496632035621
98.5586613971733,39.3417178680144,170.499995350838,-4.52488088607788,-12.8609704971313,-88.6671676635742,995.368713378906,1.05611777305603,-13.4553709030151,14.5114879608154,5.73000717163086,-14.1601028442383,6.95296382904053,-17.4261322021484,230.636993408203,73.8058166503906,0.300000011920929,120.343643188477,166.481781005859,2.16937780380249,110.563720703125,2.36937785148621,0.0015990870475769,0.0375399217009544,0.134124383330345,0.875,10,2001,3164.35668945312,115.422164916992,152.516616821289,127,142.561996459961,120.256469726562,149.818466186523,267.8046875,208.823165893555,215.385177612305,205.034255981445,219.479629516602,200.657470703125,195.132461547852,343.295959472656,228.111373901367,291.17041015625,208.401077270508,322.233184814453,212.249099731445,217.44905090332,214.08332824707,217.347152709961,206.8232421875,216.463790893555,335.938781738281,65.1678161621094,198.479705810547,123.679656982422,249.352020263672,93.763053894043,366.147613525391,58.1165580749512,236.740875244141,145.894424438477,303.918090820312,62.1472015380859,65.7667388916016,75.6981506347656,79.3963012695312,77.3509140014648,79.6981506347656,77,79.3963012695312,433.689697265625,434.131439208984,431.398956298828,427.576812744141,435.949829101562,432.173156738281,354.061218261719,347.721343994141,354.517700195312,355.076019287109,357.226928710938,351.363067626953,467.733612060547,77.7081832885742,234.117584228516,163.333511352539,334.986541748047,90.8031845092773,2.50519465692431
98.5676445500145,39.3417178680144,178.800001740456,-4.40699195861816,-12.9295635223389,-90.1835098266602,989.589965820312,1.14684438705444,-13.1960258483887,14.3428707122803,5.8093090057373,-13.9612350463867,7.03074979782104,-17.23801612854,228.727645874023,73.1751937866211,0.300000011920929,120.259323120117,165.216857910156,2.08607196807861,109.747985839844,2.3196964263916,0.00269667854309082,0.0391870923340321,0.134124383330345,2.20000004768372,10,2001,3157.71240234375,116.151504516602,152.347274780273,126.846061706543,142.501220703125,120.652725219727,150,260.839508056641,204.289154052734,211.098251342773,201.711578369141,214.909790039062,196.098251342773,192.109634399414,338.250946044922,228.953308105469,285.094573974609,208.838760375977,316.287902832031,213.953308105469,214.932144165039,205.750930786133,208.103073120117,208.298156738281,209.175796508789,332.790405273438,64.0024337768555,195.916305541992,120.743675231934,254.953353881836,92.0442581176758,343.992889404297,49.1376037597656,230.320007324219,142.746109008789,283.821929931641,59.4333610534668,62.7782020568848,75.1933364868164,78.5406112670898,76.3866653442383,79.1933364868164,76.846061706543,78.5406112670898,430.390289306641,438.556915283203,431.949645996094,429.36962890625,432.238800048828,435.821716308594,355.656402587891,346.317626953125,362.453369140625,362.527282714844,359.463073730469,355.002471923828,392.344573974609,68.3593978881836,216.458801269531,149.864242553711,293.153564453125,87.30908203125,2.50542299349241
98.5766277028557,39.3417178680144,209.800004959106,-4.61813640594482,-12.7926044464111,-89.4443359375,984.856323242188,0.995637059211731,-13.3138217926025,14.309458732605,5.59963417053223,-14.1113882064819,6.83337211608887,-17.3497848510742,231.018203735352,73.2969360351562,0.300000011920929,120.085639953613,166.941940307617,1.98770523071289,111.670852661133,2.28770518302917,0.00362356224060059,0.0405101776123047,0.134124383330345,0.950000047683716,10,2001,3197.4609375,115.005638122559,152.640579223633,126.353370666504,143.29931640625,120.341262817383,149.987899780273,277.222686767578,214.036315917969,222.73176574707,213.749923706055,229.977447509766,207.749923706055,178.785415649414,343.947998046875,224.899169921875,288.630126953125,203.624069213867,319.654327392578,209.820495605469,217.934661865234,205.6474609375,211.576065063477,202.838241577148,212.929428100586,355.136444091797,65.7015151977539,182.803573608398,127.343734741211,262.433685302734,94.6656112670898,364.987213134766,48.6353492736816,228.157348632812,150.887893676758,293.053375244141,63.2581825256348,65.281982421875,75,78.6587371826172,76,78.9939498901367,76.3412628173828,78.6587371826172,426.754730224609,428.25048828125,419.573577880859,417.549377441406,429.712799072266,419.016082763672,363.430816650391,353.814849853516,375.431640625,370.874542236328,367.448974609375,368.054473876953,412.328186035156,65.5470352172852,208.851989746094,144.546630859375,312.097778320312,83.3949127197266,2.50565133006051
98.5856108556969,39.3417178680144,200.000002980232,-5.01735639572144,-12.5296421051025,-86.5668182373047,981.1787109375,0.72790116071701,-13.7524032592773,14.4803037643433,5.23087739944458,-14.4536619186401,6.45169591903687,-17.6481380462646,236.727462768555,75.5373001098633,0.300000011920929,120.843902587891,171.733688354492,1.9771956205368,114.756156921387,2.31089210510254,0.00377903099060059,0.0403687469661236,0.134124383330345,1.10000002384186,10,2001,3355.52221679688,112.46753692627,151.467529296875,127.021644592285,142.467529296875,120,148.978363037109,283.316009521484,215.337661743164,230.445892333984,222.978363037109,238.402603149414,216.978363037109,188.411239624023,357.662322998047,233.259735107422,298.619049072266,214.835479736328,331.662322998047,211.619049072266,221.510818481445,211.064926147461,220.064926147461,203.108215332031,222.086578369141,388.857116699219,72.6190414428711,193.943710327148,145.259735107422,281.835479736328,101.597396850586,401.303009033203,53.0432891845703,241.281372070312,162.597396850586,333.606048583984,68.0216445922852,69.0216445922852,75,79,76,78.4891815185547,76,79,429.086578369141,422.06494140625,411.532470703125,407.489166259766,431.554107666016,407.043273925781,359.805206298828,356.424255371094,377.891784667969,372.445892333984,365.337677001953,370.870147705078,490.398223876953,82.3679504394531,222.303024291992,158.324661254883,369.670959472656,81.5108184814453,2.50587966662861
98.5945940085381,39.3417178680144,180.500000715256,-4.96126556396484,-12.5721044540405,-86.8727874755859,981.651306152344,0.768798351287842,-13.7095499038696,14.4783487319946,5.29114866256714,-14.4001836776733,6.50319957733154,-17.5977764129639,234.438720703125,75.3903045654297,0.300000011920929,121.402122497559,170.769927978516,2.11314105987549,113.727592468262,2.5,0.00393449974060059,0.0402273125946522,0.134124383330345,0.800000011920929,10,2001,3345.78564453125,111.362930297852,150.362930297852,128,141,120.362930297852,148,268.830200195312,204.370712280273,222.556060791016,215.830200195312,228.556060791016,210.556060791016,202.64485168457,343.224273681641,238.104354858398,296.015563964844,220.563842773438,325.208709716797,217,216.193130493164,212.911209106445,220.459503173828,206.185348510742,220.556060791016,392.660400390625,75.8224258422852,212.548278808594,152.64485168457,286.475067138672,101.281921386719,397.216491699219,54.2741432189941,241.297485351562,159.015563964844,340.675964355469,67.5482864379883,70,75,79.3629302978516,76,78.3629302978516,76,79.3629302978516,429.007781982422,421.370697021484,415.903442382812,411.718078613281,433.274139404297,410.088775634766,354.992218017578,362.073211669922,370.822418212891,367.822418212891,360.540496826172,369.355133056641,506.683746337891,97.5482864379883,236.725860595703,167.918991088867,366.247619628906,83.0887832641602,2.50610800319671
98.6035771613793,39.3417178680144,180.500000715256,-4.2813868522644,-13.0448884963989,-91.7673645019531,990.397827148438,1.19970345497131,-13.0218076705933,14.2215118408203,5.92713594436646,-13.8147401809692,7.16880369186401,-17.1260585784912,223.34489440918,71.9297256469727,0.300000011920929,121.613021850586,163.247344970703,1.85756981372833,108.623077392578,2.25756978988647,0.00408996849060059,0.0400858819484711,0.130263864994049,0.675000011920929,10,2001,3225.75537109375,112.297721862793,150.867614746094,128,141.215057373047,120.867607116699,148,256.379638671875,196.313125610352,211.975067138672,204.45491027832,217.975067138672,199.760025024414,191.857467651367,321.330535888672,228.515396118164,286.848052978516,206.366851806641,310.762023925781,213.129013061523,205.752624511719,207.311126708984,211.98046875,199.790954589844,209.32991027832,391.845428466797,74.7298355102539,212.680114746094,147.663955688477,275.495239257812,96.8716125488281,372.487091064453,53.0497245788574,224.708908081055,149.202896118164,312.843933105469,68.3252716064453,69.7849426269531,75,79.8676071166992,76.2150573730469,78.6525573730469,76,79.6525573730469,420.445526123047,413.743225097656,416.930114746094,414.407958984375,427.963684082031,408.161956787109,367.210418701172,379.851593017578,375.106201171875,373.611602783203,372.245361328125,382.508148193359,470.504516601562,96.6048355102539,240.53092956543,165.369613647461,322.968170166016,88.4738235473633,2.50633633976481
98.6125603142205,39.3417178680144,211.600005626678,-4.16199922561646,-13.1432247161865,-92.8231506347656,992.390625,1.26992285251617,-12.8928003311157,14.1627235412598,6.04178524017334,-13.7179174423218,7.29005336761475,-17.0492744445801,221.614074707031,70.8775634765625,0.280816435813904,121.122802734375,161.613250732422,1.87349545955658,107.954406738281,2.27349543571472,0.00424543724060059,0.0399444475769997,0.129826352000237,1.02499997615814,10,2001,3183.94799804688,113.305023193359,150.865600585938,128,141.518112182617,120.798400878906,147.865600585938,246.187561035156,188.663223266602,203.730422973633,196.450134277344,209.797622680664,191.077911376953,180.241516113281,332.195220947266,226.53759765625,286.9990234375,201.20783996582,316.36328125,202.365158081055,197.47834777832,196.250244140625,198.23698425293,188.835556030273,197.824066162109,427.445404052734,79.8214263916016,217.129928588867,149.875366210938,281.847930908203,102.414741516113,369.091217041016,53.2882919311523,224.009765625,151.132690429688,309.530639648438,75.2298736572266,69.5490875244141,74.9328002929688,79.8656005859375,76.6525115966797,78.2802886962891,76,79.2130889892578,411.050415039062,404.817840576172,409.445617675781,405.499542236328,416.127319335938,399.274993896484,386.797515869141,397.423522949219,394.023864746094,396.263458251953,395.037109375,402.900939941406,462.6015625,99.875373840332,250.447479248047,181.169998168945,322.595123291016,97.9548416137695,2.50656467633292
98.6215434670617,39.3417178680144,233.300000429153,-4.60190439224243,-12.8024110794067,-89.2125778198242,985.118896484375,1.01273548603058,-13.3426389694214,14.355375289917,5.61928415298462,-14.0821094512939,6.84444665908813,-17.3310832977295,229.435104370117,74.3064651489258,0.292622923851013,122.009956359863,167.837738037109,1.97869491577148,111.351776123047,2.37869501113892,0.00440090599060059,0.0398030169308186,0.129826352000237,2.42499995231628,10,2001,3327.16284179688,112.856330871582,149.856323242188,128,140.28450012207,119.284492492676,146.856323242188,249.721206665039,190.290191650391,205.862030029297,198.862030029297,212.433853149414,193.433853149414,182.149368286133,336.566131591797,230.574676513672,278.419616699219,205.862030029297,318.997161865234,184.704116821289,189.853485107422,182.850631713867,182.706970214844,174.706970214844,185.99430847168,461.867706298828,92.4367065429688,219.428161621094,160.864868164062,298.724060058594,121.870567321777,392.304412841797,60.5775299072266,236.008544921875,166.439559936523,333.304412841797,85.4338607788086,71.2873382568359,74.4281616210938,78.856330871582,76.4281616210938,78,76,78.4281616210938,400.566131591797,389.847778320312,394.419616699219,388.847778320312,399.419616699219,385.706970214844,414.157897949219,420.298736572266,422.729736328125,428.445251464844,425.873413085938,428.298736572266,508.468017578125,110.864868164062,277.304412841797,240.042709350586,352.591766357422,103,2.50679301290102
98.6305266199029,39.3417178680144,236.399993300438,-5.00039386749268,-12.4797782897949,-86.3070297241211,978.736694335938,0.757693946361542,-13.7029123306274,14.4606065750122,5.25095319747925,-14.422384262085,6.44879150390625,-17.5831336975098,236.876831054688,75.9882125854492,0.300000011920929,121.05298614502,172.194961547852,1.98607194423676,114.559585571289,2.3860719203949,0.00445031929016113,0.0396442450582981,0.129826352000237,0.925000011920929,10,2001,3488.51245117188,112.847953796387,148.152053833008,127.576026916504,139,118.847953796387,145.576019287109,254.456146240234,195,210.152053833008,204,217.576019287109,197.728073120117,187.304092407227,318.704681396484,235.695907592773,272.391815185547,206.33625793457,306.24853515625,190.535079956055,198.719299316406,191.263153076172,191.535079956055,183.111114501953,192.295318603516,462.400573730469,97.184211730957,211.792404174805,156.280700683594,292.888885498047,128.368423461914,405.216369628906,65.3040924072266,242.880111694336,173.760238647461,349.184204101562,84.2163772583008,73,74.4239730834961,78.4239730834961,76,78,76,78.4239730834961,400.087707519531,385.087707519531,392.207611083984,386.631591796875,398.903503417969,383.087707519531,408.801177978516,415.769012451172,416.529235839844,421.833343505859,417.985382080078,424.616973876953,550,129.599411010742,290.640350341797,285.423980712891,377.391815185547,116.567253112793,2.50702134946912
98.6395097727441,39.3417178680144,202.70000398159,-5.53185606002808,-12.041482925415,-81.5499801635742,971.119445800781,0.501493871212006,-14.2691116333008,14.7706050872803,4.75703907012939,-14.853741645813,5.93511772155762,-17.9362831115723,242.399337768555,77.4541854858398,0.300000011920929,121.027862548828,176.265151977539,2.11001682281494,117.628143310547,2.3860719203949,0.00443340148925781,0.0394746288657188,0.129826352000237,1.19999992847443,10,2001,3493.26489257812,113.580909729004,147.142959594727,126.795341491699,139,119.580909729004,145.071472167969,248.943634033203,195,206.381576538086,200.962493896484,214.310104370117,194.557601928711,195.502975463867,329.201293945312,245.998199462891,293.548675537109,212.107864379883,313.421295166016,207.451034545898,213.855697631836,208.046142578125,211.488540649414,198.694091796875,208.031723022461,431.838012695312,94.0239791870117,199.62532043457,140.039764404297,270.678619384766,122.600227355957,391.344757080078,62.1813583374023,240.357391357422,165.124984741211,335.53076171875,74.4868087768555,69.6863555908203,74.6523895263672,79.4807968139648,76.2761383056641,78.2761383056641,76,79.4807968139648,404.761596679688,390.313873291016,399.404205322266,394.332733154297,408.946716308594,388.037719726562,387.715911865234,394.901916503906,392.549652099609,393.902587890625,392.359191894531,403.930541992188,535.9169921875,131.996002197266,277.273284912109,253.896621704102,386.398651123047,123.876358032227,2.50724968603722
98.6484929255853,39.3417178680144,211.199998855591,-5.47502136230469,-12.0470037460327,-82.1817855834961,969.605163574219,0.539654850959778,-14.1210145950317,14.6606693267822,4.80252647399902,-14.7864999771118,5.96758604049683,-17.8614768981934,241.660797119141,77.5913925170898,0.300000011920929,121.637435913086,176.405288696289,1.99373865127563,117.489311218262,2.3860719203949,0.00441648406982422,0.0393050126731396,0.129962310194969,1.25,10,2001,3519.82836914062,113.091026306152,146.743362426758,126.219337463379,139.128311157227,119.219337463379,144.615051269531,244.872268676758,195.256637573242,201.578338623047,195.79768371582,209.45002746582,191.700988769531,219.017105102539,371.24365234375,266.809112548828,324.502716064453,237.396377563477,343.646881103516,205.834976196289,215.101776123047,207.71174621582,213.369171142578,195.236358642578,210.967788696289,397.257080078125,96.6732025146484,198.395568847656,138.828643798828,265.235687255859,128.394454956055,381.915832519531,60.2623100280762,245.517608642578,159.134582519531,319.39306640625,71.5992050170898,64.5302886962891,74.2193374633789,80.4330062866211,76.7806625366211,78.7806625366211,76,80.3046875,402.840057373047,391.197814941406,399.123229980469,393.994903564453,409.310363769531,387.518951416016,391.196624755859,392.828704833984,393.165008544922,391.855255126953,395.453277587891,401.513275146484,504.797027587891,115.885467529297,264.707916259766,194.288543701172,384.888336181641,108.607383728027,2.50747802260532
98.6574760784265,39.3417178680144,211.199998855591,-5.41019201278687,-12.0312633514404,-81.9213180541992,968.489624023438,0.64025604724884,-14.0521402359009,14.6923961639404,4.8579535484314,-14.7036123275757,6.03121566772461,-17.7749099731445,240.792892456055,77.7398071289062,0.300000011920929,121.736083984375,175.664886474609,1.96098399162292,116.572280883789,2.36098408699036,0.0043995662689209,0.0391353964805603,0.130235567688942,1.22500002384186,10,2001,3573.15625,112.367179870605,145.734359741211,126,139.6328125,119,143.101547241211,246.429718017578,196.265640258789,200.898452758789,194.898452758789,208.265640258789,191.898452758789,247.31266784668,384.140563964844,294.578308105469,334.570281982422,267.578308105469,348.976470947266,206.164077758789,211.570281982422,205.101547241211,208.039016723633,193.898452758789,207.304641723633,383,100.796897888184,221.273666381836,149.554794311523,273.921966552734,135.062530517578,386.390716552734,60.8984489440918,267.211120605469,161.328170776367,316.695343017578,75.3281707763672,65.4297180175781,74,80.3671798706055,77,79,76,79.7343673706055,400.734375,396.593811035156,402.062530517578,396.429718017578,408.3671875,389.164093017578,392.468719482422,391.468719482422,392.835906982422,394.531280517578,397.734375,403.531280517578,472.421691894531,110.796897888184,256.570281982422,164.304641723633,344.944946289062,96.0390167236328,2.50770635917342
98.6664592312677,39.3417178680144,193.10000538826,-4.51676607131958,-12.5806064605713,-88.4819793701172,972.919799804688,1.30511116981506,-12.9235382080078,14.2286500930786,5.71660041809082,-13.8591089248657,6.94374513626099,-17.0026454925537,229.986145019531,74.7448043823242,0.284752637147903,122.356559753418,168.62516784668,1.79868066310883,111.664237976074,2.19868063926697,0.0043826488494873,0.038965780287981,0.130235567688942,0.850000023841858,10,2001,3274.697265625,112.484992980957,146.454971313477,126.969985961914,140.484985351562,120.454978942871,143.454971313477,249,190.210098266602,202.969985961914,196,211.909957885742,190.090042114258,240.175338745117,375.605041503906,290.115295410156,326.665069580078,263.600311279297,341.515014648438,207.515014648438,203.180084228516,203.030014038086,203.515014648438,192.090042114258,202.060028076172,384.454986572266,100.090042114258,214.780395507812,153.635070800781,284.424957275391,131.210098266602,393.969970703125,60.5450210571289,267.965240478516,151.905197143555,325.819915771484,74.6350708007812,69.9399719238281,74.9699859619141,80,77,79,76.484992980957,79.484992980957,407.759887695312,404.879943847656,404.030029296875,399.969970703125,410.909942626953,391.484985351562,384.210113525391,392.424957275391,392.454986572266,396.484985351562,397,406.454986572266,463.789886474609,103.785140991211,247.210098266602,151.300155639648,306.695098876953,85.2101058959961,2.50793469574152
98.6754423841089,39.3417178680144,148.200005292892,-3.61100220680237,-13.1258182525635,-94.8103256225586,979.118835449219,2.12127161026001,-11.7285318374634,13.8498029708862,6.67465734481812,-13.0029611587524,7.97602033615112,-16.1955261230469,216.456069946289,70.5980834960938,0.220488414168358,121.860420227051,158.37614440918,1.71434450149536,104.236679077148,2.13441634178162,0.0042977367401123,0.0388811454176903,0.130235567688942,0.525000035762787,10,2001,3055.94921875,112.989402770996,149.316955566406,126.630058288574,141.326599121094,120.956649780273,146.316955566406,243.604995727539,181.125213623047,197.235061645508,191.279373168945,208.192672729492,185.040451049805,215.116500854492,369.7138671875,269.097229003906,324.825622558594,236.342895507812,342.359344482422,204.313095092773,199.824645996094,202.021194458008,205.708099365234,188.389205932617,202.065505981445,349.88916015625,82.5645217895508,183.4931640625,135.945053100586,267.390167236328,110.323661804199,379.131011962891,52.6252288818359,240.189727783203,132.553894042969,314.676300048828,64.3631744384766,68.2485580444336,76.3159942626953,80,77.3371887207031,79.3371887207031,77.3265914916992,79.9894027709961,422.237030029297,402.845855712891,405.718688964844,403.676300048828,416.633911132812,393.0009765625,373.439270019531,397.64453125,391.945098876953,391.594421386719,394.639678955078,404.933532714844,456.689788818359,93.5269470214844,242.845840454102,139.863159179688,289.347747802734,80.8458404541016,2.50816303230963
98.68442553695,39.3417178680144,142.199993133545,-3.297443151474,-13.2024507522583,-96.1076812744141,980.638977050781,2.61688089370728,-11.123423576355,13.7403049468994,7.15952491760254,-12.709644317627,8.51371002197266,-15.8022909164429,211.201278686523,68.6532211303711,0.200000002980232,121.607429504395,154.492370605469,1.64240992069244,101.89338684082,2.11392784118652,0.0029001091003418,0.0404372252523899,0.130235567688942,0.5,10,2001,2932.6474609375,113.757606506348,152.123901367188,125.959503173828,142.409774780273,120.42227935791,149.123901367188,231.936157226562,177.003540039062,185.274475097656,181.945114135742,195.32746887207,179.298919677734,211.487777709961,353.229675292969,259.256561279297,315.862823486328,224.001098632812,330.729400634766,203.676620483398,201.270385742188,205.409225463867,211.437225341797,191.483673095703,207.890472412109,293.678558349609,59.2970237731934,170.073120117188,114.473930358887,236.673385620117,84.0027465820312,343.703063964844,45.0934715270996,222.271469116211,121.799194335938,284.723388671875,55.5038070678711,62.7426643371582,77.0309753417969,80.1893997192383,78.0309753417969,80.0309753417969,78.0309753417969,80.1893997192383,434.641571044922,401.617095947266,412.384216308594,409.816009521484,423.573638916016,400.206756591797,361.492431640625,396.618774414062,382.700286865234,379.557342529297,384.29052734375,391.902770996094,421.259307861328,92.3168487548828,229.875885009766,132.709259033203,264.357116699219,81.3233871459961,2.50839136887773
98.6934086897912,39.3417178680144,125.59999525547,-3.11279773712158,-13.1753072738647,-96.0799026489258,981.88134765625,3.01172804832458,-10.7066373825073,13.7183647155762,7.5328369140625,-12.5772371292114,8.92416667938232,-15.5118837356567,208.095932006836,67.5506820678711,0.200000002980232,122.303672790527,153.128753662109,1.56534421443939,101.472267150879,2.06658291816711,0.00150248146057129,0.0419933050870895,0.130235567688942,0.425000011920929,10,2001,2897.04809570312,115.608528137207,154.691802978516,128.814727783203,144.122940063477,122.343933105469,151.733428955078,219.443725585938,172.98991394043,176.562713623047,173.258453369141,183.927352905273,170.746017456055,211.470809936523,318.698181152344,235.642761230469,280.231323242188,217.060363769531,296.006378173828,211.362899780273,196.064300537109,214.321258544922,217.327163696289,202.429412841797,216.239959716797,269.134338378906,48.3249626159668,152.825103759766,103.256484985352,221.284881591797,62.8807640075684,304.3203125,47.0901870727539,217.040435791016,113.521087646484,264.2939453125,52.0564270019531,60.5420227050781,77.6937637329102,80.6937637329102,78.6937637329102,80.6937637329102,78.6937637329102,80.6937637329102,444.004943847656,419.444427490234,420.629455566406,416.256713867188,431.657073974609,415.688110351562,343.980010986328,384.143402099609,365.355499267578,366.763977050781,365.607269287109,368.071929931641,373.359313964844,91.1673126220703,186.879272460938,119.295135498047,235.295669555664,73.3872909545898,2.50861970544583
98.7023918426324,39.3417178680144,106.39999806881,-2.49494957923889,-13.4407691955566,-100.088409423828,985.065185546875,3.5641028881073,-9.86857032775879,13.4326725006104,8.21129035949707,-12.0907125473022,9.64896678924561,-14.897988319397,197.745208740234,64.7664260864258,0.200000002980232,122.525253295898,145.973220825195,1.45696401596069,96.0733108520508,2,0.000104853844642639,0.0435493811964989,0.153483778238297,0.400000005960464,10,2001,2682.41918945312,114.816093444824,154.908050537109,130.454025268555,145.545974731445,122.36206817627,152.454025268555,209.086212158203,164.902297973633,167.448272705078,164.540237426758,171.264373779297,159.902297973633,213.091949462891,308.465515136719,224.275863647461,268.557464599609,213.908050537109,285.557464599609,215.362075805664,193.091949462891,217.81608581543,221.091949462891,211.18391418457,218.81608581543,246.798858642578,44.3620681762695,135.172424316406,94.4482803344727,192.60920715332,54,277.264373779297,43.9023017883301,205.3505859375,103.902297973633,248.172424316406,48.7241401672363,54.994255065918,78,81,79,81,79,81,439.718383789062,432,423.908050537109,415.086212158203,427.172424316406,423.362060546875,344.465515136719,374.362060546875,358.275848388672,364.367828369141,361.643676757812,357.821838378906,314.781616210938,81.0804672241211,167.189651489258,115.367813110352,211.626434326172,66.3620681762695,2.50884804201393
98.1454363664783,39.3327347151732,87.6000002026558,-5.45707988739014,-12.605055809021,-84.7418746948242,1016.39263916016,0.352429062128067,-14.5250062942505,14.8774347305298,5.15206480026245,-15.442271232605,6.33336782455444,-18.5277767181396,218.728546142578,69.611328125,0.400000005960464,121.764892578125,157.370574951172,1.90529549121857,104.817588806152,2.00324630737305,-0.0185016616821289,0.0212469473481178,0.0891375914216042,0.25,10,2001,3610.58666992188,111.163764953613,147.836227416992,122.836235046387,140.581878662109,115,146.418121337891,194.672470092773,147.344924926758,165.198547363281,159.362319946289,164.944198608398,146.763046264648,192.564498901367,339.491302490234,217.163772583008,260.547088623047,209.909423828125,290.073181152344,195.526092529297,205.871017456055,204.78044128418,199.616668701172,192.289123535156,198.125366210938,348.992767333984,109.268119812012,242.376083374023,168.811599731445,307.971740722656,107.30290222168,365.010131835938,51.2891311645508,252.557250976562,128.797821044922,315.194915771484,87.8536224365234,45.5992736816406,74.7456512451172,79,75.7456512451172,78.5818862915039,75.7456512451172,78.5818862915039,435.616668701172,428.017395019531,414.672454833984,415.090576171875,426.836242675781,424.090576171875,368.439117431641,366.529724121094,380.547088623047,385.292755126953,380.874633789062,377.365936279297,357.957977294922,87.2927551269531,206.871017456055,123.435508728027,251.888412475586,78.1637649536133,2.49526093410986
98.5137456329673,39.3327347151732,97.800001502037,-6.9570894241333,-11.5337104797363,-70.1927947998047,1023.16253662109,-0.172609955072403,-16.6190624237061,16.4464530944824,3.94909453392029,-17.0678558349609,5.01647090911865,-19.9204769134521,254.290328979492,81.7750091552734,0.400000005960464,121.640533447266,184.057205200195,1.87826383113861,122.243095397949,2,-0.00728280715942383,0.0290153995156288,0.107631653547287,0.474999994039536,10,2001,3567.92724609375,111.577667236328,148.116333007812,124.694000244141,140.694000244141,117.924667358398,145.34700012207,230.87565612793,172.913986206055,184.181640625,177.946975708008,188.601974487305,170.759307861328,231.307998657227,391.499908447266,279.586608886719,328.0029296875,266.939636230469,367.920257568359,186.10498046875,203.570327758789,190.537338256836,199.653671264648,186.06999206543,200.457992553711,341.249633789062,87.6086502075195,193.606643676758,141.145980834961,240.022964477539,118.681312561035,354.634307861328,63.2306671142578,241.212371826172,153.890350341797,299.819946289062,85.090690612793,60.9609985351562,75.5366668701172,80.7673263549805,77.5366668701172,78.8836669921875,76.8836669921875,80.7673263549805,411.281036376953,408.049011230469,401.632690429688,393.246704101562,401.751037597656,400.546691894531,402.613983154297,388.380645751953,407.829956054688,407.215972900391,412.178985595703,398.995330810547,511.656188964844,109.472274780273,248.912902832031,157.415649414062,311.364624023438,94.7203140258789,2.50462487153135
98.5227287858085,39.3327347151732,114.699997007847,-6.30469751358032,-11.9511394500732,-73.8999633789062,1029.640625,0.265392184257507,-15.9202871322632,16.1856803894043,4.57007551193237,-16.4969596862793,5.67513036727905,-19.4209613800049,246.678497314453,79.1965637207031,0.400000005960464,121.392059326172,178.747512817383,1.87826383113861,119.117393493652,2,-0.00621524963378906,0.0286226589232683,0.107631653547287,0.574999988079071,10,2001,3465.96948242188,112.554237365723,148.331100463867,125.637016296387,141.637008666992,119.372741699219,145.98405456543,234.687896728516,173.464248657227,186.885345458984,181.703842163086,191.397933959961,174.605133056641,227.226776123047,379.463287353516,273.490020751953,323.225738525391,257.445831298828,356.720886230469,196.325942993164,212.415405273438,197.16911315918,205.838012695312,193.325424194336,209.268356323242,336.290466308594,74.5558319091797,183.443725585938,134.062744140625,230.103378295898,99.0072708129883,339.649383544922,63.4874038696289,237.353744506836,157.04216003418,283.497222900391,89.7208099365234,59.6365013122559,75.3470458984375,80.9172210693359,77.3470458984375,79,77.0827789306641,80.9172210693359,406.332641601562,408.830291748047,399.770172119141,389.836486816406,400.110504150391,398.820556640625,397.341430664062,378.671508789062,403.060699462891,404.325500488281,406.564056396484,391.993896484375,497.2021484375,103.664817810059,244.092086791992,154.31413269043,307.805694580078,95.9172210693359,2.50485326024894
98.5317119386497,39.3327347151732,148.399993777275,-5.71381950378418,-12.2948722839355,-77.6268768310547,1029.15124511719,0.597033977508545,-15.2527542114258,15.8497886657715,5.06420373916626,-15.8801889419556,6.19251775741577,-18.8994464874268,240.720397949219,76.9943084716797,0.400000005960464,121.229965209961,174.484359741211,1.80990135669708,116.638053894043,2,-0.00455607299804688,0.0297976676374674,0.107631653547287,0.800000011920929,10,2001,3422.63134765625,113.587814331055,150.351272583008,127.175636291504,143.175628662109,121.175636291504,147.763442993164,240.290344238281,180.992889404297,189.939086914062,185.526901245117,195.702529907227,179.702529907227,210.777679443359,364.946197509766,258.655853271484,308.655853271484,232.487335205078,348,201.587814331055,212.121826171875,206.641616821289,213.290344238281,199.526901245117,216.526901245117,351.688293457031,63.8852844238281,186.168518066406,128.824371337891,226.526901245117,83.1218338012695,345.985778808594,62.2365493774414,231.53401184082,155.885284423828,276.702545166016,89.8852844238281,62.1147155761719,75.5878143310547,80.4121856689453,77.5878143310547,79,77.5878143310547,80.4121856689453,420.573577880859,424.222320556641,406.817260742188,400.107604980469,413.458862304688,410.871063232422,377.838592529297,363.068023681641,386.541137695312,386.60205078125,387.014221191406,373.189880371094,468.426422119141,94.1218338012695,224.953323364258,159.992889404297,295.831481933594,95.4121856689453,2.50508164896654
98.5406950914909,39.3327347151732,185.499995946884,-5.34880352020264,-12.4897403717041,-80.4739379882812,1023.32055664062,0.731255114078522,-14.7967529296875,15.5280084609985,5.29540252685547,-15.4120674133301,6.45436143875122,-18.5203971862793,238.3154296875,76.5054473876953,0.400000005960464,120.970970153809,172.407379150391,1.88224983215332,114.752471923828,2.01453399658203,-0.00269670143127441,0.0314778909087181,0.107631653547287,0.925000011920929,10,2001,3407.7373046875,114,152.879837036133,129.319763183594,144.439926147461,122.439918518066,149.879837036133,251.478668212891,192.839141845703,199.478668212891,191.519378662109,206.478668212891,188.279052734375,198.879837036133,351.201568603516,245.600784301758,292.961242675781,219.519378662109,335.242279052734,198.920547485352,213.718978881836,209.360473632812,214.800399780273,198.040710449219,218.560073852539,401.55419921875,64.5193710327148,184.761642456055,128.879837036133,233.399215698242,82.9592895507812,360,57.4806289672852,227,148.600784301758,284.839141845703,76.4418869018555,64.5600814819336,76,80.4399185180664,78,79,78,80,442.918579101562,442.279052734375,424.437957763672,423.197631835938,436.437957763672,432.118194580078,357.720947265625,343.001953125,366.201568603516,362.44189453125,365.521331787109,349.881805419922,515.588989257812,85.6007843017578,225.757720947266,169.639526367188,341.230499267578,93.6802368164062,2.50531003768414
98.5496782443321,39.3327347151732,198.79999756813,-5.0251636505127,-12.6511917114258,-83.2860641479492,1017.78460693359,0.866883158683777,-14.3248691558838,15.1917524337769,5.51944875717163,-14.9973707199097,6.69119691848755,-18.1490135192871,235.581497192383,75.1182403564453,0.3956238925457,120.548194885254,170.301910400391,1.92006158828735,113.623268127441,2.10430502891541,-0.000837329959869385,0.033158116042614,0.119929112493992,0.899999976158142,10,2001,3388.7490234375,113.707954406738,153.3056640625,130.250534057617,144.360778808594,122.65283203125,150.3056640625,262.107177734375,201.898162841797,209.231048583984,196.143081665039,215.938995361328,195.798721313477,197.845428466797,349.27978515625,237.9228515625,292.183135986328,220.930587768555,324.687286376953,198.598373413086,215.902679443359,205.746658325195,211.691543579102,193.204086303711,216.59489440918,423.442291259766,65.638542175293,173.281509399414,125.801109313965,234.944198608398,85.4595489501953,358.831817626953,52.8569145202637,223.495452880859,142.383071899414,292.72998046875,67.535514831543,64.34716796875,76,80.9448776245117,78,79.2920455932617,78,80,444.41455078125,442.789642333984,432.894012451172,432.505310058594,444.309906005859,437.307098388672,356.334228515625,340.307678222656,361.359344482422,356.163940429688,362.485992431641,346.445159912109,577.813049316406,79.967170715332,234.560440063477,176.465835571289,389.479797363281,91.8733291625977,2.50553842640174
98.5586613971733,39.3327347151732,198.79999756813,-4.98277759552002,-12.6626749038696,-84.865478515625,1007.72283935547,0.785506129264832,-14.1375999450684,14.9231061935425,5.45347213745117,-14.8173046112061,6.63353967666626,-17.9933967590332,235.02685546875,74.594856262207,0.357227563858032,120.176849365234,169.700561523438,2.04935359954834,113.42024230957,2.17108988761902,0.00102204151153564,0.0348383411765099,0.134124383330345,1.09999990463257,10,2001,3359.8984375,113.058837890625,152.550231933594,129.261856079102,143.406051635742,121.914649963379,149.550231933594,266.434631347656,209.14045715332,213.197219848633,198.891647338867,218.679306030273,200.138381958008,198.602645874023,359.719909667969,235.134246826172,300.896423339844,218.990051269531,328.427398681641,201.892272949219,207.45930480957,203.540924072266,209.540924072266,191.337890625,213.294189453125,397.011413574219,62.0395698547363,171.185821533203,120.572608947754,232.175888061523,84.8723831176758,352.919006347656,51.8386154174805,222.338714599609,141.83073425293,295.357147216797,72.6318588256836,64.5085983276367,75.8558120727539,80.5674362182617,77.7116241455078,79.3644104003906,77.7116241455078,79.5674362182617,437.7578125,437.606384277344,429.564727783203,426.944274902344,439.682403564453,430.782897949219,360.146881103516,354.078521728516,367.038543701172,363.065063476562,368.979705810547,356.431518554688,544.789611816406,79.703742980957,222.455780029297,182.783920288086,366.867858886719,92.3565368652344,2.50576681511933
98.5676445500145,39.3327347151732,214.499995112419,-5.36032342910767,-12.3671855926514,-82.8585968017578,993.945678710938,0.521741688251495,-14.4148998260498,14.9366416931152,5.00351858139038,-15.0125598907471,6.18292093276978,-18.1405200958252,239.747970581055,75.7439575195312,0.300000011920929,119.932929992676,173.017776489258,2.27826380729675,116.151382446289,2.40730881690979,0.00288141307830811,0.0365185625851154,0.134124383330345,2.09999990463257,10,2001,3395.38305664062,112.35090637207,152.64909362793,128.35090637207,143,120.701812744141,149.64909362793,267.350891113281,213.596374511719,217.543670654297,203.841857910156,220.298187255859,205.192764282227,211.823760986328,356.316284179688,241.385513305664,295.369018554688,224.736419677734,325.210845947266,197.561767578125,198.859954833984,200.105422973633,206.105422973633,188.105422973633,209.754531860352,373.12353515625,63.5436630249023,172.596374511719,123.789138793945,239.332809448242,92.0346145629883,338.474426269531,52.9472846984863,237.069229125977,148.087326049805,289.912658691406,77.8945693969727,63.7018089294434,75.3509063720703,79.0527114868164,76.7018127441406,78.0527114868164,76.7018127441406,78.0527114868164,451.665618896484,446.87646484375,437.92919921875,432.981903076172,446.630981445312,437.92919921875,350.772613525391,353.912658691406,362.614471435547,360.561767578125,365.263580322266,352.018096923828,447.513824462891,83.8418579101562,205.77262878418,183.403625488281,333.1943359375,96.192756652832,2.50599520383693
98.5766277028557,39.3327347151732,191.799998283386,-5.87660980224609,-12.0037679672241,-79.7663192749023,984.198974609375,0.146480709314346,-14.9200000762939,15.0664806365967,4.48302841186523,-15.3974113464355,5.6475191116333,-18.4575500488281,247.581008911133,78.8745803833008,0.300000011920929,120.720565795898,179.264801025391,2.23438906669617,119.758911132812,2.40945672988892,0.00443964920043945,0.0378673858940601,0.134124383330345,1.14999997615814,10,2001,3463.10424804688,111.498764038086,153,128,143,120,149.498764038086,273.014801025391,216.503707885742,224.511108398438,209.004943847656,227.516036987305,211.007400512695,217.488891601562,351.503692626953,245.997528076172,294.014801025391,230,324.007415771484,190.493835449219,204.523452758789,202.009872436523,208.009872436523,189.007400512695,210.506164550781,381.041961669922,71.0123443603516,179.513580322266,134.01481628418,258.530853271484,102.009872436523,364.587615966797,56.5061721801758,246.493835449219,156.007400512695,311.565399169922,80,68.0123443603516,74.4987640380859,78.5012359619141,76,77.5012359619141,76,77.5012359619141,453.972839355469,443.970367431641,431.464202880859,427.970367431641,441.469146728516,433.469146728516,355.533325195312,352.007415771484,367.024688720703,364.019744873047,369.022216796875,355.525909423828,453.170318603516,82.4888916015625,222.562942504883,182.501235961914,365.622192382812,96.9950637817383,2.50622359255453
98.5856108556969,39.3327347151732,201.499998569489,-5.81258869171143,-12.0610904693604,-80.2744293212891,985.46484375,0.190665006637573,-14.8453035354614,15.0359678268433,4.55559253692627,-15.3487491607666,5.71223068237305,-18.426643371582,249.331359863281,79.4944610595703,0.300000011920929,120.618003845215,180.235763549805,2.21054768562317,120.089904785156,2.44252514839172,0.00463708038330078,0.0377186350524426,0.134124383330345,1.17500007152557,10,2001,3549.44311523438,110.646606445312,151.939819335938,127.293212890625,142.293212890625,119.646606445312,148.293212890625,278.646606445312,215.526260375977,226.172866821289,209.233032226562,232.58642578125,210.819473266602,214.060180664062,361.481414794922,251.361068725586,306.714447021484,235.654281616211,332.654266357422,201.428909301758,215.41357421875,211.300888061523,215.533920288086,202.955169677734,216.887313842773,406.481414794922,81.6542816162109,192.421234130859,147.421234130859,273.120361328125,110.947494506836,396.466064453125,59.3533935546875,246.827133178711,157.939819335938,335.879638671875,80.3533935546875,71.9398193359375,74,79,76,78,76,78.3533935546875,441.233032226562,438.361053466797,418.766967773438,420.24072265625,429,425.594116210938,357.338043212891,346.871978759766,369.932159423828,364.225372314453,367.751617431641,357.518585205078,532.601745605469,88.9551620483398,254.007675170898,184.766967773438,408.638946533203,95.3533935546875,2.50645198127213
98.5945940085381,39.3327347151732,219.400003552437,-5.3341760635376,-12.4055194854736,-83.6885604858398,990.984313964844,0.495029032230377,-14.3320388793945,14.8270683288574,5.01746797561646,-14.9375085830688,6.17934370040894,-18.0782661437988,245.493362426758,78.3420257568359,0.300000011920929,120.172859191895,176.893112182617,2.25652742385864,117.65404510498,2.5,0.00483451156616211,0.037569884210825,0.134124383330345,1.04999995231628,10,2001,3479.04858398438,110.758522033691,150.836578369141,126.694763183594,141.489196777344,119.552955627441,147.694763183594,274.647125244141,207.264587402344,219.05094909668,204.447799682617,227.483703613281,203.192764282227,206.118347167969,364.140258789062,251.607864379883,310.344024658203,233.452499389648,335.180603027344,223.077941894531,218.255035400391,218.667236328125,221.815292358398,219.220504760742,221.823348999023,413.251678466797,83.7694625854492,199.527236938477,152.060394287109,278.615966796875,110.408531188965,388.745727539062,57.8024864196777,243.670547485352,150.258346557617,329.972900390625,78.1857757568359,70.0142974853516,74.4111404418945,79.20556640625,76.20556640625,78.20556640625,76.20556640625,79.0637588500977,435.214385986328,441.07470703125,422.318786621094,424.859252929688,428.5888671875,428.867309570312,341.707672119141,340.812072753906,359.013977050781,353.119873046875,352.495849609375,349.103759765625,529.861022949219,99.2589797973633,256.627655029297,181.534973144531,395.852386474609,95.2414779663086,2.50668036998972
98.6035771613793,39.3327347151732,203.899994492531,-4.65316152572632,-12.8994112014771,-88.6738967895508,1000.90185546875,0.899076402187347,-13.6538925170898,14.5529689788818,5.66715383529663,-14.3622369766235,6.87136936187744,-17.6069660186768,235.330230712891,75.172233581543,0.300000011920929,120.29150390625,170.05989074707,2.10896492004395,113.077919006348,2.44730496406555,0.00503194313049316,0.0374211333692074,0.130263864994049,0.975000023841858,10,2001,3364.95166015625,112.13102722168,151.362915039062,127.362915039062,141.710342407227,120.362915039062,148.420684814453,265.057708740234,194.893218994141,210.287109375,198.41731262207,219.056045532227,194.691482543945,185.808258056641,344.959716796875,234.015014648438,299.439910888672,212.273696899414,324.225158691406,233.599838256836,220.436996459961,220.174118041992,225.915451049805,224.38005065918,221.753448486328,403.184509277344,72.1510620117188,194.386322021484,140.977767944336,284.599822998047,94.6416320800781,377.241790771484,53.474250793457,229.564254760742,136.076156616211,319.686798095703,72.8053588867188,68.1171875,75.3629150390625,79.7103424072266,76.7103424072266,78.7103424072266,76.7103424072266,79.7103424072266,425.115447998047,426.650787353516,424.280853271484,421.930053710938,426.539520263672,421.305908203125,341.284698486328,352.912231445312,355.602813720703,351.559692382812,348.717498779297,356.2880859375,486.3876953125,90.819953918457,243.88020324707,169.381301879883,382.192016601562,94.3311080932617,2.50690875870732
98.6125603142205,39.3327347151732,203.899994492531,-4.31742429733276,-13.1536302566528,-91.3690490722656,1005.79064941406,1.08864176273346,-13.3080768585205,14.3967180252075,5.98286628723145,-14.0816354751587,7.21312379837036,-17.3778495788574,226.930374145508,72.1458587646484,0.300000011920929,120.50464630127,164.742874145508,2.07161521911621,110.252830505371,2.47161531448364,0.00522937431335449,0.0372723825275898,0.129826352000237,1.10000002384186,10,2001,3290.50732421875,113,151.437484741211,127.437484741211,142,120.437484741211,149,252.562271118164,190.250061035156,205.437484741211,197.250061035156,212.187423706055,193.375091552734,194.188140869141,337.187652587891,235.187911987305,300.125274658203,213.437957763672,319.937591552734,228.999755859375,218.062393188477,218.874969482422,224.624908447266,218.687301635742,219.874969482422,392.624908447266,70.3126983642578,193.500122070312,137.625152587891,279.999755859375,92.0002365112305,342.686584472656,55.6251487731934,240.625625610352,139.500366210938,294.936889648438,78.1252670288086,63.4998817443848,75.4374847412109,80,77,79,77,80,413.124786376953,406.062164306641,414.624664306641,410.312225341797,416.874725341797,405.062164306641,357.875457763672,375.875457763672,367.062866210938,365.187896728516,364.00048828125,374.625396728516,427.8740234375,85.8125762939453,230.937362670898,172.375335693359,359.311981201172,97.5001220703125,2.50713714742492
98.6215434670617,39.3327347151732,217.600002884865,-5.05766487121582,-12.5987796783447,-86.0873489379883,992.968994140625,0.645731508731842,-13.9967155456543,14.6424474716187,5.25907897949219,-14.6803121566772,6.4483814239502,-17.8509044647217,237.362121582031,76.3164901733398,0.300000011920929,121.373870849609,172.779693603516,2.09999990463257,115.035354614258,2.5,0.00542680549621582,0.0371236279606819,0.129826352000237,1,10,2001,3486.0703125,112.585289001465,149.341171264648,126.585289001465,140.755874633789,119.585289001465,146.926467895508,248.488250732422,199.464736938477,208.317657470703,204.391204833984,214.147079467773,202.220611572266,220.879440307617,351.952972412109,259.026519775391,309.244110107422,236.123565673828,325.902954101562,204.996978759766,200.899932861328,201.826400756836,203.752868652344,197.655822753906,203.241104125977,399.952972412109,85.1235656738281,198.658828735352,144.902954101562,271.341156005859,111.026519775391,336.320678710938,64.1470794677734,266.879455566406,153.317657470703,296.076568603516,86.4147109985352,60.4147071838379,74.5852890014648,79.1705856323242,76.5852890014648,78.1705856323242,77,79.5852890014648,403.267639160156,393.097045898438,400.438201904297,396.608795166016,402.779388427734,393.341156005859,391.735382080078,406.003021240234,398.735382080078,400.2236328125,399.564788818359,403.417724609375,407.708862304688,92.9764938354492,243.588302612305,222.641357421875,354.367706298828,99.3411712646484,2.50736553614252
98.6305266199029,39.3327347151732,186.700001358986,-5.86431503295898,-12.0083150863647,-80.5158462524414,979.321838378906,0.135438144207001,-14.7891702651978,14.9246082305908,4.46117734909058,-15.3184833526611,5.61106967926025,-18.3794002532959,249.135543823242,80.8930206298828,0.300000011920929,121.713447570801,181.131729125977,2.22654461860657,119.512168884277,2.5,0.00537917098999023,0.037153884768486,0.129826352000237,0.650000035762787,10,2001,3651.0078125,111.81371307373,147.322525024414,125.54679107666,139.508819580078,119.080635070801,144.403167724609,249.113922119141,205.345581054688,209.151901245117,206.681060791016,216.257553100586,206.053634643555,233.671020507812,357.658752441406,273.127807617188,313.961151123047,250.962951660156,325.164855957031,184.572860717773,181.606155395508,180.810073852539,180.48014831543,177.915725708008,181.127914428711,410.196380615234,99.1622009277344,204.681259155273,153.240127563477,270.390197753906,129.665451049805,366.921234130859,69.7275161743164,278.33642578125,161.892578125,325.696960449219,90.1223983764648,63.8554840087891,74.0806350708008,78.161262512207,76.0806350708008,77.161262512207,76.7330780029297,78.8137130737305,393.921142578125,383.959106445312,390.616241455078,385.777496337891,390.138031005859,383.848785400391,421.506011962891,434.434722900391,429.306762695312,433.822967529297,431.946258544922,435.023284912109,422.844360351562,109.709190368652,266.710815429688,269.695739746094,359.77734375,100.258644104004,2.50759392486011
98.6395097727441,39.3327347151732,144.500002264977,-6.52113580703735,-11.4954767227173,-75.7558975219727,969.625305175781,-0.27776437997818,-15.4596261978149,15.1818618774414,3.84076166152954,-15.848876953125,4.95913982391357,-18.8071193695068,255.295196533203,81.9081192016602,0.300000011920929,121.26953125,185.469482421875,2.29419755935669,123.44539642334,2.5,0.0051782642364502,0.0372960977256298,0.129826352000237,0.699999988079071,10,2001,3671.94067382812,111.585899353027,146.761703491211,124.695190429688,139.533248901367,119,143.880844116211,248.749664306641,202.886032104492,205.886032104492,201.6806640625,214.610794067383,201.866317749023,238.041610717773,347.959259033203,273.503692626953,316.207550048828,257.537933349609,317.893402099609,180.580047607422,179.236114501953,178.001831054688,178.249984741211,173.152069091797,176.444854736328,409.671447753906,106.72541809082,211.739288330078,163.00715637207,275.065002441406,140.40739440918,386.3828125,71.4239654541016,284.592407226562,173.261169433594,343.185455322266,96.0203704833984,70.0828704833984,74.1191482543945,78.1191482543945,76,77.1191482543945,76.2284469604492,78.3475952148438,384.111999511719,370.175994873047,379.152954101562,374.510375976562,379.102142333984,367.728332519531,435.307952880859,450.70703125,443.073669433594,447.239624023438,447.864929199219,455.707672119141,440.861236572266,128.836685180664,272.984954833984,262.094146728516,352.219116210938,104.89136505127,2.50782231357771
98.6484929255853,39.3327347151732,114.799998700619,-6.30494213104248,-11.6006565093994,-77.0971908569336,967.774169921875,-0.115204103291035,-15.1724615097046,15.0572566986084,4.00736856460571,-15.6013164520264,5.14725399017334,-18.5837783813477,251.78125,79.9595413208008,0.300000011920929,121.025047302246,183.091537475586,2.25885772705078,122.745193481445,2.5,0.00497735748291016,0.0374383144080639,0.129962310194969,0.875,10,2001,3642.48828125,112.871292114258,145.752471923828,125.247528076172,138.752471923828,119,143.376235961914,262.336700439453,209.227752685547,212.227752685547,206.603988647461,225.217864990234,205.732696533203,227.15837097168,344.495056152344,269.009887695312,301.792022705078,251.148483276367,315.247528076172,175.762359619141,196.07926940918,188.970336914062,191.465393066406,173.247528076172,190.584213256836,412.613891601562,110.247528076172,211.633651733398,167.623764038086,288.594116210938,147.366348266602,410.079284667969,71.3762359619141,291.237640380859,186.227752685547,355.732696533203,97.7524719238281,75.1188201904297,74.6237640380859,78.6237640380859,76,77.6237640380859,76,78.6237640380859,380,354.277191162109,364.900939941406,361.772247314453,373.752471923828,354.267303466797,444.237640380859,450.267303466797,446.128692626953,446.762359619141,453.623779296875,454.524719238281,477.544677734375,129.396011352539,264.900939941406,213.613708496094,363.207977294922,104.88117980957,2.50805070229531
98.6574760784265,39.3327347151732,204.999998211861,-5.26809167861938,-12.324649810791,-85.0574798583984,976.723327636719,0.497773140668869,-13.9956426620483,14.4934148788452,4.96240949630737,-14.6874332427979,6.15864896774292,-17.7923316955566,241.675430297852,77.6687927246094,0.300000011920929,121.057502746582,175.631713867188,2.17542028427124,116.669143676758,2.44170475006104,0.00477645034790039,0.0375805273652077,0.130235567688942,1.17499995231628,10,2001,3513.19702148438,113.04801940918,145.95198059082,125.52400970459,138.475997924805,118.04801940918,143,264.956176757812,208.860137939453,213.764099121094,207.764099121094,226.908157348633,204.336120605469,218.427978515625,351.235900878906,259.336120605469,299.947784423828,242.096038818359,327.899780273438,181.519821166992,203.336120605469,197.04801940918,200.572021484375,180.663879394531,199.668060302734,444.083465576172,112.42797088623,209.475997924805,168,298,148.572021484375,424.951995849609,66.7160797119141,274.532379150391,180.624237060547,370.519836425781,85.1002197265625,81.2839202880859,75,79.4759902954102,76,78,76,79,385.711883544922,359.803741455078,370.327758789062,367.851745605469,381.567840576172,359.947784423828,432.768280029297,437.384155273438,432.148254394531,431.576202392578,438.292297363281,439.860137939453,562.926879882812,129.663879394531,269.851745605469,179.95198059082,386.471801757812,107.759910583496,2.5082790910129
98.6664592312677,39.3327347151732,204.999998211861,-4.53977966308594,-12.7397012710571,-90.1662902832031,977.703002929688,1.03060162067413,-13.1008052825928,14.1314067840576,5.62909698486328,-13.9579372406006,6.85163402557373,-17.1358795166016,232.798355102539,74.9604263305664,0.278680413961411,121.220375061035,169.49983215332,1.67868041992188,112.526306152344,2.07868027687073,0.00457554359436035,0.0377227403223515,0.130235567688942,0.974999964237213,10,2001,3224.748046875,112.695442199707,147.61750793457,125.675956726074,139.636993408203,117.695442199707,143.984710693359,250.446640014648,196.696929931641,202.962524414062,197.947235107422,211.110000610352,193.99040222168,216.330932617188,356.129211425781,255.555145263672,316.147186279297,234.497894287109,338.871704101562,198.503311157227,203.165756225586,203.916656494141,207.264389038086,193.307266235352,202.372894287109,440.698486328125,96.8732070922852,204.728713989258,155.855224609375,286.183441162109,129.990112304688,400.0302734375,58.8929824829102,245.288345336914,155.361801147461,345.488922119141,68.2200164794922,79.588134765625,75.328239440918,80.3087539672852,76.6564712524414,78.6564712524414,76.6564712524414,79.6564712524414,403.254486083984,381.656188964844,393.973327636719,391.9775390625,401.809356689453,379.429565429688,397.913970947266,415.197540283203,401.457733154297,400.758087158203,404.902862548828,417.849822998047,594.02587890625,123.597732543945,276.9091796875,169.144485473633,384.441864013672,107.553359985352,2.5085074797305
98.6754423841089,39.3327347151732,198.699995875359,-4.09914970397949,-12.95152759552,-93.7125549316406,973.871826171875,1.47051537036896,-12.3516178131104,13.82213306427,6.07149410247803,-13.4631195068359,7.32240629196167,-16.640172958374,224.149871826172,72.4255905151367,0.200000002980232,121.935386657715,164.367752075195,1.57193458080292,109.228630065918,2,0.00433509635925293,0.0379484593868256,0.130235567688942,0.625,10,2001,3081.90600585938,114.026481628418,149.387481689453,126.665481567383,141.026489257812,119.206985473633,146.220230102539,238.537857055664,188.258636474609,192.149139404297,188.647354125977,196.972198486328,186.326080322266,213.186401367188,350.4609375,258.702880859375,318.784790039062,226.565444946289,331.060211181641,206.779983520508,210.599472045898,215.083221435547,220.359985351562,201.254058837891,212.363555908203,371.760070800781,70.8780670166016,191.983108520508,135.022613525391,260.981781005859,102.975555419922,350.285949707031,52.4090881347656,227.431915283203,135.466644287109,286.481842041016,59.5498657226562,68.5534286499023,76.0132446289062,80.6522369384766,77.8459777832031,79.6654815673828,77.6654815673828,80.484977722168,422.409393310547,398.013336181641,412.398498535156,409.730682373047,421.298675537109,396.137298583984,370.158386230469,391.206695556641,372.351043701172,369.909332275391,377.447296142578,391.027404785156,526.468811035156,99.3583679199219,257.056549072266,148.855361938477,352.055236816406,97.3296356201172,2.5087358684481
98.68442553695,39.3327347151732,178.700000047684,-3.85815834999084,-13.0067367553711,-94.9387664794922,971.638549804688,1.8631899356842,-11.8377742767334,13.700963973999,6.43065452575684,-13.1726016998291,7.70330858230591,-16.2816677093506,220.628967285156,72.1251907348633,0.200000002980232,123.140525817871,162.725006103516,1.47275543212891,107.67431640625,2,0.00333127021789551,0.0397863388061523,0.130235567688942,0.525000035762787,10,2001,3026.1162109375,115.369964599609,151.739929199219,127.065574645996,142.369964599609,121.022155761719,148.739929199219,224.733688354492,182.529449462891,182.377471923828,179.279113769531,185.692489624023,177.832946777344,218.035903930664,336.571075439453,255.343353271484,306.751403808594,225.543197631836,314.211730957031,203.020370483398,205.515701293945,216.607879638672,225.923797607422,201.804595947266,216.563140869141,300.146057128906,62.7505569458008,175.862609863281,122.02611541748,235.449661254883,91.735481262207,309.948974609375,46.9100456237793,208.614486694336,126.702690124512,254.106307983398,53.1302528381348,60.8679542541504,76.7177658081055,80.3478088378906,78.7177658081055,80,78.0655746459961,80.3150177001953,431.860443115234,415.170166015625,426.526397705078,418.404968261719,432.600372314453,411.951293945312,364.804168701172,378.661926269531,356.832946777344,355.638458251953,365.595031738281,371.82275390625,456.823944091797,81.1506195068359,224.333099365234,137.206451416016,309.657867431641,88.0952453613281,2.5089642571657
98.6934086897912,39.3327347151732,155.499994754791,-3.62235999107361,-13.0108451843262,-95.0917053222656,972.961791992188,2.32131600379944,-11.3625335693359,13.6838493347168,6.85918712615967,-12.9569034576416,8.16955471038818,-15.9480409622192,217.677276611328,71.1533889770508,0.200000002980232,123.156951904297,160.708053588867,1.41270327568054,106.197380065918,2,0.00232744388580322,0.0416242145001888,0.130235567688942,0.5,10,2001,3098.30737304688,116,153,128.074478149414,143,121.462760925293,150,214.776550292969,175.09033203125,177.462753295898,172.851028442383,180.462753295898,169.702056884766,224.148971557617,329.074493408203,244.941360473633,286.643402099609,223.776550292969,306.148956298828,202.835189819336,192.404113769531,215.537246704102,224.851028442383,203.760696411133,209.941360473633,247.584777832031,64.0744857788086,162.627578735352,106.643417358398,225.686218261719,82.4041137695312,302.207611083984,40.1648139953613,201.686218261719,116.866874694824,254.744857788086,54.8351860046387,58.5372428894043,77.537239074707,80.537239074707,79.537239074707,80,79.0744857788086,80,435.074493408203,428.90966796875,435.223449707031,424.835174560547,437.074493408203,422.223449707031,362.09033203125,378.223449707031,348.702056884766,349.776550292969,359.164825439453,368.297943115234,414.792388916016,82.6703720092773,196.792388916016,139.984161376953,281.553100585938,84,2.50919264588329
98.7023918426324,39.3327347151732,135.000005364418,-2.87791681289673,-13.3824920654297,-99.7064437866211,979.4248046875,3.07484245300293,-10.3529453277588,13.4277877807617,7.70696353912354,-12.3378047943115,9.10601425170898,-15.2633800506592,204.710006713867,66.7055816650391,0.200000002980232,122.077613830566,150.559173583984,1.39999997615814,99.2077560424805,2,0.00132361783981323,0.0434620939195156,0.153483778238297,0.450000017881393,10,2001,2765.1142578125,116.77904510498,153,130.168563842773,144.558090209961,122.168571472168,150.389526367188,210.441909790039,167.273330688477,174.662857055664,168.273330688477,176.883819580078,162.494293212891,219.767623901367,315.198120117188,234.883819580078,274.052368164062,219.052383422852,299.430480957031,205.052383422852,181.883819580078,212.883819580078,221.052383422852,204.662857055664,203,222.209533691406,55.2619171142578,145.145736694336,93.2733383178711,203.460037231445,66.4304885864258,286.849548339844,34.4419059753418,194.651443481445,103.546676635742,246.081924438477,54.7152442932129,56.2733383178711,77.6104736328125,80.6104736328125,79.6104736328125,80.3895263671875,79.2209548950195,80,439.116180419922,431.662872314453,437.610473632812,425.494293212891,439.168579101562,422.662872314453,356.220947265625,386.453338623047,348.505706787109,352.842864990234,356.55810546875,374.337127685547,383.407653808594,87.1047668457031,177.87239074707,140.546676635742,272.104766845703,81.2733383178711,2.50942103460089
98.5317119386497,39.323751562332,83.0999985337257,-6.82073068618774,-11.7425699234009,-71.4763565063477,1032.58386230469,-0.0287281330674887,-16.4652862548828,16.4365577697754,4.16828298568726,-17.2190933227539,5.24074745178223,-19.9111595153809,255.463302612305,81.4272842407227,0.400000005960464,120.532264709473,183.885513305664,2.29094409942627,122.539405822754,2.39857721328735,-0.00726480102539062,0.027386162430048,0.107631653547287,0.649999976158142,10,2001,3662.1083984375,112.429840087891,146.859680175781,124.859680175781,140.570159912109,120.429840087891,144,237.570159912109,175.008880615234,180.149200439453,175.289520263672,186.008880615234,172.149200439453,218.991119384766,365.692718505859,255,312.587921142578,244.561279296875,339.710479736328,183.895172119141,199.438720703125,186.026626586914,194.737106323242,176.886306762695,199.728225708008,349.438720703125,83.7016067504883,188.271774291992,131,242.833053588867,106.692733764648,337.184692382812,64.2717666625977,265.850799560547,168.245147705078,281.017761230469,93.6927337646484,59.5790367126465,75,79.4298400878906,77,78,76.5701599121094,79.4298400878906,397.447601318359,401.754852294922,392.307281494141,389.158081054688,398.87744140625,400.307281494141,418.6572265625,398.806427001953,421.666107177734,416.104827880859,424.236267089844,399.394348144531,504.113708496094,126.131446838379,254.674987792969,198.561279296875,321.508026123047,117.841926574707,2.50565391205026
98.5406950914909,39.323751562332,128.90000641346,-6.3242712020874,-12.0212440490723,-74.7718124389648,1028.46643066406,0.192141443490982,-15.8910961151123,16.0832386016846,4.55112075805664,-16.4912242889404,5.64665651321411,-19.4250354766846,249.369537353516,79.1809921264648,0.400000005960464,120.51212310791,179.867782592773,1.89842343330383,120.177642822266,2.00044369697571,-0.00480559310913086,0.0290948450565338,0.107631653547287,0.800000011920929,10,2001,3602.73608398438,112.934906005859,149.279891967773,126.715858459473,140.9111328125,120.934906005859,145.692092895508,241.295318603516,181.928512573242,187.186767578125,178.778823852539,194.056579589844,177.77668762207,210.661407470703,361.618835449219,251.051788330078,313.231475830078,232.342330932617,341.297454833984,199.047164916992,204.607299804688,196.915023803711,204.392333984375,190.476928710938,206.976043701172,355.7353515625,74.4207229614258,188.356338500977,129.025894165039,236.620971679688,94.7224349975586,345.391448974609,57.5879821777344,257.967193603516,158.287353515625,287.242645263672,84.824592590332,63.4554748535156,75.2820129394531,79.9349060058594,77.2820129394531,78.2820129394531,76.3471069335938,79.9349060058594,413.766052246094,421.583160400391,408.225769042969,402.551239013672,414.854888916016,414.251678466797,387.186798095703,373.809539794922,394.859191894531,393.056427001953,394.668182373047,378.707183837891,513.366271972656,111.71533203125,241.556060791016,187.47038269043,318.533905029297,108.678970336914,2.50588235294118
98.5496782443321,39.323751562332,156.599998474121,-5.88233613967896,-12.250524520874,-77.915397644043,1023.46929931641,0.387489229440689,-15.3450546264648,15.7325439453125,4.86370515823364,-15.9601392745972,5.98510885238647,-18.9756164550781,244.079360961914,77.9388122558594,0.400000005960464,120.940788269043,176.79150390625,1.88802766799927,118.006034851074,2,-0.00234638481140137,0.0308035295456648,0.119929112493992,0.875,10,2001,3484.16772460938,113.134208679199,151.801086425781,128.629592895508,142.361175537109,121.402626037598,148.588134765625,252.563720703125,190.860458374023,199.082366943359,185.998840332031,206.485000610352,186.207611083984,202.156860351562,365.774536132812,243.981185913086,305.350708007812,219.322677612305,344.241851806641,201.134216308594,209.96662902832,200.800201416016,207.379364013672,193.764678955078,212.198654174805,365.396423339844,67.4020156860352,196.66748046875,127.369529724121,242.78678894043,88.7631912231445,340.038208007812,55.6570243835449,250.193252563477,166.510009765625,288.517761230469,82.5418930053711,66.4348449707031,75.6528472900391,80,77.6528472900391,78.7870559692383,76.7870559692383,80,431.740875244141,427.144927978516,421.255615234375,416.463500976562,430.842864990234,423.343597412109,367.124908447266,362.888427734375,377.944183349609,376.157135009766,375.392456054688,364.591979980469,548.302795410156,94.2582397460938,244.486145019531,175.799865722656,358.935424804688,103.147621154785,2.5061107938321
98.5586613971733,39.323751562332,198.100000619888,-5.3016209602356,-12.595666885376,-82.0370712280273,1021.59466552734,0.706931948661804,-14.6495676040649,15.356499671936,5.32961368560791,-15.3261613845825,6.49314403533936,-18.4386215209961,236.878143310547,74.5731201171875,0.395970791578293,119.861061096191,170.92594909668,2.03036403656006,115.018508911133,2.13036394119263,0.000112823522090912,0.0325122140347958,0.134124383330345,1.20000004768372,10,2001,3500.43310546875,113.639228820801,152.360763549805,130.278457641602,143,122.917686462402,149.360763549805,269.898406982422,202.506118774414,215.619964599609,200.619964599609,224.537643432617,198.145355224609,200.556915283203,358.576202392578,241,307.94921875,221.227661132812,337.493865966797,201.639236450195,221.423812866211,208.588439941406,210.835372924805,188.690017700195,219.031524658203,386.290710449219,68.753059387207,196.886169433594,132.949203491211,250.392288208008,90.753059387207,362.436065673828,57.835376739502,254.227661132812,168.164627075195,294.94921875,79.8038558959961,71.1138305664062,75.3607711791992,80,77.3607711791992,79,77,80,443.392303466797,418.297729492188,422.246948242188,422,439.835388183594,421.329254150391,354.968475341797,360.278472900391,369.164611816406,367.164611816406,371.474609375,360.278472900391,560.525390625,89.8353729248047,247.917694091797,176.031524658203,389.898406982422,103.835372924805,2.50633923472302
98.5676445500145,39.323751562332,198.100000619888,-5.53513956069946,-12.3942289352417,-81.3561019897461,1008.71685791016,0.454679071903229,-14.7825889587402,15.2372674942017,5.00147104263306,-15.3958187103271,6.15002346038818,-18.4805202484131,240.681884765625,76.0517654418945,0.385009586811066,119.834007263184,173.535629272461,2.385009765625,116.302871704102,2.48500967025757,0.00257203178405762,0.0342208966612816,0.134124383330345,0.950000047683716,10,2001,3587.01000976562,112.034317016602,150.525741577148,129.034317016602,141.525741577148,121.051483154297,147.525741577148,276.56005859375,200.154449462891,218.1201171875,201.154449462891,226.645858764648,196.154449462891,205.931365966797,353.948516845703,245.914199829102,312.508575439453,230.931365966797,331,202,235.8798828125,217.43994140625,217.914199829102,189.897033691406,225.948516845703,403.43994140625,76.4227752685547,204.811233520508,152.251174926758,267.759765625,104.811233520508,394.302642822266,63.9313583374023,277.19970703125,167.474258422852,336.365051269531,85.3712997436523,70.0686416625977,74.5085830688477,79.5085830688477,76.5085830688477,79,76.5085830688477,79.5085830688477,436.188751220703,394.765991210938,402.783142089844,404.308898925781,424.80029296875,404.223083496094,361.31982421875,369.354125976562,379.776916503906,378.268341064453,385.302642822266,370.336975097656,579.131042480469,113.62247467041,269.148223876953,205.062408447266,399.017150878906,119.759757995605,2.50656767561394
98.5766277028557,39.323751562332,168.89999806881,-6.51417827606201,-11.7066116333008,-75.3528518676758,992.540100097656,-0.246281430125237,-15.7939453125,15.5476636886597,4.00265836715698,-17.1495819091797,5.12133073806763,-19.1309719085693,253.992050170898,80.8671493530273,0.41932812333107,120.67259979248,183.535125732422,2.45364665985107,122.330749511719,2.52537965774536,0.00462747611999512,0.0355918779969215,0.134124383330345,0.675000011920929,10,2001,3745.31274414062,110.358222961426,146.949172973633,126.327339172363,139.323684692383,118.365524291992,144.29280090332,272.338287353516,193.127456665039,209.332931518555,192.752944946289,218.062026977539,188.440200805664,220.623321533203,369.005157470703,259.554260253906,310.972747802734,246.310592651367,336.841705322266,198.563705444336,239.856246948242,217.538162231445,219.870849609375,192.176284790039,226.229064941406,430.341278076172,83.028938293457,216.950607299805,168.268692016602,290.832183837891,115.57608795166,408.321472167969,65.9090270996094,295.215911865234,168.301788330078,379.228057861328,94.6634140014648,69.1218566894531,74.347282409668,79.0036468505859,76.347282409668,78.6563720703125,76.347282409668,79.0036468505859,427.829315185547,383.923950195312,391.618499755859,392.660339355469,412.625793457031,397.280212402344,372.954254150391,376.219818115234,390.499725341797,388.121551513672,394.854309082031,376.150756835938,596.375915527344,142.368408203125,296.035736083984,240.091903686523,410.377960205078,134.9287109375,2.50679611650486
98.5856108556969,39.323751562332,104.299999773502,-6.99932622909546,-11.3604421615601,-72.1843643188477,986.528747558594,-0.541752815246582,-16.2905693054199,15.748815536499,3.53501391410828,-17.8671531677246,4.63383913040161,-19.4789371490479,260.760162353516,83.2385940551758,0.470019161701202,120.621276855469,188.009475708008,2.59508180618286,124.866806030273,2.62506246566772,0.00485834655761719,0.0354368276894093,0.134124383330345,2.29999995231628,10,2001,3731.99731445312,111.044395446777,144.888061523438,125.49878692627,138.498779296875,118.848541259766,142.540740966797,268.365051269531,196.482940673828,206.169738769531,193.305358886719,217.020706176758,190.59001159668,230.624771118164,386.111236572266,269.275573730469,309.062683105469,254.775680541992,345.033416748047,194.493911743164,228.508117675781,208.793304443359,210.858413696289,189.016387939453,216.923522949219,452.557312011719,83.7409210205078,211.886413574219,164.714248657227,297.402770996094,113.388732910156,408.610168457031,63.1046333312988,289.776916503906,165.344345092773,377.587799072266,93.1296539306641,73.0492630004883,75.0443954467773,79,77.0443954467773,78.1514587402344,77.0443954467773,79,430.613159179688,395.188415527344,401.143463134766,403.29736328125,419.597320556641,407.840545654297,374.741485595703,376.303466796875,389.606384277344,385.995697021484,390.929473876953,374.583251953125,595.257202148438,143.308578491211,302.923370361328,240.787994384766,431.876953125,133.999450683594,2.50702455739577
98.5945940085381,39.323751562332,137.40000128746,-6.33181858062744,-11.850793838501,-76.8721618652344,993.69091796875,-0.120350226759911,-15.5553398132324,15.4349899291992,4.16865110397339,-15.9920797348022,5.29923295974731,-18.9884357452393,256.155914306641,81.8346099853516,0.378443837165833,120.155860900879,184.072021484375,2.4568874835968,122.018531799316,2.57844376564026,0.00508921699523926,0.0352817736566067,0.134124383330345,0.900000035762787,10,2001,3612.8349609375,111.700744628906,146.744247436523,125.700744628906,138.941284179688,119.096214294434,144.043502807617,260.440734863281,198.305267333984,203.993988037109,192.790939331055,214.544387817383,191.74885559082,219.427658081055,389.272369384766,264.334289550781,307.598510742188,237.895278930664,346.790954589844,196.898818969727,210.003158569336,198.070724487305,198.556396484375,193.938095092773,202.849639892578,429.966400146484,78.4467620849609,195.607681274414,150.004943847656,283.260681152344,108.164131164551,400.269561767578,62.3639945983887,274.325073242188,160.088775634766,352.674560546875,82.8033218383789,72.5610198974609,75.6526336669922,79.0481033325195,77.6526336669922,78.0481033325195,77.6526336669922,79.0481033325195,429.276611328125,409.08984375,409.241577148438,410.455230712891,420.698944091797,415.231323242188,373.824584960938,380.906982421875,393.041076660156,390.988372802734,385.716339111328,381.619781494141,603.889343261719,122.263877868652,297.811126708984,209.606994628906,441.342498779297,126.783882141113,2.50725299828669
98.6035771613793,39.323751562332,174.099996685982,-5.33275127410889,-12.5788774490356,-84.2613067626953,1006.33752441406,0.468904584646225,-14.4712762832642,14.9401807785034,5.13728141784668,-15.1382713317871,6.31149673461914,-18.2663669586182,244.803298950195,77.8795471191406,0.300000011920929,119.821434020996,175.996444702148,2.28182935714722,117.120742797852,2.5,0.00532008743286133,0.0351267196238041,0.130263864994049,0.949999988079071,10,2001,3479.04516601562,112,150.764846801758,126,141.764846801758,120.105934143066,147.764846801758,255.447036743164,197.894058227539,204.105941772461,194.211868286133,213.552963256836,192.552963256836,197.622817993164,381.811401367188,247.728759765625,307,218.258438110352,348.211883544922,213.036087036133,205.082656860352,196.423751831055,198.741561889648,203.082656860352,202.84748840332,394.752044677734,73.3410949707031,189.976715087891,134.258438110352,263.493591308594,99.917350769043,386.599548339844,59.129222869873,265.552978515625,158.105941772461,320.752044677734,71.4703140258789,68.1292190551758,75.4470291137695,79.5529708862305,77.4470291137695,78.5529708862305,77.4470291137695,79.5529708862305,432.529693603516,422.741546630859,428.800933837891,425.377166748047,431.82421875,424.188598632812,354.434234619141,372.17578125,375.222351074219,375.881256103516,365.540161132812,372.963928222656,580.162963867188,96.1757888793945,275.540161132812,174.410949707031,398.467987060547,111.281723022461,2.50748143917761
98.6125603142205,39.323751562332,194.900006055832,-4.84595823287964,-12.9224729537964,-87.6539077758789,1012.91827392578,0.784571826457977,-13.9603605270386,14.7449321746826,5.61333751678467,-14.7278938293457,6.81289339065552,-17.9273777008057,234.691223144531,74.2713928222656,0.300000011920929,120.310066223145,169.933135986328,1.98373520374298,114.124778747559,2.21371603012085,0.0055509578704834,0.0349716655910015,0.129826352000237,1,10,2001,3353.76635742188,112.405212402344,153,126,143.594787597656,121.405212402344,149.594787597656,259.862548828125,195.379150390625,207.836486816406,199.646911621094,216.431274414062,194.215637207031,188.431274414062,371.947875976562,244.293823242188,305.784362792969,213.215637207031,342.706176757812,210.196716308594,213.24169921875,199.594787597656,202.568725585938,195.843627929688,210.405212402344,432.677642822266,75.6469116210938,202.104248046875,140.156372070312,269.992858886719,103.104248046875,385.888610839844,57.620849609375,266.810424804688,161.836486816406,327.476257324219,75.5094604492188,67.8364868164062,75,79.5947875976562,77,79,77,79.5947875976562,420.386291503906,400.229919433594,417.255981445312,409.445556640625,424.360229492188,406.497680664062,369.4169921875,386.528381347656,383.149230957031,387.985717773438,379.796142578125,383.097106933594,543.895751953125,86.2156372070312,262.24169921875,163.026062011719,364.104248046875,100.594787597656,2.50770988006853
98.6215434670617,39.323751562332,194.900006055832,-4.7550196647644,-12.9703397750854,-88.4965515136719,1010.06427001953,0.8302081823349,-13.8282785415649,14.658486366272,5.66937017440796,-14.593132019043,6.86696147918701,-17.8069038391113,233.743804931641,74.1697692871094,0.300000011920929,120.243049621582,169.12223815918,1.71898853778839,113.295196533203,2.07495212554932,0.00578182830810547,0.0348166115581989,0.129826352000237,0.899999976158142,10,2001,3630.04345703125,112.90998840332,149.652816772461,126,141.545166015625,121.137557983398,146.257781982422,260.770324707031,194.647430419922,209.052612304688,202.130065917969,216.112731933594,195.47248840332,206.908462524414,365.612762451172,257.7568359375,309.162078857422,229.40608215332,331.817932128906,188.450759887695,218.052307128906,201.922256469727,203.144744873047,182.24528503418,212.197372436523,481.819671630859,95.1234741210938,223.528656005859,162.766372680664,296.90869140625,123.241271972656,400.649169921875,64.531982421875,273.484436035156,169.746994018555,357.061462402344,94.6063995361328,71.8848495483398,74.7425231933594,79.0900115966797,76.7425231933594,78.4850463867188,76.7425231933594,79.0900115966797,395.828460693359,358.469085693359,379.563873291016,370.228942871094,395.476196289062,371.041412353516,415.720794677734,423.221130371094,418.513885498047,426.626312255859,422.278533935547,416.76123046875,556.20068359375,108.328025817871,275.291534423828,189.752655029297,392.480499267578,112.448852539062,2.50793832095945
98.6305266199029,39.323751562332,220.400005578995,-5.26118040084839,-12.5939741134644,-85.4991302490234,997.6220703125,0.489549249410629,-14.2455139160156,14.7350635528564,5.13489007949829,-14.9502601623535,6.30294513702393,-18.0847797393799,241.996658325195,76.5577087402344,0.300000011920929,120.115196228027,174.969360351562,2.18027138710022,117.356964111328,2.41858172416687,0.00569761924743652,0.0350040905177593,0.129826352000237,0.925000011920929,10,2001,3781.99609375,112.890243530273,143.200820922852,125.890243530273,138.426651000977,119.603561401367,140.835037231445,252.304275512695,197.140411376953,205.688766479492,199.231475830078,210.091064453125,195.457290649414,238.721374511719,359.993713378906,269.384704589844,318.043243408203,258.995666503906,326.005859375,180.902191162109,219.079330444336,206.286895751953,208.683334350586,181.805053710938,213.823303222656,460.888275146484,125.538368225098,249.184310913086,180.763092041016,316.610748291016,145.714630126953,413.964141845703,73.6042251586914,286.525085449219,182.250595092773,367.60400390625,111.726593017578,73.0854187011719,74.0182571411133,78.8902435302734,76.1280136108398,77.3657913208008,76.1280136108398,78.8902435302734,383.578796386719,339.480987548828,364.054351806641,353.529876708984,379.133453369141,352.499237060547,435.519012451172,440.787200927734,429.658752441406,437.786773681641,439.061492919922,433.677459716797,604.240600585938,152.819610595703,298.836547851562,238.966323852539,428.142395019531,139.330795288086,2.50816676185037
98.6574760784265,39.323751562332,127.399995923042,-6.44976902008057,-11.6460847854614,-78.0846939086914,969.177368164062,-0.364837497472763,-15.2940063476562,14.9291677474976,3.87564444541931,-15.7637281417847,5.01136159896851,-18.7220859527588,257.362945556641,81.6332855224609,0.300000011920929,120.515151977539,186.040451049805,1.9468537569046,124.455101013184,2.15122294425964,0.00485380821228027,0.0361895002424717,0.130235567688942,1.375,10,2001,3659.55712890625,111.666717529297,141.914535522461,125.971405029297,137.957183837891,118,140.276412963867,260.771057128906,196.795333862305,209.623748779297,200.333282470703,215.771057128906,197.014221191406,232.000122070312,360.818176269531,258.304656982422,303.471801757812,249.971374511719,323.552154541016,190.004486083984,200.023788452148,196.128616333008,197.519241333008,188.337753295898,198.285827636719,411.644989013672,106.767349243164,208.369369506836,158.901412963867,268.311370849609,137.452926635742,401.238037109375,63.8953437805176,263.2236328125,170.705352783203,344.205291748047,94.4714660644531,78.7568359375,73.9428024291992,78.9714050292969,75.9714050292969,77.6237411499023,75.9714050292969,78.65234375,400.071136474609,401.627166748047,385.885314941406,387.861022949219,391.142547607422,389.661010742188,410.243469238281,398.349060058594,417.667022705078,414.619720458984,420.519714355469,412.053161621094,659.471496582031,164.485168457031,304.514587402344,210.36262512207,417.719116210938,146.304641723633,2.50885208452313
98.6664592312677,39.323751562332,159.799993038177,-5.4546070098877,-12.270941734314,-85.5345077514648,973.347229003906,0.289491206407547,-14.0653314590454,14.3548221588135,4.78194618225098,-14.8275690078735,5.96570253372192,-17.8928527832031,246.531356811523,78.5606002807617,0.29680410027504,121.108489990234,179.306655883789,1.83057594299316,119.953895568848,2.09680390357971,0.00457253761291504,0.0365775153040886,0.130235567688942,0.850000023841858,10,2001,3445.96508789062,112.647354125977,147.369979858398,125.657241821289,139.47102355957,118.171379089355,144.722625732422,254.116256713867,194.976684570312,206.777038574219,197.467483520508,210.315902709961,193.986572265625,219.203140258789,357.039215087891,244.869903564453,305.127899169922,234.261077880859,325.475616455078,191.851943969727,195.348739624023,197.271011352539,200.908477783203,190.232864379883,198.14274597168,439.120910644531,95.3505172729492,226.942108154297,164.012756347656,273.088714599609,128.778442382812,384.73779296875,59.6487579345703,233.469528198242,154.185119628906,334.169250488281,83.388671875,75.6438140869141,74,79.1713790893555,76.1713790893555,77.3477020263672,76,78.5190811157227,407.012756347656,409.798645019531,392.5986328125,392.651611328125,396.370330810547,396.565399169922,401.958984375,394.852630615234,409.478057861328,406.268524169922,413.396789550781,405.291839599609,622.167846679688,121.525703430176,277.778381347656,183.673446655273,402.685150146484,122.244476318359,2.50908052541405
98.6754423841089,39.323751562332,159.799993038177,-4.57807922363281,-12.7652931213379,-91.9830093383789,973.222839355469,0.948365032672882,-12.9327974319458,13.8811626434326,5.57152223587036,-13.9387292861938,6.79934120178223,-17.0865497589111,233.609832763672,74.4545593261719,0.261151313781738,121.529823303223,170.977340698242,1.65694427490234,114.858619689941,2.06115126609802,0.00427233810424805,0.0370426923036575,0.130235567688942,0.899999976158142,10,2001,3291.91137695312,113.023712158203,148.043228149414,124.719200134277,140,118.699684143066,145.043228149414,241.357833862305,191.244491577148,199.417846679688,191.540618896484,201.089630126953,188.845123291016,222.396636962891,362.258117675781,256.121490478516,315.266510009766,236.396636962891,336.06103515625,195.150680541992,199.064208984375,204.839233398438,210.120025634766,196.111633300781,206.096313476562,447.423156738281,81.1681289672852,233.632553100586,154.436767578125,277.130981445312,114.140213012695,365.460052490234,52.9120750427246,227.854553222656,142.394134521484,320.251251220703,71.0854339599609,69.4220504760742,74.0474243164062,79.6996841430664,76.6996841430664,77.6996841430664,76.0474243164062,79.3756561279297,398.835876464844,389.703277587891,379.542510986328,379.171051025391,387.207336425781,380.925506591797,406.966003417969,411.256225585938,415.294250488281,410.056671142578,416.657318115234,412.978179931641,530.7412109375,91.0919342041016,256.061096191406,166.453125,371.695373535156,101.950508117676,2.50930896630497
98.68442553695,39.323751562332,222.000002861023,-4.21757078170776,-12.9026222229004,-94.767936706543,968.475463867188,1.30897855758667,-12.3060121536255,13.6149911880493,5.95522546768188,-13.5150289535522,7.20116281509399,-16.629976272583,227.232788085938,72.8801803588867,0.200000002980232,122.181480407715,167.061630249023,1.52060556411743,111.813285827637,2,0.00360668754577637,0.0390631482005119,0.130235567688942,0.649999976158142,10,2001,3161.81787109375,113.528282165527,148.584854125977,125.584846496582,140,119.528282165527,145.584854125977,231.886871337891,188.471710205078,192.358581542969,187.471710205078,193.886871337891,184.415145874023,225.886871337891,369.641418457031,263.245452880859,323.584838867188,239.886871337891,347.226257324219,199.113128662109,201.943435668945,210.528289794922,214.943435668945,200,210.415145874023,399.813140869141,67.6606063842773,211.755569458008,132.208084106445,259.39697265625,99.6606063842773,350.188903808594,49.5282821655273,233.113128662109,134.830307006836,294.453552246094,63.415153503418,62.8303031921387,75.0565643310547,80.5282821655273,77.5282821655273,78.5282821655273,77.0565643310547,80.5282821655273,406.376770019531,391.018188476562,386.546447753906,385.489898681641,395.433319091797,381.263641357422,394.453552246094,407.566680908203,402.925262451172,399.094940185547,404.038391113281,408.321228027344,432.624267578125,88.5090866088867,232.679809570312,152.547470092773,315.850524902344,83.4343490600586,2.50953740719589
98.6934086897912,39.323751562332,173.600003123283,-3.66824817657471,-13.157865524292,-97.7568817138672,969.390258789062,1.95684266090393,-11.5106086730957,13.4674510955811,6.60098457336426,-12.9735059738159,7.87290668487549,-16.0628547668457,218.081115722656,70.9635391235352,0.200000002980232,123.183044433594,161.373123168945,1.39999997615814,106.916984558105,2,0.00294103717803955,0.041083600372076,0.130235567688942,0.474999994039536,10,2001,3104.65551757812,113.619384765625,149.619384765625,125.858154296875,139.23876953125,118.858154296875,146.619384765625,225.813232421875,181.910171508789,186.19384765625,182.813232421875,187.813232421875,178.432632446289,225.903076171875,356.394805908203,258.23876953125,310.156036376953,238.380615234375,333.872344970703,199.096923828125,196.813232421875,206.432632446289,212.858154296875,194.290786743164,205.574462890625,324.170227050781,58.5744705200195,185.671401977539,115.57447052002,239.4775390625,84.1040191650391,345.380615234375,48.8581581115723,228.529556274414,130.096923828125,279.28369140625,59.7163124084473,60,76.380615234375,80.619384765625,78,79.380615234375,77.619384765625,80.619384765625,431.276580810547,419.418426513672,419.985809326172,414.560272216797,428.127655029297,409.985809326172,368.62646484375,384.3876953125,373.581573486328,372.581573486328,376.962188720703,384.439727783203,391.096923828125,82.9172592163086,204.156036376953,132.820327758789,267.059112548828,70.1938552856445,2.50976584808681
98.7023918426324,39.323751562332,128.600001335144,-2.91797947883606,-13.554253578186,-102.456962585449,976.264587402344,2.73716449737549,-10.4938335418701,13.2309989929199,7.46418046951294,-12.3118505477905,8.81916809082031,-15.3835678100586,204.196350097656,66.8601837158203,0.200000002980232,122.841117858887,151.028747558594,1.39999997615814,99.3571853637695,2,0.00227538661956787,0.0431040562689304,0.153483778238297,0.400000005960464,10,2001,2906.51342773438,114.279731750488,149.347869873047,125.975471496582,138.9287109375,118.276580810547,146.81379699707,217.468368530273,167.315444946289,175.557876586914,170.274993896484,177.837615966797,164.690994262695,221.203536987305,334.080352783203,249.541946411133,288.384613037109,230.498336791992,310.005889892578,195.409698486328,186.138717651367,199.679962158203,209.015060424805,186.95654296875,196.37483215332,277.017242431641,52.4033851623535,174.182327270508,109.869316101074,225.811340332031,67.2600860595703,331.208251953125,45.0150604248047,213.197387695312,121.983352661133,269.264495849609,55.757568359375,58.6022071838379,76.4191665649414,80.1149063110352,77.7670364379883,79.8850936889648,76.8819427490234,80.1149063110352,445.596466064453,435.018768310547,440.009155273438,429.810333251953,448.266662597656,430.941009521484,358.226806640625,378.957427978516,360.310882568359,361.174591064453,364.661895751953,372.684143066406,382.284454345703,66.3481826782227,183.549438476562,115.046203613281,247.577117919922,63.9842224121094,2.50999428897773
96.887794968711,39.3147684094909,70.0000002980232,-4.46550846099854,-12.2552146911621,-94.8006744384766,938.301696777344,1.38210999965668,-11.5445184707642,12.9266290664673,5.82964944839478,-13.6024694442749,7.19092178344727,-16.2253112792969,157.078720092773,51.7972717285156,0.496987789869308,127.56950378418,113.027809143066,1.8933299779892,75.0569000244141,1.99246942996979,-0.0196982604980469,0.0242766346782446,0.0910756587982178,0.200000002980232,10,2001,3637.47485351562,112,148.910705566406,124,141,119.544647216797,146,196.919555664062,172.374908447266,180.187454223633,177.098159790039,176.276748657227,172.008865356445,213.973419189453,306.196319580078,242.892990112305,255.366058349609,215.250183105469,280,184,193.910705566406,191.008865356445,191.464202880859,179.455352783203,186.455352783203,260.437622070312,58.2590370178223,149.535797119141,96.1874542236328,202.250183105469,74.3571929931641,296.553497314453,36.910701751709,223.285614013672,107.830261230469,260.553497314453,69,53.8125457763672,76.5446472167969,79,78,79.5446472167969,78,78.5446472167969,469.749816894531,470.276763916016,459.196319580078,463.187469482422,463.571228027344,464.919555664062,346.250183105469,335.812530517578,349.794830322266,345.348327636719,356.973419189453,348.625091552734,203.330612182617,64.821403503418,185.330612182617,98.0893020629883,161.330612182617,70.3660507202148,2.4644122015309
96.8967781215522,39.3147684094909,55.5999986827374,-4.19414663314819,-12.3689870834351,-99.0492858886719,930.518676757812,1.60035538673401,-10.8992033004761,12.4995584487915,6.09520053863525,-13.2462224960327,7.47229623794556,-15.79665184021,155.404724121094,51.4008255004883,0.492368906736374,126.587043762207,111.243583679199,1.88855350017548,74.5706405639648,1.98855340480804,-0.0201245269775391,0.0242766346782446,0.0910756587982178,0.200000002980232,10,2001,3602.9423828125,113.18531036377,148,124,140.604904174805,118.419586181641,146.79020690918,189.419586181641,157.307739257812,168.702835083008,164.307739257812,167.678359985352,158.702835083008,219.517532348633,301.160827636719,239.751815795898,249.653869628906,216.542022705078,276.048980712891,179.653869628906,192.20979309082,183.234283447266,184.419586181641,175.839172363281,183.629379272461,275.531433105469,63.2342796325684,154.604904174805,95.3706130981445,203.937118530273,79.1853103637695,294.765716552734,39.1608200073242,202.171401977539,99.4195861816406,257.580413818359,61.493049621582,56.2097930908203,76.6048965454102,79,78,80,77.6048965454102,79,462.136322021484,467.604888916016,450.209808349609,460,450.580413818359,464.531433105469,358.209808349609,340.185302734375,366.555938720703,355.580413818359,373.580413818359,351.839172363281,254.398422241211,59.0489730834961,188.195892333984,113.223701477051,202.915954589844,69.3951034545898,2.46464069461899
98.5406950914909,39.3147684094909,75.6999999284744,-7.55431747436523,-11.3644685745239,-69.586051940918,1015.87854003906,-0.705753266811371,-17.0415115356445,16.3357582092285,3.38271427154541,-20.1236991882324,4.4064884185791,-20.3515644073486,264.747711181641,83.8138961791992,0.479840904474258,120.442039489746,190.513565063477,2.53288006782532,127.349273681641,2.54071354866028,-0.00696582107543945,0.0290948450565338,0.107631653547287,0.550000011920929,10,2001,3922.55517578125,112.627990722656,146.900924682617,125.975074768066,140.181823730469,119.751991271973,144,245.659881591797,186.230667114258,192.999008178711,187.180816650391,199.867233276367,185.610641479492,192.361862182617,357.529907226562,241.841918945312,296.64453125,213.518753051758,327.851684570312,187.629806518555,210.860443115234,187.356262207031,196.166076660156,180.8359375,208.191192626953,349.097290039062,82.89013671875,188.31298828125,141.312194824219,258.620025634766,115.212303161621,333.993041992188,63.1975593566895,279.84228515625,173.850875854492,304.297058105469,93.3793792724609,63.6036720275879,74.4298248291016,79.6529083251953,76.2067413330078,78.6529083251953,75.553825378418,79.6529083251953,408.505401611328,395.679870605469,396.117034912109,393.571807861328,406.307250976562,398.836151123047,403.864776611328,393.682769775391,416.625762939453,410.485229492188,412.980834960938,393.319763183594,551.127197265625,138.84846496582,288.280700683594,207.959335327148,368.181610107422,135.098678588867,2.50645492973838
98.5586613971733,39.3147684094909,175.999999046326,-6.02283525466919,-12.3166837692261,-79.1785659790039,1024.91918945312,0.212161868810654,-15.3467626571655,15.5589246749878,4.79022645950317,-16.2716884613037,5.87971162796021,-19.1168727874756,246.643295288086,78.4621963500977,0.400000005960464,120.458229064941,178.215423583984,2.37634515762329,118.920478820801,2.47135972976685,-0.00285437469482422,0.0325122140347958,0.134124383330345,1.10000002384186,10,2001,3654.55249023438,111.444137573242,149.444137573242,125.925514221191,140.888275146484,119.444137573242,145.925521850586,240.925521850586,186.593109130859,190.148971557617,182.630340576172,199.593109130859,179.18620300293,208.037246704102,377.555877685547,249.111724853516,298.627593994141,226.481384277344,341.220672607422,212.481384277344,213.518615722656,203.81379699707,203,196,210.555862426758,399.877227783203,81.3668899536133,198.143447875977,140.40412902832,273.108947753906,95.037239074707,366.888275146484,58.7393074035645,270.922760009766,178.406890869141,318.034484863281,80.962760925293,68.962760925293,74.4813766479492,79.962760925293,76.962760925293,78.962760925293,76.4813766479492,79.4813766479492,429.484130859375,418.931030273438,413.040008544922,415.40966796875,427.558624267578,418.077239990234,358.034484863281,367.550323486328,382.627593994141,381.59033203125,376.959991455078,371.885498046875,528.595886230469,105.962760925293,280.853790283203,201.521377563477,356.558624267578,120.962760925293,2.50691191591454
98.5676445500145,39.3147684094909,172.099992632866,-5.70629787445068,-12.4663152694702,-81.0488586425781,1023.02233886719,0.402114272117615,-14.9813795089722,15.3834934234619,5.04103946685791,-15.868203163147,6.14580726623535,-18.8039379119873,243.514755249023,76.9073944091797,0.400000005960464,119.775314331055,175.374771118164,2.39492774009705,117.363327026367,2.49161863327026,-0.000798651504516602,0.0342208966612816,0.134124383330345,0.650000035762787,10,2001,3618.44555664062,111.624710083008,149.624710083008,127.278411865234,142.583984375,120.625633239746,146.611129760742,242.278411865234,189.072494506836,191.446853637695,184.099639892578,201.071563720703,179.140365600586,213.032684326172,370.702484130859,254.422470092773,303.723876953125,231.323745727539,337.786224365234,211.318222045898,212.346298217773,208.864242553711,204.334564208984,197.334564208984,210.041656494141,440.770263671875,100.206604003906,233.05290222168,156.899200439453,291.388641357422,101.700881958008,376.924987792969,62.4735260009766,288.914611816406,179.931198120117,351.346313476562,88.3120193481445,70.3064880371094,75.3200607299805,80.3055648803711,77.6392059326172,79.3055648803711,76.9864273071289,79.6527862548828,420.690307617188,398.349792480469,403.731964111328,406.634155273438,417.745544433594,406.424560546875,367.991455078125,389.303924560547,387.390228271484,389.031280517578,384.933471679688,383.54736328125,537.457458496094,111.310173034668,280.599884033203,203.061233520508,356.421112060547,125.30924987793,2.50714040900263
98.5766277028557,39.3147684094909,172.099992632866,-6.14063692092896,-12.1549444198608,-78.7534790039062,1013.06488037109,0.0352329649031162,-15.4049291610718,15.4401617050171,4.55141019821167,-16.1656169891357,5.65928268432617,-19.0637245178223,247.083374023438,77.9104766845703,0.403162449598312,119.984970092773,178.258056640625,2.39146113395691,119.616744995117,2.48829865455627,0.000922908020019531,0.0355918779969215,0.134124383330345,0.449999988079071,10,2001,3653.85278320312,110.203117370605,147.087585449219,126.136756896973,140.459426879883,119.97541809082,144.459426879883,245.970703125,196.579925537109,201.463714599609,193.43913269043,210.038681030273,187.881378173828,226.372100830078,358.863006591797,266.036926269531,295.490478515625,241.992858886719,320.208648681641,203.229064941406,213.181884765625,207.884475708008,205.610961914062,195.63623046875,211.330062866211,423.016387939453,103.007385253906,242.986724853516,159.140106201172,302.917388916016,116.263954162598,389.285186767578,60.4021949768066,296.403137207031,177.554412841797,378.534942626953,96.4472045898438,69.9090576171875,75.2808990478516,78.9508361816406,76.7894973754883,78.1367568969727,76.6281585693359,78.7894973754883,427.460357666016,403.067962646484,408.072021484375,407.639587402344,423.187530517578,410.018798828125,369.310577392578,383.936065673828,384.043518066406,386.749450683594,381.176239013672,378.465209960938,572.8544921875,122.550628662109,294.66845703125,218.980270385742,382.086364746094,130.014770507812,2.50736890209071
98.5945940085381,39.3147684094909,93.299999833107,-7.34558153152466,-11.2953443527222,-71.4351577758789,992.177307128906,-0.791743099689484,-16.6095066070557,15.8177642822266,3.29760217666626,-18.1459522247314,4.3680944442749,-19.8573627471924,262.903259277344,83.4592666625977,0.491561353206635,120.303520202637,189.375961303711,2.5886561870575,126.317085266113,2.6463520526886,0.00134591426849365,0.0352817736566067,0.134124383330345,3.77500009536743,10,2001,3991.24389648438,111.456802368164,142.913604736328,125,138.456802368164,119.543197631836,141.370407104492,250.79052734375,190.308868408203,204.852066040039,193.679290771484,211.420104980469,187.852066040039,233.333724975586,359.011840820312,259.481658935547,289,245.704132080078,320.320709228516,186.691131591797,219.370407104492,199.197631835938,201.913604736328,183.802368164062,208.284027099609,394.285186767578,85.6177444458008,197.876922607422,147.07453918457,291.963317871094,110.18578338623,386.963317871094,67.1976318359375,323.320709228516,182.234329223633,347.815368652344,88.1112365722656,63.8272171020508,74.0863876342773,78.0863876342773,76.0863876342773,77.5431976318359,76.0863876342773,78.0863876342773,432,412.666290283203,405.777526855469,406.061553955078,423.061553955078,413.863922119141,380.765686035156,368.420104980469,395.024841308594,392.024841308594,393.136077880859,377.395263671875,536.346740722656,141.740829467773,295.111236572266,191.827224731445,395.308868408203,133.259170532227,2.50782588826688
98.6035771613793,39.3147684094909,100.599996745586,-6.77782392501831,-11.7192430496216,-75.9102783203125,995.592529296875,-0.487104773521423,-15.9386558532715,15.4515514373779,3.80937790870667,-16.4807605743408,4.90891265869141,-19.398853302002,258.170745849609,81.9503860473633,0.378656178712845,120.33430480957,186.139755249023,2.41798424720764,124.248550415039,2.57669234275818,0.00155741739273071,0.0351267196238041,0.130263864994049,7,10,2001,3947.1123046875,112.186470031738,145.95491027832,126.186470031738,139.581970214844,120.790985107422,143.163925170898,239.186477661133,181.418029785156,196.022537231445,183.813522338867,199.604507446289,179.022537231445,215.858612060547,367.485656738281,250.440582275391,283.858612060547,226.858612060547,327.813537597656,201.118835449219,213.649597167969,197.581970214844,202.186477661133,192.932373046875,207.581970214844,349.067626953125,70.6045074462891,189.163925170898,131.604507446289,267.157806396484,89.4180374145508,366.508209228516,60.0450897216797,304.711120605469,181.299194335938,322.881164550781,83.2090148925781,60.4180335998535,75,79.3954925537109,77,78.3954925537109,77,79.3954925537109,432.790985107422,432.909820556641,423.096282958984,419.909820556641,431.768432617188,428.932373046875,365.485656738281,353.440582275391,379.321746826172,377.903717041016,375.299194335938,363.485656738281,504.581970214844,122.784858703613,284.672149658203,188.022537231445,371.389373779297,126.903701782227,2.50805438135496
98.6125603142205,39.3147684094909,104.900002479553,-6.47789812088013,-11.9523344039917,-78.4834899902344,996.381164550781,-0.303873181343079,-15.5425109863281,15.2386379241943,4.07797765731812,-16.1834278106689,5.19715166091919,-19.1317043304443,254.731735229492,80.7918014526367,0.309970706701279,120.541206359863,184.154434204102,2.28857493400574,123.205406188965,2.48358964920044,0.00176892051696777,0.0349716655910015,0.129826352000237,3.875,10,2001,3833.6669921875,113.701133728027,150.755966186523,127.701133728027,141.601516723633,121.552947998047,147.203018188477,242.683578491211,175.92919921875,193.498107910156,180.812026977539,199.099624633789,173.524444580078,202.10871887207,354.671356201172,233.754104614258,277.295104980469,213.356521606445,324.068603515625,205.498489379883,207.352432250977,194.645385742188,197.258178710938,194.806121826172,205.388809204102,371.478851318359,73.5689086914062,196.920104980469,134.816711425781,260.142456054688,88.1419067382812,359.594879150391,57.4742851257324,265.413452148438,167.713638305664,313.297607421875,82.1992416381836,60.8765487670898,75,79.9003753662109,77,78.9003753662109,77,79.6525726318359,435.039794921875,435.077758789062,432.478424072266,427.033874511719,434.807037353516,430.806121826172,359.362121582031,357.56982421875,372.876190185547,375.460144042969,370.634643554688,363.557250976562,512.301025390625,107.536254882812,272.381256103516,178.559539794922,361.583221435547,118.264991760254,2.50828287444305
98.6215434670617,39.3147684094909,143.999993801117,-5.98888969421387,-12.2607650756836,-82.2500686645508,998.509582519531,-0.0468987040221691,-14.9632720947266,14.9163732528687,4.5201268196106,-15.7067632675171,5.66276264190674,-18.7119255065918,249.052474975586,78.8959503173828,0.309970706701279,120.44002532959,180.168395996094,1.94117677211761,120.675483703613,2.14780068397522,0.0019804235458374,0.0348166115581989,0.129826352000237,0.875,10,2001,3572.61474609375,113.699577331543,151.047058105469,127.79972076416,141.799713134766,121.147193908691,147.799713134766,247.522048950195,170.265151977539,194.201675415039,179.887344360352,200.201675415039,168.970764160156,188.475814819336,347.617248535156,211.924530029297,276.200286865234,199.627639770508,318.825408935547,199.601943969727,206.043807983398,187.349975585938,187.234512329102,186.29084777832,199.307556152344,432.775329589844,79.035270690918,206.591857910156,142.890869140625,279.566436767578,89.3581466674805,366.303955078125,60.5252914428711,251.254470825195,162.476104736328,312.197052001953,81.699577331543,65.5266876220703,74.8998565673828,80,76.8998565673828,78.8998565673828,76.8998565673828,79.2473297119141,436.962219238281,418.611358642578,427.922760009766,420.664764404297,432.892425537109,419.386779785156,363.435821533203,375.344818115234,384.727264404297,391.448211669922,381.369110107422,380.653106689453,525.112487792969,115.960678100586,264.808258056641,170.634628295898,379.220825195312,123.233711242676,2.50851136753113
98.6305266199029,39.3147684094909,143.999993801117,-5.2634425163269,-12.7365980148315,-87.8091201782227,1003.31481933594,0.385907351970673,-14.1245317459106,14.5104389190674,5.18784618377686,-15.0325527191162,6.36183738708496,-18.1295795440674,242.385620117188,76.5489959716797,0.301909923553467,120.457717895508,175.596954345703,1.85645592212677,118.108657836914,2.05850195884705,0.0022343017578125,0.0349553935229778,0.129826352000237,0.850000023841858,10,2001,3613.18481445312,112.18505859375,149.7900390625,126.7900390625,140.7900390625,120.39501953125,146.7900390625,252.02490234375,175.889633178711,200.259765625,190.519515991211,206.259765625,176.099594116211,192.914535522461,351.4697265625,218.989242553711,277.2099609375,201.284652709961,314.580078125,204.494613647461,211.86474609375,194.519515991211,194.939437866211,188.679672241211,205.704574584961,471.28466796875,74.9253005981445,216.86474609375,149.6298828125,296.259765625,90.60498046875,363.92529296875,57.9502029418945,255.889633178711,170.099594116211,320.28466796875,80.18505859375,68,74.39501953125,80,76.39501953125,78.39501953125,76.39501953125,79,434.16015625,399.08544921875,414.08544921875,406.08544921875,424.3203125,407.13525390625,361.34521484375,389.0498046875,391.39501953125,398.580078125,386.7900390625,386.76513671875,534.83984375,128.469711303711,273.7294921875,197.533645629883,383.5302734375,132.259765625,2.50873986061922
98.6395097727441,39.3147684094909,182.099997997284,-5.83108901977539,-12.3115386962891,-83.8154525756836,990.395751953125,0.025371415540576,-14.669939994812,14.6953115463257,4.58285570144653,-15.4366779327393,5.73439311981201,-18.4741630554199,249.005142211914,78.341552734375,0.300167769193649,120.054542541504,179.904373168945,2.24673795700073,121.130470275879,2.4466540813446,0.00251468276977539,0.0352555364370346,0.129826352000237,0.474999994039536,10,2001,3752.44653320312,111,144.426895141602,126,138.628067016602,120,142.341522216797,257.201171875,190.774261474609,210.945022583008,203.201171875,216.030410766602,189.945022583008,233.554382324219,347.396484375,260.523956298828,289.890045166016,244.584777832031,308.426910400391,198.280700683594,211.969589233398,203.085372924805,205.085372924805,189.054977416992,213.085372924805,464.738006591797,106.499404907227,246.694732666016,177.609344482422,320.207000732422,123.468994140625,375.835083007812,65.432746887207,281.749694824219,182.115783691406,348.036254882812,99.1216278076172,69.8292388916016,73.0853805541992,79.0853805541992,75.0853805541992,77.0853805541992,75.0853805541992,78.5426864624023,415.908782958984,384.969604492188,391.738006591797,390.140350341797,405.1953125,391.481872558594,385.810516357422,403.060821533203,405.176605224609,404.774261474609,405.664306640625,395.432739257812,510.104095458984,149.548538208008,283.085388183594,196.561416625977,375.256134033203,134.713455200195,2.5089683537073
98.6664592312677,39.3147684094909,104.800000786781,-6.50658988952637,-11.6591444015503,-79.8651809692383,963.262817382812,-0.466762810945511,-15.0806121826172,14.6138496398926,3.80112957954407,-15.7603216171265,4.92177152633667,-18.6732311248779,259.894317626953,83.4849090576172,0.300000011920929,121.936470031738,189.557464599609,2.12385630607605,126.224830627441,2.37041807174683,0.00335582580566406,0.036018755286932,0.130235567688942,0.850000023841858,10,2001,3748.39965820312,111.333267211914,143.086685180664,124.347679138184,139.029022216797,117.680946350098,140.434371948242,241.938446044922,183.505249023438,197.895980834961,186.63459777832,201.910202026367,181.939422607422,247.625427246094,367.973693847656,282.249114990234,300.522796630859,262.262725830078,332.032135009766,185.407272338867,194.579071044922,189.708999633789,194.941757202148,183.145690917969,198.174118041992,386.168914794922,113.133010864258,254.740142822266,168.278335571289,278.940216064453,150.814147949219,362.504089355469,68.7397537231445,282.900604248047,171.856414794922,322.461608886719,109.07495880127,63.7960662841797,73.3334655761719,79.3190536499023,75.0001983642578,77.3334655761719,74.3334655761719,78.9857788085938,405.971374511719,408.81591796875,400.059600830078,397.059600830078,401.580261230469,405.872192382812,408.621368408203,397.25732421875,410.564697265625,407.998657226562,415.926391601562,395.953674316406,518.492004394531,154.972686767578,281.057220458984,178.272857666016,358.17236328125,123.895561218262,2.50965383297155
98.6754423841089,39.3147684094909,180.399999022484,-5.18987607955933,-12.5004587173462,-89.8756484985352,969.396484375,0.39283350110054,-13.5289525985718,13.9217872619629,4.99318790435791,-14.512110710144,6.18665790557861,-17.5789527893066,244.093032836914,78.3430786132812,0.297801464796066,122.039031982422,178.627349853516,1.60563504695892,119.400382995605,2.00563502311707,0.00358930053710938,0.0363037176430225,0.130235567688942,0.875,10,2001,3492.36450195312,111,147.11457824707,124.519096374512,141.038192749023,117.519096374512,144.633682250977,240.862838745117,184.229156494141,199.305541992188,189.901031494141,202.824645996094,185.862838745117,235.503494262695,359.022583007812,269.946197509766,296.809020996094,246.465301513672,329.098968505859,176.656265258789,185.88542175293,186.55729675293,189.923614501953,175.251739501953,189.289932250977,413.107604980469,92.7934341430664,243.656265258789,158.984390258789,286.862823486328,131.312530517578,357.229156494141,55.6562652587891,245.487884521484,148.869812011719,319.671875,84.7170486450195,66.6718673706055,74,79.4809036254883,76,78,75,79.4809036254883,405.961791992188,398.312530517578,391.137176513672,388.137176513672,398.885406494141,390.388916015625,417.381927490234,416.282958984375,422.305541992188,421.939208984375,426.34375,420.321136474609,503.770843505859,120.083374023438,260.137176513672,161.923614501953,340.289947509766,102.366325378418,2.50988232605964
98.68442553695,39.3147684094909,180.399999022484,-4.10397815704346,-13.1713333129883,-98.56005859375,974.398193359375,1.17591261863708,-12.1936140060425,13.3695259094238,6.01302814483643,-13.4758491516113,7.27384662628174,-16.6475391387939,227.786254882812,73.4770584106445,0.292166382074356,121.873268127441,166.856719970703,1.62489485740662,111.07453918457,2.030348777771,0.00291719436645508,0.0378920063376427,0.130235567688942,0.675000011920929,10,2001,3219.91625976562,110.628517150879,148.514083862305,125,140.514083862305,118,146.514083862305,247.028167724609,190,204.399642944336,197.028167724609,207.285202026367,193.885559082031,226.343322753906,332.512298583984,258.228881835938,293.114440917969,236.714797973633,314.542236328125,182.487701416016,197.116226196289,200.630310058594,201.00178527832,185.345108032227,197.00178527832,427.626739501953,70.9137268066406,223.112655639648,143.771118164062,282.998199462891,108.056327819824,360.771118164062,48.8573989868164,229.286987304688,132.257034301758,318.799285888672,62.3996429443359,69.5140838623047,74.7429580688477,79.3714828491211,76.3714828491211,78.3714828491211,75.7429580688477,79.3714828491211,421.345092773438,388.05810546875,395.001800537109,391.630310058594,410.859191894531,383.544036865234,395.795715332031,414.454193115234,403.996429443359,407.367889404297,404.167175292969,419.454193115234,461.223510742188,99.6003570556641,238.741165161133,168.172546386719,323.855621337891,93.7992858886719,2.51011081914772
98.6934086897912,39.3147684094909,158.000007271767,-3.48848700523376,-13.5063724517822,-103.596527099609,974.401123046875,1.75200462341309,-11.2896404266357,13.0416440963745,6.63458061218262,-12.8640098571777,7.92941236495972,-16.0509204864502,215.318328857422,69.5580902099609,0.253864854574203,121.792541503906,158.084381103516,1.56075263023376,104.947563171387,2.04887938499451,0.00224508800506592,0.0394802950322628,0.130235567688942,0.450000017881393,10,2001,2977.47314453125,111.243339538574,147.615112304688,125.447761535645,139.391235351562,118.671646118164,145.615112304688,240.080947875977,183.507415771484,195.04655456543,186.274948120117,197.537750244141,184.983673095703,227.526428222656,320.221252441406,256.77880859375,293.284912109375,238.402496337891,307.591583251953,197.241455078125,203.081741333008,211.517791748047,214.184921264648,201.502410888672,207.050567626953,399.834442138672,64.4676666259766,196.219314575195,130.668869018555,259.068725585938,92.1469573974609,343.638977050781,49.5893096923828,235.63313293457,124.979156494141,295.83935546875,59.9868965148926,63.01806640625,75.5282669067383,79.8760757446289,76.6521911621094,78.8760757446289,76.7521438598633,79.8760757446289,446.233795166016,409.063385009766,418.259613037109,413.488006591797,432.162353515625,405.00048828125,356.096435546875,387.426574707031,369.570404052734,372.327056884766,366.987457275391,387.948944091797,383.955139160156,97.9832229614258,211.119354248047,164.49739074707,289.016174316406,86.0633316040039,2.5103393122358
98.5676445500145,39.3057852566497,120.999999344349,-6.80819272994995,-11.9020528793335,-74.8257217407227,1025.93859863281,-0.281141251325607,-16.1983509063721,15.9172096252441,4.15871620178223,-18.7868480682373,5.18183135986328,-19.809139251709,253.916320800781,80.8476791381836,0.400000005960464,120.518226623535,183.186798095703,2.31962060928345,121.977165222168,2.35422515869141,-0.00416933479309082,0.0342208966612816,0.134124383330345,0.425000011920929,10,2001,3812.57690429688,110.171440124512,150.138488769531,126.652801513672,140.296966552734,118.648483276367,144.652801513672,231.396606445312,161.743041992188,173.446075439453,166.630462646484,179.768951416016,158.404479980469,182.639846801758,364.812866210938,222.573181152344,284.465667724609,200.978424072266,321.562561035156,205.012954711914,202.360961914062,196.319366455078,196.987869262695,193.481369018555,203.758392333984,354.995391845703,65.8121109008789,204.178970336914,136.026718139648,260.855346679688,81.8866577148438,343.098449707031,63.9592247009277,274.339324951172,169.388793945312,306.210357666016,84.2762069702148,57.6900787353516,75,80.8285598754883,76.8242416381836,79.6528015136719,76.6528015136719,80.8285598754883,420.061614990234,408.483276367188,410.80615234375,407.684936523438,419.446838378906,408.206329345703,374.753997802734,389.15576171875,392.874481201172,395.804229736328,387.071807861328,388.035278320312,547.49755859375,116.976150512695,264.493225097656,203.635192871094,368.678405761719,125.662666320801,2.50771340418238
98.5766277028557,39.3057852566497,134.399995207787,-6.18260335922241,-12.3143939971924,-79.1030883789062,1029.88354492188,0.0800724923610687,-15.4920454025269,15.5721187591553,4.72272825241089,-16.3547763824463,5.77937364578247,-19.3076686859131,247.478424072266,78.0998764038086,0.400000005960464,119.985023498535,178.353485107422,2.14148211479187,119.463768005371,2.24148201942444,-0.00278166027069092,0.0355918779969215,0.134124383330345,0.675000011920929,10,2001,3634.65307617188,110.028106689453,150.066162109375,126.319129943848,138.332748413086,117.722587585449,144.206695556641,224.114334106445,160.236755371094,173.847793579102,168.862289428711,182.012771606445,157.748977661133,182.328414916992,366.496673583984,226.609313964844,287.277404785156,199.619430541992,322.598266601562,206.28369140625,215.17219543457,207.876617431641,205.378005981445,193.122375488281,218.976318359375,392.099700927734,75.1025390625,231.737899780273,151.124206542969,291.424224853516,91.5449371337891,349.138824462891,73.4061126708984,269.648376464844,171.004547119141,328.692687988281,90.1360397338867,57.8776245117188,74.9437866210938,80.9156723022461,76.2910232543945,79.2629165649414,76.2910232543945,80.9156723022461,418.905731201172,393.094390869141,397.540435791016,396.832366943359,414.097045898438,392.315582275391,374.810577392578,391.733428955078,394.582946777344,397.427886962891,392.808685302734,388.679992675781,552.086791992188,128.008987426758,269.727020263672,198.80046081543,385.094024658203,130.820404052734,2.50794194949149
98.5856108556969,39.3057852566497,134.399995207787,-6.50158309936523,-12.0764808654785,-77.4575958251953,1019.35046386719,-0.181456327438354,-15.7811670303345,15.5997104644775,4.33246469497681,-16.5419960021973,5.40101289749146,-19.4388027191162,252.134735107422,78.7670288085938,0.441548943519592,118.99292755127,180.738876342773,2.4422447681427,121.657302856445,2.54154896736145,-0.00258952445983887,0.0354368276894093,0.134124383330345,0.649999976158142,10,2001,3789.28002929688,110.533195495605,145.201232910156,126,138.066390991211,118.599586486816,141.867218017578,231.263519287109,182.460647583008,195.327850341797,190.794662475586,200.595474243164,177.261459350586,217.92333984375,339.674194335938,243.995895385742,286.400421142578,234.39013671875,303.271728515625,193.603698730469,219.800827026367,207.002059936523,207.267623901367,189.267623901367,220.468856811523,427.995880126953,101.927444458008,248.066390991211,166.997940063477,314.798767089844,114.595481872559,369.794647216797,75.8008193969727,286.394256591797,177.331970214844,361.794647216797,105.263519287109,61.7323760986328,73.9336090087891,79.4004135131836,75.4668045043945,77.9336090087891,75.4668045043945,79.4004135131836,423.265563964844,393.064331054688,399.663940429688,398.531127929688,415.265563964844,390.398345947266,383.130737304688,387.134826660156,393.334014892578,393.201232910156,396,388.599578857422,531.541442871094,136.334014892578,272.601654052734,189.736480712891,372.074615478516,128.935668945312,2.50817049480059
98.5945940085381,39.3057852566497,105.800002813339,-7.38523149490356,-11.4511308670044,-72.2065658569336,1003.10424804688,-0.797958970069885,-16.6628475189209,15.8648891448975,3.39876127243042,-17.2013683319092,4.44592189788818,-20.0053024291992,264.047973632812,83.239387512207,0.48818439245224,119.094795227051,188.899169921875,2.53636336326599,125.998764038086,2.58897972106934,-0.00239738864898682,0.0352817736566067,0.134124383330345,0.325000017881393,10,2001,3951.62866210938,111.771087646484,141.385543823242,126.771087646484,139.385543823242,120.771087646484,140,252.024124145508,197.602386474609,210.53010559082,203.602386474609,212.144561767578,191.53010559082,235.807174682617,324.795227050781,252.987930297852,281.915649414062,251.036087036133,289.855438232422,190.253036499023,214.301193237305,201.927719116211,205.542175292969,189.084350585938,214.927719116211,423.493927001953,100.795112609863,225.096298217773,157.036087036133,300.879455566406,113.807174682617,379.903594970703,64.9035873413086,290.192718505859,176.216842651367,367.66259765625,102.891525268555,63.4578247070312,73,78,74.6144561767578,77,75,77.6144561767578,420.831298828125,399.843383789062,405.144561767578,402.530120849609,416.301208496094,399.084350585938,388.530120849609,385.855438232422,393.313262939453,391.313262939453,395.228912353516,385.373474121094,506.698791503906,129.759017944336,272.783142089844,194.807281494141,360.807281494141,126.783149719238,2.5083990401097
98.6305266199029,39.3057852566497,159.400001168251,-6.248375415802,-12.1922559738159,-82.1247406005859,994.420593261719,-0.300579011440277,-15.1603059768677,14.8597269058228,4.26891183853149,-15.910192489624,5.38792276382446,-18.8959674835205,254.738220214844,81.2812271118164,0.356849104166031,120.878425598145,184.429779052734,2.38694310188293,122.714599609375,2.58567810058594,-0.00122901563644409,0.0348830483853817,0.129826352000237,0.675000011920929,10,2001,3700.1865234375,110.447631835938,144.028671264648,126.447631835938,138.447631835938,117.552368164062,140.685775756836,241.295486450195,166.057342529297,180.952590942383,163.40022277832,189.952590942383,157.504959106445,200.542434692383,375.238159179688,234.123474121094,286.562316894531,215.961395263672,330.562316894531,195.790512084961,203.523696899414,190.847854614258,194.057342529297,186.371551513672,196.761856079102,383.372680664062,77.9239273071289,238.562301635742,143.428894042969,299.590972900391,97.1334075927734,380.657104492188,73.5336303710938,300.199554443359,182.133407592773,347.190734863281,96.0286712646484,62.4476280212402,74,79.4476318359375,76.4476318359375,78.4476318359375,76,79.4476318359375,419.79052734375,391.733184814453,401.809265136719,399.361633300781,415.076080322266,403.285552978516,384.971343994141,404.190734863281,407.342895507812,407.028656005859,398.552368164062,399.847869873047,508.02978515625,134.133407592773,269.266815185547,189.790512084961,357.352813720703,128.685775756836,2.50931322134613
98.6395097727441,39.3057852566497,159.400001168251,-5.75943326950073,-12.526309967041,-86.5384826660156,994.858825683594,-0.0134353237226605,-14.4918079376221,14.4783725738525,4.69506168365479,-15.4202690124512,5.85128593444824,-18.4509429931641,250.560577392578,78.9667816162109,0.302901089191437,119.648979187012,180.461624145508,2.3034451007843,120.935638427734,2.50199460983276,-0.000386983227729797,0.0350565761327744,0.129826352000237,0.75,10,2001,3702.474609375,110.652465820312,145.272125244141,126.652465820312,137.452346801758,117.347534179688,141.314727783203,239.406005859375,170.344421386719,188.649642944336,174.002380371094,194.949371337891,164.097091674805,196.754318237305,366.661346435547,234.974334716797,302.842041015625,209.934539794922,335.740936279297,203.810577392578,204.775695800781,208.555541992188,205.845169067383,198.130508422852,197.537857055664,450.542663574219,99.9791030883789,268.043395996094,170.576049804688,335.115997314453,117.769187927246,407.045318603516,86.1696929931641,308.698211669922,189.867889404297,379.914398193359,110.173416137695,62.9524955749512,73.6999664306641,79.6524658203125,76.6524658203125,78.6524658203125,75.6999664306641,79.3524322509766,417.909576416016,382.264831542969,388.887603759766,388.035308837891,407.122314453125,393.912414550781,378.327331542969,412.911956787109,402.556854248047,406.77197265625,394.747161865234,409.154693603516,560.783874511719,139.767669677734,276.034881591797,189.409729003906,384.652954101562,129.914779663086,2.50954176665524
98.6484929255853,39.3057852566497,115.40000140667,-6.45238590240479,-11.9807233810425,-81.6367797851562,980.550659179688,-0.517881333827972,-15.1962175369263,14.6783361434937,3.97017073631287,-15.9285774230957,5.100745677948,-18.875171661377,260.256378173828,82.8783569335938,0.300218820571899,120.312881469727,187.863006591797,2.29857754707336,125.092636108398,2.50021886825562,0.000455049133300781,0.035200010985136,0.129962310194969,0.5,10,2001,3851.8349609375,110.347579956055,140.146408081055,126.042678833008,135.280532836914,118.109771728516,137.713470458984,223.573867797852,165.71369934082,187.237976074219,177.286743164062,189.908828735352,163.000274658203,228.061096191406,348.677093505859,264.621856689453,303.000213623047,243.280532836914,316.000366210938,208.761688232422,212.920455932617,217.048385620117,209.56689453125,204.176422119141,203.310943603516,468.816833496094,129.335098266602,288.737640380859,192.652221679688,361.963439941406,148.249740600586,443.029144287109,83.146240234375,347.077972412109,195.591262817383,406.236785888672,124.926498413086,63.1524505615234,72.8902282714844,79.0426788330078,75.7377777099609,78.0426788330078,74.8902282714844,78.3902587890625,409.554809570312,376.493865966797,385.518188476562,387.390045166016,400.274291992188,387.884033203125,381.683502197266,410.585662841797,397.433441162109,403.238189697266,395.54931640625,408.847717285156,573.367065429688,144.701248168945,294.946472167969,198.21435546875,406.549285888672,138.452056884766,2.50977031196435
98.6574760784265,39.3057852566497,101.800002157688,-6.55693674087524,-11.8702363967896,-81.4728546142578,972.455200195312,-0.593960046768188,-15.1780214309692,14.5840616226196,3.82359528541565,-15.9211988449097,4.93444299697876,-18.855447769165,260.262756347656,84.3495330810547,0.302523016929626,122.442710876465,190.125411987305,2.2589066028595,126.027473449707,2.49391317367554,0.0012970814704895,0.035320557653904,0.130235567688942,0.474999994039536,10,2001,3805.8408203125,110.657264709473,138.009780883789,125.342735290527,135.324310302734,119.294982910156,136.667037963867,233.941970825195,171.173568725586,191.244613647461,184.844360351562,195.178451538086,171.150253295898,259.541717529297,342.991363525391,286.406127929688,309.496734619141,273.87353515625,311.287475585938,194.99560546875,210.318634033203,209.142456054688,205.677169799805,194.214645385742,206.830032348633,470.748413085938,143.439559936523,298.056579589844,201.786041259766,382.57080078125,163.861633300781,425.275299072266,76.1078948974609,334.445434570312,192.691833496094,390.340148925781,125.083450317383,63.6865997314453,71.7001266479492,78.3427352905273,74.037971496582,77.3378448486328,73.6952438354492,78.0048904418945,400.396850585938,371.418670654297,379.75048828125,380.454376220703,391.087188720703,379.131195068359,404.607543945312,418.2578125,411.107055664062,413.873352050781,414.698150634766,413.386383056641,620.580200195312,149.791534423828,356.276916503906,238.36750793457,439.7158203125,174.368988037109,2.50999885727345
98.6664592312677,39.3057852566497,161.300003528595,-6.02301692962646,-12.1644420623779,-85.5900115966797,972.061889648438,-0.273103684186935,-14.5033006668091,14.2301969528198,4.27587461471558,-15.3893327713013,5.42927408218384,-18.3679180145264,256.098419189453,82.9968490600586,0.300000011920929,122.569313049316,187.502670288086,2.01746487617493,124.306976318359,2.34691905975342,0.00213911380767822,0.0354232899844646,0.130235567688942,0.650000035762787,10,2001,3635.26318359375,111,139.01936340332,125,137.01936340332,117.961265563965,138.01936340332,243.432205200195,177,196.529052734375,188.470947265625,201.509689331055,178.509689331055,267.374114990234,346.038726806641,288.393463134766,312.961273193359,276.296630859375,317.05810546875,183,191.728851318359,192.335372924805,192.316009521484,180.92253112793,193.219161987305,436.889923095703,129.180435180664,276.044860839844,183.632019042969,337.973510742188,161.393478393555,394.8837890625,71.4903182983398,297.70947265625,180.845062255859,350.612640380859,117.94189453125,67.05810546875,72.529052734375,78,74.0193710327148,76.4903182983398,74.0193710327148,78.5096817016602,389.8837890625,371.038726806641,373.961273193359,371.94189453125,380.393463134766,372.980621337891,427.1162109375,436.722717285156,433.703369140625,436.251770019531,438.683990478516,433.309875488281,639.70947265625,171.877670288086,339.876678466797,247.632019042969,417.696228027344,171.967391967773,2.51022740258256
98.6754423841089,39.3057852566497,200.200006365776,-5.00482273101807,-12.7920341491699,-93.1596755981445,976.883728027344,0.394382506608963,-13.3567371368408,13.7511196136475,5.19749975204468,-14.4163017272949,6.4081072807312,-17.518497467041,242.967376708984,78.1652984619141,0.300000011920929,121.856475830078,177.564193725586,1.61658048629761,118.285194396973,2.01658058166504,0.0029062629699707,0.0355647392570972,0.130235567688942,0.875,10,2001,3427.79248046875,111,142.53483581543,125,138.724243164062,116.724235534668,140.810592651367,240.724243164062,181.345428466797,199.810592651367,189.172714233398,204.172714233398,182.621185302734,248.687973022461,348.724243164062,272.498565673828,308.465179443359,258.757629394531,321.086364746094,180.827285766602,186.690841674805,186.53483581543,188.06965637207,179.172714233398,188.777206420898,405.637878417969,100.687965393066,253.724243164062,157.3955078125,287.448486328125,141.515258789062,385.740936279297,64.119743347168,267.791015625,159.963729858398,329.189392089844,100.515258789062,70,74.724235534668,79.0863571166992,76.0863571166992,77.4484710693359,75.724235534668,79.724235534668,399.933227539062,389.657470703125,386.846862792969,382.760498046875,392.019561767578,385.398376464844,418.877380371094,423.013824462891,426.618316650391,429.445587158203,428.807708740234,425.824401855469,601.100158691406,160.58203125,274.309143066406,202.203216552734,355.272888183594,126.169830322266,2.51045594789167
98.68442553695,39.3057852566497,146.200001239777,-3.9254937171936,-13.4664011001587,-102.303718566895,982.551696777344,1.10003185272217,-12.0683135986328,13.168345451355,6.1707878112793,-13.39306640625,7.44493293762207,-16.6359405517578,227.678436279297,73.6280136108398,0.300000011920929,121.829902648926,166.562377929688,1.65959215164185,110.284912109375,2.05959224700928,0.00222770099639893,0.0367208644747734,0.130235567688942,0.524999976158142,10,2001,3176.44384765625,111,146.496917724609,124.570854187012,139.519073486328,117.304504394531,143.977844238281,237.871353149414,183.754180908203,199.544692993164,188.982360839844,203.338653564453,184.020523071289,225.519912719727,343.725616455078,252.926895141602,299.353332519531,241.368026733398,319.596466064453,178.87190246582,193.22492980957,186.205474853516,191.916961669922,181.557235717773,197.683685302734,393.331695556641,79.0219192504883,241.644729614258,138.642913818359,277.236663818359,113.387802124023,367.680511474609,53.8866004943848,242.087310791016,140.077713012695,312.718658447266,77.9666900634766,67.6397018432617,75.5190811157227,80.3859024047852,77.3859024047852,79.2527313232422,76.7336502075195,80.5190811157227,424.929748535156,416.092559814453,411.402130126953,406.445373535156,418.101104736328,408.578552246094,395.331512451172,390.549346923828,402.392395019531,401.118560791016,400.341674804688,393.737762451172,526.806213378906,108.316337585449,245.674118041992,158.846893310547,311.686981201172,96.0627746582031,2.51068449320078
98.6934086897912,39.3057852566497,146.200001239777,-3.55341982841492,-13.6342868804932,-105.669013977051,979.263854980469,1.44028007984161,-11.4657697677612,12.9060497283936,6.51130151748657,-12.9912347793579,7.80014991760254,-16.2297954559326,219.138671875,71.1235733032227,0.263353258371353,122.005844116211,160.753463745117,1.59812963008881,106.254661560059,1.99935698509216,0.00154913902282715,0.0378769859671593,0.130235567688942,3.77500009536743,10,2001,3047.37670898438,111.134094238281,148.237380981445,123.494445800781,139.21369934082,116.695579528809,145.956634521484,229.05339050293,176.638549804688,193.716720581055,182.144119262695,195.12043762207,176.705596923828,206.324462890625,332.542633056641,237.390060424805,286.439117431641,221.008926391602,315.008819580078,182.272415161133,183.969802856445,179.394302368164,187.753204345703,182.049041748047,191.316131591797,365.306823730469,64.0297164916992,211.795837402344,117.137588500977,250.410354614258,89.9238891601562,336.027770996094,49.7751846313477,226.163803100586,131.983444213867,278.913116455078,67.4904556274414,61.8200035095215,75.2136993408203,80.2807464599609,77.2136993408203,79.2136993408203,76.9329528808594,80.2807464599609,435.540100097656,428.649078369141,425.007965087891,420.62939453125,428.637969970703,422.830505371094,381.254516601562,387.381134033203,395.597717285156,391.336669921875,389.31298828125,385.853332519531,423.097076416016,75.1880798339844,204.958190917969,135.061965942383,275.959533691406,79.9863433837891,2.51091303850989
96.1781258942566,39.2698526452849,60.1000003516674,-8.32800483703613,-11.7869939804077,-73.6687088012695,1027.50085449219,-0.844309389591217,-16.8443088531494,16,3.04534006118774,-18.8040027618408,4.01200675964355,-21.0531558990479,183.08283996582,63.4053649902344,0.899999976158142,128.787399291992,127.371116638184,3.41692757606506,84.4015502929688,4.43718338012695,-0.0179304061889648,0.0213352926075459,0.0932976901531219,0.200000002980232,10,2001,4252.40625,117.474311828613,151.237152099609,130.335662841797,140.237152099609,122.237159729004,149.138641357422,253.894485473633,234.488327026367,254.514450073242,251.277282714844,255.183013916016,234.539703369141,301.139831542969,376.674255371094,339.626251220703,353.175994873047,308.797149658203,364.067687988281,254.705795288086,291.583465576172,276.633392333984,299.282836914062,281.647399902344,294.601715087891,295.873931884766,72.0061416625977,168.15966796875,116.119537353516,232.733947753906,88.0575180053711,268.352600097656,69.6685638427734,204.993576049805,155.076629638672,259.438415527344,102.095733642578,47.7418174743652,74.4743118286133,77.3356704711914,76.2371597290039,79.2371597290039,76.2371597290039,78,444.742095947266,412.850402832031,425.946136474609,405.183288574219,424.563323974609,411.70751953125,300.216461181641,295.566131591797,297.420471191406,295.632385253906,292.887786865234,293.026428222656,345.666046142578,196.074432373047,301.275787353516,342.658721923828,245.46174621582,197.409515380859,2.44915932746197
98.3250994233022,39.2698526452849,70.2999979257584,-6.13840293884277,-11.4523153305054,-82.4443359375,941.483520507812,-0.097750335931778,-14.0058116912842,13.9080610275269,4.02078914642334,-15.2572565078735,5.19068670272827,-17.9562072753906,245.550262451172,78.5239791870117,0.400000005960464,122.412895202637,177.848876953125,2.38089799880981,118.611602783203,2.5,-0.0171631591796875,0.0223187636584044,0.0921223610639572,0.200000002980232,10,2001,4000.220703125,111.654022216797,145.259170532227,124.086799621582,135.345977783203,116.913200378418,142.691955566406,248.79069519043,169.112335205078,191.603713989258,185.826187133789,207.394622802734,167.025543212891,194.799652099609,313.481658935547,209.357147216797,235.260391235352,206.615112304688,256.247009277344,214.270355224609,227.837356567383,234.679794311523,222.555068969727,221.716491699219,218.306838989258,423.024322509766,146.446151733398,304.8837890625,212.189407348633,397.075622558594,142.870407104492,442.28857421875,77.3177871704102,340.251861572266,169.964508056641,406.331146240234,110.113548278809,41.0391387939453,71.6051559448242,78.2591781616211,73.3459777832031,77.3459777832031,73.2591781616211,78,478.130584716797,469.887451171875,452.994934082031,460.859252929688,462.353057861328,469.501098632812,307.339874267578,302.929229736328,311.671264648438,316.239715576172,315.930450439453,312.192047119141,554.658325195312,167.942184448242,371.219787597656,207.551406860352,396.786499023438,160.155334472656,2.50383163673796
98.3340825761434,39.2698526452849,85.0000008940697,-6.05971670150757,-11.3038959503174,-79.6487579345703,942.346313476562,0.14780493080616,-14.0701389312744,14.2179441452026,4.12323522567749,-15.1719245910645,5.29847621917725,-17.8941097259521,244.522903442383,78.3711624145508,0.400000005960464,122.539497375488,177.199996948242,2.26114678382874,118.065399169922,2.43909859657288,-0.0168912933349609,0.022775562480092,0.0921223610639572,0.25,10,2001,3814.01049804688,111.346015930176,145.765487670898,124.446022033691,135.876998901367,117.111503601074,143.419479370117,234.481353759766,159.845062255859,179.709655761719,172.078674316406,192.993713378906,157.956573486328,202.57878112793,315.145172119141,220.759368896484,235.669036865234,217.617752075195,262.465545654297,222.191162109375,225.072540283203,236.770782470703,224.477874755859,226.055755615234,218.569030761719,409.258239746094,138.069808959961,294.219360351562,202.4423828125,380.65380859375,136.008758544922,447.131042480469,75.0876007080078,337.716766357422,165.611465454102,394.552154541016,103.536277770996,43.8726119995117,72.6424865722656,78.6539840698242,73.8769989013672,77.7654876708984,73.7654876708984,78,466.178680419922,463.337982177734,442.586639404297,451.214080810547,449.328247070312,462.137969970703,310.864685058594,311.823974609375,320.519561767578,323.654052734375,324.616027832031,319.292999267578,590.914367675781,150.603439331055,359.038055419922,205.13623046875,423.739105224609,159.655715942383,2.50406039117008
98.3430657289846,39.2698526452849,86.0999971628189,-5.9799108505249,-11.1766529083252,-77.3917694091797,944.025573730469,0.350122839212418,-14.1160221099854,14.4661445617676,4.23982334136963,-15.1011734008789,5.41180610656738,-17.8397579193115,241.946868896484,77.3144989013672,0.385190486907959,122.732978820801,175.771072387695,2.11235952377319,117.59349822998,2.29031133651733,-0.0166194274902344,0.023249913007021,0.0921223610639572,0.325000017881393,10,2001,3714.92211914062,111.617797851562,146,126.471176147461,136.617797851562,117.617797851562,143.382202148438,229.471176147461,148.73307800293,167.968673706055,158.115280151367,180.586456298828,147.350875854492,203.293228149414,326.827087402344,232.031326293945,238.706771850586,221.764404296875,274.973693847656,217.261901855469,222.146621704102,229.261901855469,220.822052001953,220.497482299805,219.853378295898,374.078918457031,115.67041015625,273.1416015625,182.377182006836,345.314514160156,115.288208007812,458.120300292969,75.4711761474609,323.466156005859,157.350875854492,387.293243408203,107.884719848633,54.973690032959,73.6177978515625,78.3822021484375,74.6177978515625,78,74,78,453.968658447266,451.879699707031,431.586456298828,437.879699707031,438.439849853516,447.172912597656,327.769439697266,325.973693847656,339.769439697266,340.916046142578,341.062652587891,332.973693847656,619.209289550781,142.235595703125,371.476196289062,190.848358154297,445.355895996094,147.083953857422,2.5042891456022
98.3520488818258,39.2698526452849,86.0999971628189,-5.41991472244263,-11.5067110061646,-80.3594207763672,950.900146484375,0.783202886581421,-13.5562887191772,14.3394918441772,4.7803840637207,-14.6328229904175,5.98213577270508,-17.4487648010254,234.06233215332,74.9750823974609,0.361024171113968,123.138366699219,170.73454284668,1.8970673084259,114.326141357422,2.12962627410889,-0.0163475601196289,0.0237428452819586,0.0963126793503761,0.275000005960464,10,2001,3436.21704101562,111.059761047363,146,127.059761047363,137,117.529876708984,143.940246582031,218.776885986328,141.589645385742,161.119522094727,150.589645385742,170.828689575195,140.119522094727,204.290832519531,327.067718505859,230.418319702148,242.880477905273,214.888442993164,280.179290771484,202.478088378906,213.007965087891,204.605575561523,203.836654663086,200.836654663086,209.717132568359,331.195220947266,92.0079650878906,235.964141845703,154.896408081055,297.083648681641,91.5378494262695,404.824676513672,65.2470092773438,286.613555908203,139.776885986328,353.501983642578,99.4262924194336,61.5896415710449,74,78.4701232910156,75,78.4701232910156,74.4701232910156,78.4701232910156,432.07568359375,418.673309326172,414.776885986328,416.426300048828,419.486053466797,418.254974365234,364.446228027344,368.318725585938,380.677307128906,379.737060546875,379.677307128906,372.027893066406,570.17529296875,139.709167480469,378.478088378906,174.298797607422,404.577667236328,128.478088378906,2.50451790003431
98.361032034667,39.2698526452849,79.9999982118607,-4.65538883209229,-12.0804376602173,-85.9150848388672,960.772277832031,1.29509305953979,-12.7736501693726,14.0687437057495,5.50734329223633,-13.9868154525757,6.74797105789185,-16.9249172210693,222.946838378906,71.9526138305664,0.329603880643845,123.472351074219,163.208877563477,1.62960386276245,109.045234680176,1.92960393428802,-0.0160756942749023,0.024255471304059,0.0978776514530182,0.275000005960464,10,2001,3230.39794921875,112.627067565918,146,126.369827270508,136.677536010742,118.958465576172,144.95263671875,199.488891601562,138.781188964844,155.547622680664,146.168869018555,161.713394165039,135.837478637695,208.156692504883,317.127471923828,228.813415527344,254.256713867188,213.789733886719,282.946441650391,187.284698486328,200.855484008789,182.006637573242,185.148574829102,182.471038818359,189.184295654297,292.244354248047,72.4388122558594,193.424865722656,127.134346008301,247.037719726562,77.2668380737305,321.973205566406,50.6572418212891,238.641098022461,126.938171386719,291.532287597656,79.2196197509766,52.0094528198242,74.3224639892578,79.2987823486328,75.6449279785156,79.2987823486328,75.2987823486328,79.2987823486328,420.301788330078,403.547149658203,413.869323730469,411.697875976562,413.422760009766,411.505462646484,392.058441162109,395.919830322266,403.493865966797,403.153564453125,404.106201171875,399.310241699219,505.977966308594,113.91577911377,305.563720703125,156.660736083984,342.442779541016,111.672378540039,2.50474665446643
96.2050753527802,39.2608694924437,57.7999986708164,-8.54958820343018,-11.7452754974365,-72.2583541870117,1036.55541992188,-0.967685699462891,-17.2243900299072,16.2567043304443,2.93984508514404,-19.2402973175049,3.87061738967896,-21.3706645965576,186.321960449219,64.3092193603516,0.899999976158142,128.390228271484,129.297424316406,3.59812426567078,85.4834899902344,4.67223310470581,-0.0175975967407227,0.0214434526860714,0.0963112190365791,0.25,10,2001,4227.123046875,116.789840698242,153.06282043457,130.118286132812,141.398590087891,122.062812805176,150.398590087891,292.745758056641,260.410614013672,280.867004394531,269.550598144531,277.683258056641,256.620758056641,258.239227294922,352.596374511719,302.490783691406,318.645477294922,265.754058837891,340.205444335938,281.825927734375,290.432006835938,285.340148925781,308.200134277344,299.516540527344,292.118286132812,299.506134033203,75.4259643554688,160.377532958984,115.563293457031,228.899078369141,93.4403305053711,270.722686767578,61.0968894958496,204.500152587891,139.103912353516,249.749069213867,89.1450042724609,40.128288269043,74.3985977172852,78,75.3985977172852,79,75.3985977172852,78,399.690948486328,405.577362060547,398.154693603516,379.205474853516,388.384246826172,402.127990722656,318.756072998047,302.990631103516,316.505157470703,311.930145263672,312.099212646484,305.816558837891,323.518188476562,208.753753662109,263.647827148438,263.931549072266,230.490814208984,196.725341796875,2.45040613202151
96.2679574226685,39.2608694924437,66.7999982833862,-8.8646297454834,-11.6166162490845,-67.9416046142578,1060.79284667969,-0.845174252986908,-17.9446277618408,17.0994529724121,2.87986969947815,-19.9418659210205,3.79367780685425,-22.0261421203613,189.826675415039,64.5006408691406,0.899999976158142,127.745254516602,131.311813354492,3.60279393196106,86.165283203125,4.40279388427734,-0.0175125549316406,0.0218391884118319,0.0962007269263268,0.350000023841858,10,2001,4271.72412109375,116,152.448150634766,130,141.448150634766,122,149.448150634766,239.137008666992,226.655563354492,231.448150634766,226.896286010742,237.137008666992,218.207427978516,256.892486572266,339.829681396484,277.792572021484,300.485260009766,261.548034667969,320.174133300781,254.551849365234,262.551849365234,268.75927734375,292.103698730469,275.311126708984,282.103698730469,293.622283935547,65.6555709838867,149.862991333008,95.75927734375,223.966705322266,84.6555709838867,299.348236083984,69.4481430053711,211.622268676758,141.655563354492,263.485260009766,94.4481430053711,43.0371131896973,75.5518569946289,77.4481430053711,77,78.4481430053711,77,77.4481430053711,421.448150634766,402.688873291016,412.344421386719,393.344421386719,410.344421386719,402.688873291016,323.448150634766,334.75927734375,318.896301269531,315,313.896301269531,315.207427978516,338.062774658203,146.451965332031,214.037109375,211.659378051758,255.236907958984,149.074234008789,2.45200777943027
96.2769405755097,39.2608694924437,71.2999999523163,-8.94225788116455,-11.5408973693848,-67.2335815429688,1063.583984375,-0.893546760082245,-18.061315536499,17.1677684783936,2.83337306976318,-20.0504913330078,3.7528920173645,-22.1442184448242,190.526184082031,65.1431579589844,0.899999976158142,128.5732421875,132.367965698242,3.45264959335327,86.9113998413086,4.30000019073486,-0.0175607482910156,0.0218844003975391,0.0962007269263268,0.350000023841858,10,2001,4283.21923828125,116,152,130,141.401992797852,122,149.401992797852,237.608001708984,230.813995361328,235.421997070312,232.833984375,236.009994506836,224.019989013672,239.78401184082,337.754028320312,276.803985595703,306.588012695312,248.195999145508,319.166015625,256.205993652344,256.970001220703,271.402008056641,286.970001220703,278.803985595703,274.558013916016,298.597991943359,67.8040008544922,151.794006347656,98,228.804000854492,86.8040008544922,308.989990234375,69,217,141.794006347656,274.813995361328,94,54.0099945068359,75.5979995727539,77,76.5979995727539,78,77,77,425.824005126953,402.411987304688,415.019989013672,398.833984375,411.411987304688,407.638000488281,317.372009277344,340.617980957031,313.578002929688,314.196014404297,309.382019042969,317.803985595703,312.980010986328,168.647979736328,234.255981445312,254.139953613281,241.205993652344,175.441986083984,2.45223658620295
96.2859237283509,39.2608694924437,63.7999996542931,-8.62069416046143,-11.7328062057495,-68.8892822265625,1066.48022460938,-0.736437082290649,-17.7728729248047,17.0364360809326,3.13275814056396,-19.7560958862305,4.06450891494751,-21.9159469604492,185.32649230957,63.4888534545898,0.899999976158142,127.572647094727,128.240295410156,3.39144325256348,84.9031448364258,4.30000019073486,-0.0175400482177734,0.0218540523201227,0.0962007269263268,0.350000023841858,10,2001,4199.1220703125,116.504325866699,152.252166748047,130,142.168151855469,122.252159118652,150.168151855469,240.420425415039,233.403259277344,244.101791381836,242.832580566406,241.1015625,228.655532836914,236.680755615234,320.636901855469,274.806030273438,296.191375732422,248.680999755859,305.637145996094,263.043365478516,250.268859863281,272.420318603516,280.268859863281,282.353607177734,264.268615722656,295.562377929688,70.5971069335938,149.747711181641,100.269462585449,227.310348510742,89.5971069335938,297.342224121094,67.23486328125,209.182968139648,138.991226196289,269.334045410156,93.7478408813477,54.3104667663574,75.0840148925781,77,75.8318481445312,78.2521591186523,76.7478408813477,77,431.2353515625,407.261047363281,420.664184570312,407.57177734375,414.495910644531,418.66455078125,305.889434814453,342.470092773438,306.915496826172,312.159362792969,302.738830566406,317.066833496094,298.510131835938,168.879867553711,240.830581665039,271.206848144531,240.982818603516,174.888397216797,2.45246539297563
96.2949068811921,39.2608694924437,66.100001335144,-8.47896099090576,-11.8212671279907,-69.8084411621094,1064.24523925781,-0.694274604320526,-17.6314392089844,16.9371643066406,3.21383857727051,-19.5511264801025,4.1715145111084,-21.7818489074707,185.485092163086,63.5169067382812,0.899999976158142,127.730003356934,128.450393676758,3.39144325256348,84.9568405151367,4.30000019073486,-0.0175193481445313,0.0218237061053514,0.0962007269263268,0.300000011920929,10,2001,4195.55078125,118.043975830078,152.868469238281,130.102340698242,142.868469238281,123.073165893555,150.766128540039,243.424179077148,231.423767089844,249.863006591797,245.602478027344,246.456558227539,228.160705566406,241.032516479492,306.580871582031,270.239318847656,283.033966064453,253.131942749023,293.931884765625,272.758148193359,250.245742797852,272.406463623047,280.757476806641,286.740142822266,263.122863769531,292.59033203125,74.0558395385742,151.947494506836,105.81623840332,227.558364868164,92.6464614868164,276.986633300781,64.3535385131836,193.250106811523,136.067031860352,250.805404663086,93.3362197875977,49.6954879760742,75.1023483276367,77,75.4385681152344,78.7661285400391,76.3362197875977,77,430.906311035156,412.795715332031,422.839294433594,409.716430664062,415.307037353516,424.468170166016,296.89697265625,336.958557128906,304.651916503906,309.526123046875,298.382720947266,312.408966064453,285.817535400391,154.618316650391,230.83219909668,242.122680664062,244.187240600586,159.358047485352,2.45269419974831
97.5166156675947,39.2608694924437,63.1000027060509,-7.03589677810669,-13.7928524017334,-122.252418518066,958.74658203125,-2.56476855278015,-13.8505477905273,11.2857789993286,3.42292761802673,-16.1386165618896,4.60691022872925,-19.1215991973877,217.66682434082,69.5770568847656,0.529537081718445,123.504829406738,155.488616943359,2.6295371055603,101.180381774902,4.72953701019287,-0.0156647705078125,0.022628964856267,0.0877977311611176,0.300000011920929,10,2001,4089.92456054688,116.69605255127,144.696044921875,128.038162231445,138.038162231445,122.392105102539,142.392105102539,247.101303100586,195.936813354492,223.644683837891,216.518371582031,233.089477539062,208.581497192383,234.806381225586,315.890716552734,270.276062011719,294.266937255859,244.524719238281,295.8525390625,215.716903686523,241.515625,232.680114746094,232.158996582031,237.793243408203,224.944534301758,291.701416015625,62.1881370544434,178.95783996582,147.110443115234,245.399871826172,94.5407028198242,273.908081054688,72.7774658203125,194.519744873047,111.68285369873,222.96989440918,77.8091735839844,32.6197204589844,73.7342147827148,77.0381622314453,76.0763320922852,77.0381622314453,75.3802795410156,77.0381622314453,397.310699462891,380.459289550781,378.980407714844,380.789581298828,383.486999511719,375.131683349609,387.010559082031,378.025085449219,388.035522460938,386.78564453125,378.681579589844,400.581665039062,397.989379882812,111.960571289062,233.706451416016,206.409408569336,271.600189208984,144.389526367188,2.48381192083286
97.5255988204359,39.2608694924437,63.400000333786,-7.15632390975952,-13.6620759963989,-120.262588500977,956.180236816406,-2.59999990463257,-13.9628353118896,11.3628358840942,3.28992319107056,-16.2353630065918,4.47592878341675,-19.1845264434814,218.851531982422,69.9215240478516,0.600000023841858,123.549621582031,156.453674316406,2.70000004768372,102.032150268555,4.66425561904907,-0.0155086441040039,0.0218979921191931,0.0877977311611176,0.275000005960464,10,2001,4112.6083984375,116.031219482422,144.342163085938,128,137.844528198242,121.217910766602,141.528839111328,247.854034423828,198.449447631836,223.88525390625,219.1025390625,234.516632080078,211.80110168457,241.795715332031,340.457824707031,286.160369873047,315.920104980469,249.693176269531,320.457824707031,217.858795166016,240.598724365234,232.335342407227,230.082092285156,238.304122924805,225.961959838867,301.225494384766,57.213794708252,167.992401123047,142.560699462891,238.805084228516,87.3794021606445,287.351806640625,62.7649879455566,196.755630493164,111.107925415039,233.471939086914,78.1554641723633,32.1866874694824,73.342155456543,77.1554641723633,76.1554641723633,77.1554641723633,75.9687805175781,77.1554641723633,406.883361816406,386.84326171875,386.630096435547,389.096496582031,389.848022460938,383.443420410156,375.257873535156,372.402557373047,380.376708984375,380.319030761719,371.847869873047,390.781311035156,412.734680175781,103.09700012207,233.220596313477,200.369262695312,275.357849121094,127.160720825195,2.48404072760554
98.3071331176199,39.2608694924437,92.5000011920929,-5.07285261154175,-12.6200199127197,-93.7166366577148,969.888549804688,0.362849175930023,-13.1033535003662,13.4662027359009,5.11589813232422,-14.5228404998779,6.31271553039551,-17.4646301269531,228.807479858398,72.9186096191406,0.400000005960464,122.31559753418,165.977294921875,2.28619885444641,111.317138671875,2.47543096542358,-0.0175719299316406,0.0223452392965555,0.0921223610639572,0.5,10,2001,3657.41552734375,110.394020080566,147.423904418945,127,140.211959838867,117,144.423904418945,249.271728515625,160.301620483398,181.483688354492,169.665756225586,187.877716064453,158.271728515625,179.58154296875,286.668487548828,204.972839355469,214.698379516602,195.277191162109,246.728271484375,220.907608032227,231.331512451172,231.695648193359,228.877716064453,222.119552612305,218.695648193359,388.116821289062,82.3940200805664,254.877716064453,160.421188354492,299.394012451172,101.27173614502,407.722808837891,64.3315124511719,310.994537353516,163.271728515625,360.483703613281,89.9402236938477,62.9701118469238,74,79,75,77.6059799194336,75,79,442.9375,426.057067871094,413.695648193359,413.179351806641,427.725524902344,422.027160644531,336.154907226562,343.005462646484,355.002716064453,357.336975097656,350.154907226562,358.671203613281,479.461975097656,114.668487548828,294.372314453125,210.456527709961,350.638580322266,145.095123291016,2.50394691682874
98.316116270461,39.2608694924437,85.6000036001205,-5.13837051391602,-12.4316215515137,-90.4685440063477,968.6572265625,0.439412742853165,-13.3037061691284,13.7431192398071,5.06641387939453,-14.5514993667603,6.25584745407104,-17.5144634246826,229.961120605469,73.3681488037109,0.39188015460968,122.336311340332,166.74333190918,2.07182884216309,111.628524780273,2.26327204704285,-0.0172504898071289,0.0223452392965555,0.0921223610639572,0.300000011920929,10,2001,3678.15112304688,110.900466918945,145.890884399414,127.246383666992,139.199066162109,117,143.383651733398,243.194351196289,151.445617675781,175.132568359375,163.355667114258,182.279418945312,151.947967529297,205.670364379883,302.491638183594,218.551055908203,224.047149658203,214.741134643555,258.965240478516,212.777069091797,222.160720825195,223.592468261719,222.293884277344,212.976119995117,212.317153930664,363.985290527344,85.6106872558594,246.815582275391,144.392807006836,307.538360595703,94.4552001953125,376.186065673828,54.175178527832,277.076171875,152.266677856445,350.683197021484,90.077033996582,65.9951171875,74,79,75,77.0995330810547,75,79,437.695159912109,416.106170654297,412.737579345703,407.102081298828,423.988861083984,413.622985839844,349.527801513672,362.140808105469,364.324035644531,370.504516601562,362.788635253906,373.960327148438,507.549133300781,119.897148132324,327.099578857422,214.727020263672,358.645874023438,163.532501220703,2.50417572360142
98.3250994233022,39.2608694924437,81.1000019311905,-4.68043518066406,-12.6296787261963,-91.9827499389648,973.586059570312,0.848750233650208,-12.8804998397827,13.7292499542236,5.48943185806274,-14.1700468063354,6.71220064163208,-17.1804370880127,222.035919189453,70.0894165039062,0.354278385639191,121.963729858398,161.20133972168,2.00762510299683,108.865531921387,2.225670337677,-0.0169316345214844,0.0223491638898849,0.0921223610639572,0.325000017881393,10,2001,3606.53149414062,111.098762512207,146.604385375977,127.752807617188,139,117,145.110000610352,239.530899047852,147.271911621094,173.974487304688,159.753936767578,181.431015014648,148.370666503906,194.874725341797,316.970001220703,213.055740356445,230.517639160156,205.194046020508,274.597961425781,210.443359375,222.343475341797,219.92594909668,218.827194213867,210.838424682617,213.380783081055,359.935272216797,88.3179702758789,239.223922729492,145.293258666992,318.300109863281,90.8526992797852,362.004730224609,53.0235939025879,268.407989501953,139.561126708984,341.052459716797,80.3512420654297,66.5179748535156,74,79.098762512207,75.098762512207,77.1975250244141,75,79,445.807647705078,430.702789306641,422.572235107422,419.397186279297,432.918182373047,428.271789550781,343.748992919922,346.546875,357.748992919922,361.775634765625,355.589324951172,358.347442626953,475.908660888672,111.018997192383,293.344055175781,197.848434448242,345.240997314453,150.551574707031,2.5044045303741
98.3340825761434,39.2608694924437,86.1999988555908,-4.74443101882935,-12.4494657516479,-89.4152526855469,971.29345703125,0.908588051795959,-13.0165977478027,13.9251861572266,5.42798709869385,-14.1972455978394,6.6380443572998,-17.2106513977051,221.7685546875,70.3398818969727,0.354278385639191,122.274368286133,161.356262207031,1.84085786342621,108.793479919434,2.14085793495178,-0.0168437576293945,0.0227229036390781,0.0921223610639572,0.350000023841858,10,2001,3477.91015625,111.605163574219,147.605163574219,128,139,117,146.605163574219,226.870849609375,136.896682739258,168.132843017578,153.948333740234,174.317337036133,138.501846313477,193.077499389648,335.339477539062,219.523986816406,247.970489501953,203.867156982422,289.893005371094,198.265686035156,215.712173461914,209.29150390625,207.686340332031,200.686340332031,210.553497314453,340.372680664062,75.8450164794922,221.029510498047,142.948333740234,300.136535644531,85.5535049438477,356.789672851562,48.9483375549316,262.343170166016,127.527671813965,324.660522460938,72.3690032958984,61.9483375549316,74,79.6051635742188,75.6051635742188,78.210334777832,75,79,438.055358886719,414.715850830078,413.029510498047,410.819183349609,423.634674072266,419.398529052734,363.678985595703,369.177124023438,377.678985595703,381.494476318359,375.284149169922,370.047973632812,434.557189941406,110.656829833984,261.686340332031,174.239852905273,316.767517089844,128.450180053711,2.50463333714678
98.3430657289846,39.2608694924437,77.7999982237816,-4.79928493499756,-12.2736196517944,-86.9372634887695,970.396606445312,0.977084398269653,-13.1402883529663,14.1173725128174,5.38762998580933,-14.2331886291504,6.5897798538208,-17.2466640472412,221.314300537109,70.0690460205078,0.333654403686523,122.629287719727,161.687164306641,1.6336544752121,109.323402404785,1.93365442752838,-0.0167558792114258,0.0231389123946428,0.0921223610639572,0.225000008940697,10,2001,3347.43115234375,112,147.542449951172,127.542457580566,139,116.542457580566,146.542449951172,207.3916015625,123.051940917969,153.849151611328,143.136856079102,158.849151611328,125.96703338623,208.6083984375,351.490509033203,235.863143920898,269.693298339844,220.438568115234,306.6083984375,186.627365112305,202.59440612793,187.273712158203,189.3916015625,182.3916015625,201.509490966797,321.169830322266,74.9810256958008,216.693313598633,138.084915161133,274.509490966797,88.4056015014648,353.712280273438,45,258.915100097656,117.882118225098,314.915100097656,75.9480590820312,52.5094871520996,74,79.5424575805664,75.5424575805664,79,75,79,412.816162109375,392.542449951172,395.882110595703,388.764221191406,401.849151611328,395.306701660156,401.014007568359,404.405609130859,416.386627197266,422.301696777344,415.759246826172,402.726287841797,409.136871337891,120.490516662598,243.849151611328,158.79719543457,300.830169677734,111.96703338623,2.50486214391946
98.3520488818258,39.2608694924437,77.2000029683113,-4.65431356430054,-12.3000364303589,-86.629753112793,972.626953125,1.13772928714752,-13.0655345916748,14.2032642364502,5.53177785873413,-14.1101665496826,6.73964214324951,-17.1579780578613,219.171661376953,69.4350662231445,0.300000011920929,122.853340148926,160.45491027832,1.60000002384186,108.606246948242,1.90000009536743,-0.0166680023193359,0.023604791611433,0.0963126793503761,0.275000005960464,10,2001,3265.34326171875,114.169570922852,147.036148071289,127.346084594727,138.380126953125,118.205711364746,146.036148071289,190.560256958008,120.18913269043,143.412948608398,136.471984863281,147.483123779297,123.187034606934,211.802444458008,341.449462890625,237.878952026367,271.874725341797,228.447311401367,307.322937011719,186.03825378418,193.336456298828,179.522842407227,184.337921142578,176.718048095703,192.334350585938,300.548278808594,77.2145080566406,204.927505493164,130.873519897461,243.638656616211,85.2660140991211,326.385650634766,42.2105560302734,237.922088623047,106.506652832031,288.033264160156,74.7816619873047,42.4045295715332,74.619873046875,79.3460845947266,75.6560211181641,79,75.619873046875,79,413.857147216797,408.152954101562,408.681854248047,400.106536865234,410.009246826172,405.522796630859,400.758514404297,397.856689453125,411.141387939453,416.519409179688,413.272705078125,401.488922119141,478.716827392578,109.519653320312,225.354553222656,145.954849243164,325.790863037109,100.19881439209,2.50509095069214
98.361032034667,39.2608694924437,77.2000029683113,-4.49886417388916,-12.3967933654785,-87.5111541748047,974.599792480469,1.2538036108017,-12.9219551086426,14.1757593154907,5.68037605285645,-13.9734621047974,6.88492345809937,-17.0543594360352,216.881866455078,69.3043441772461,0.300000011920929,123.380714416504,159.242660522461,1.60000002384186,107.347816467285,1.90000009536743,-0.0165801254272461,0.0241300798952579,0.0978776514530182,0.400000005960464,10,2001,3261.86889648438,117.875953674316,147.162353515625,128.140930175781,138.016952514648,121.713600158691,146,180.162490844727,126.931213378906,142.508483886719,137.773391723633,145.384506225586,127.670761108398,204.794067382812,317.991424560547,232.392608642578,263.819946289062,226.140121459961,293.179534912109,187.611038208008,189.286407470703,188.154174804688,190.419158935547,182.760818481445,186.350662231445,278.631042480469,64.6407012939453,168.89436340332,118.077781677246,204.81233215332,71.6621246337891,286.351165771484,40.0892448425293,201.723098754883,102.51123046875,242.701812744141,65.1919479370117,35.2266807556152,75.470100402832,79.8162307739258,76.632453918457,79.162353515625,76.632453918457,79.162353515625,437.965728759766,434.119171142578,435.085235595703,430.435760498047,437.046875,436.264495849609,374.606994628906,376.410675048828,376.576812744141,379.982727050781,380.354644775391,377.038726806641,568.847778320312,82.4321517944336,223.138336181641,132.299041748047,356.744415283203,87.0777816772461,2.50531975746482
96.2949068811921,39.2518863396025,68.0999979376793,-8.97943878173828,-11.5369710922241,-67.2076873779297,1063.94287109375,-0.99200850725174,-18.1595191955566,17.1675090789795,2.80247712135315,-20.1089115142822,3.7156970500946,-22.1992950439453,192.537963867188,65.9865493774414,0.899999976158142,128.251541137695,133.414489746094,3.5,88.0874328613281,4.30000019073486,-0.0179001327514648,0.0218237061053514,0.0962007269263268,0.350000023841858,10,2001,4282.93115234375,113,151.588348388672,130.588348388672,142.176712036133,121,149.588348388672,258.943817138672,239.355453491211,247.708862304688,248.708862304688,255.355453491211,233.297225952148,256.176696777344,333.879486083984,290.293151855469,289.467834472656,258.176696777344,317.819244384766,240.11848449707,249.528091430664,251,268.469879150391,264.176696777344,252.411651611328,287.060241699219,73.8232879638672,150,102.234939575195,220.883544921875,88.0582275390625,270.646575927734,63.234935760498,200.997970581055,132.941772460938,242.823287963867,87.2349395751953,50.9417724609375,75.4116439819336,78,77.4116439819336,78.5883560180664,77,78,405.823303222656,388.530120849609,397.823303222656,381.176696777344,389.411651611328,388.176696777344,355.058227539062,361.765075683594,352.176696777344,350.941772460938,346.411651611328,359.411651611328,322.646575927734,135.526062011719,245.11848449707,235.295196533203,254.76708984375,135.88151550293,2.45325552122669
96.3038900340333,39.2518863396025,63.5000020265579,-8.86005210876465,-11.5893793106079,-68.1545333862305,1058.93823242188,-0.963194608688354,-17.9689865112305,17.0057926177979,2.85145616531372,-19.8875102996826,3.76963877677917,-22.0377311706543,192.278427124023,66.1013793945312,0.899999976158142,128.275146484375,133.326095581055,3.5,88.2152557373047,4.30000019073486,-0.0178891174316406,0.021793358027935,0.0949689075350761,0.300000011920929,10,2001,4237.7021484375,113.877174377441,152,130.122833251953,142.561416625977,121,150,267.561401367188,245.807067871094,260.192932128906,259.877166748047,262.245666503906,245.315765380859,252.614135742188,334.526092529297,289.192932128906,296.227722167969,258.122833251953,315.280426025391,253.087509155273,245,258.017395019531,269.070098876953,272.017395019531,255.070114135742,292.438598632812,75.1929321289062,159.648910522461,108.455978393555,230.263046264648,89.5086975097656,275.140228271484,63.3157615661621,194,136.754348754883,250.333160400391,89.5086975097656,53.8771743774414,75,78,76.5614166259766,78.5614166259766,76.5614166259766,78,408.947296142578,398.017395019531,401.824462890625,390.771728515625,394.263031005859,403.034790039062,338.526611328125,356.421203613281,340.719573974609,340.719573974609,333.719573974609,341.895111083984,317.052703857422,127.947280883789,242.736953735352,236.807067871094,261.684234619141,133,2.45348438036389
96.3128731868745,39.2518863396025,63.5000020265579,-8.39090442657471,-11.8678493499756,-70.760856628418,1057.85217285156,-0.698065876960754,-17.4722881317139,16.7742233276367,3.22460603713989,-19.3648338317871,4.17550897598267,-21.6266651153564,184.794860839844,63.6714096069336,0.899999976158142,127.693283081055,128.105102539062,3.43288278579712,85.1353759765625,4.30000019073486,-0.0178781005859375,0.0217630099505186,0.094880498945713,0.300000011920929,10,2001,4153.599609375,116.060455322266,152.288833618164,129.383743286133,142.047454833984,122.15535736084,150.288833618164,274.268432617188,250.169387817383,267.384185791016,265.526519775391,264.522399902344,253.212112426758,250.651733398438,333.574584960938,284.830596923828,303.690765380859,261.138641357422,317.540161132812,265.486328125,249.621429443359,268.840362548828,276.133911132812,281.973846435547,261.845092773438,291.508361816406,79.2069473266602,168.356552124023,120.370582580566,247.984176635742,96.2199554443359,274.537048339844,66.0130081176758,189.667404174805,138.232528686523,250.855590820312,92.7538833618164,49.4171524047852,75,77.7111587524414,76.0474472045898,78.0474472045898,76.0474472045898,78,419.060913085938,409.418029785156,410.6552734375,400.762176513672,405.340881347656,417.748565673828,315.7890625,340.9130859375,320.551818847656,323.1513671875,312.685302734375,320.406341552734,302.317657470703,136.61669921875,230.792617797852,232.504211425781,258.698150634766,138.776794433594,2.45371323950109
97.4178009863415,39.2518863396025,54.0999993681908,-6.4626259803772,-14.253116607666,-121.457908630371,988.129821777344,-2.14753246307373,-13.8832454681396,11.7357130050659,4.11650705337524,-15.9558992385864,5.29417753219604,-19.1095142364502,201.415710449219,64.8307800292969,0.600000023841858,124.974632263184,145.014022827148,2.5,94.2524642944336,4.53245496749878,-0.0175851486206055,0.0253739878535271,0.105790354311466,0.25,10,2001,3931.55249023438,126.278175354004,145.546356201172,137,142.453643798828,133.185455322266,144.092727661133,218.092727661133,162.546356201172,181.453643798828,168.453643798828,198.185455322266,154.546356201172,190.741790771484,265.463623046875,208.10270690918,226.019973754883,192.741790771484,262.112701416016,188.092727661133,222.360916137695,209.731811523438,212.82453918457,190.360916137695,204.639083862305,188.721832275391,52.288158416748,117.649070739746,111.834518432617,161.917266845703,63.3808822631836,208.463623046875,65,151.009979248047,105.546363830566,159.463623046875,79.9072723388672,25.4536380767822,79,80,81,79.5463638305664,81,80.5463638305664,444.195434570312,397.268188476562,419.639099121094,401.814544677734,442.741790771484,393.453643798828,367.258209228516,380.917266845703,370.629089355469,384.814544677734,366.350921630859,401.907287597656,310.513549804688,139.947219848633,154.092727661133,188.990020751953,257.298156738281,153.659057617188,2.48186291337682
97.4716999033887,39.2518863396025,57.7999986708164,-6.56382703781128,-14.3369770050049,-126.426094055176,972.707946777344,-2.28726243972778,-13.6281909942627,11.3409280776978,3.96425724029541,-15.845757484436,5.1617112159729,-18.9263172149658,204.870620727539,66.4805145263672,0.400000005960464,125.764808654785,148.18815612793,2.1410801410675,96.5475540161133,3.81640601158142,-0.0167256591796875,0.0261705182492733,0.110230840742588,0.300000011920929,10,2001,3972.8037109375,127.016883850098,145.679382324219,134.358764648438,142.116668701172,133.89582824707,145.116668701172,220.57746887207,164.108551025391,198.067642211914,190.04638671875,204.863693237305,171.534942626953,205.493453979492,300.423797607422,228.890472412109,265.374664306641,204.693023681641,275.459808349609,184.161834716797,207.531600952148,201.223480224609,204.773681640625,198.635131835938,199.206604003906,204.091033935547,53.8473243713379,125.581840515137,119.662498474121,169.711013793945,66.6221084594727,224.857177734375,60.7960472106934,148.906204223633,100.195198059082,165.215942382812,85.0741500854492,30.1951961517334,78.1210479736328,81.0997848510742,81,80.8789520263672,80.1210479736328,81.0997848510742,416.519683837891,393.296600341797,395.504913330078,389.290100097656,403.167419433594,384.320098876953,399.318481445312,398.950958251953,403.271606445312,405.936218261719,398.297241210938,416.473297119141,296.037750244141,131.502334594727,165.818572998047,218.103820800781,293.315338134766,165.828308105469,2.48323606820002
97.5076325147535,39.2518863396025,59.7000010311604,-6.78908824920654,-14.0567102432251,-126.794967651367,959.170837402344,-2.44753265380859,-13.5348978042603,11.087366104126,3.69107484817505,-15.8901090621948,4.88585233688354,-18.8891086578369,211.651809692383,67.0554122924805,0.479666709899902,124.186714172363,151.899383544922,2.23618698120117,100.043968200684,3.92664980888367,-0.0159037155151367,0.0241538807749748,0.0932054668664932,0.25,10,2001,4040.40600585938,117.171012878418,144.916809082031,128.285049438477,138.087860107422,123.771957397461,143.258865356445,244.161743164062,178.793502807617,211.021545410156,204.161743164062,218.078552246094,188.36360168457,198.130706787109,298.596374511719,228.152252197266,258.052307128906,198.126037597656,271.197296142578,196.132797241211,195.68879699707,199.869262695312,193.346725463867,209.641220092773,182.693435668945,290.470336914062,52.0308494567871,153.5439453125,126.995391845703,236.268447875977,78.8290786743164,258.275817871094,62.6224327087402,178.82438659668,102.570068359375,207.855209350586,75.7672882080078,29.9429969787598,77.0570068359375,79.1140060424805,79.7149505615234,79.1140060424805,78.7149505615234,79.1140060424805,402.565399169922,403.47021484375,396.171020507812,398.548645019531,395.771942138672,390.009429931641,400.700866699219,400.841003417969,403.959716796875,407.503692626953,394.586822509766,426.354156494141,364.163696289062,154.897506713867,240.971481323242,271.106018066406,294.595184326172,180.686294555664,2.48415150474883
97.5435651261183,39.2518863396025,55.3999990224838,-6.81067180633545,-13.9634771347046,-127.642555236816,950.86767578125,-2.43416309356689,-13.3767614364624,10.9425983428955,3.5921676158905,-15.8379583358765,4.82100009918213,-18.7518997192383,213.423599243164,69.27734375,0.454015165567398,126.150947570801,154.921020507812,2.19816064834595,100.977157592773,3.4441454410553,-0.0156078796386719,0.0238230992108583,0.0932054668664932,0.225000008940697,10,2001,4064.02124023438,117.349227905273,144.301544189453,127.349227905273,137.301544189453,122.349227905273,143.650772094727,243.603088378906,181.158493041992,214.301544189453,206.206176757812,219.650772094727,188.110794067383,199.492279052734,310.221588134766,243.349227905273,270.015441894531,204.19075012207,290.967742919922,207.841506958008,214.143051147461,214.492279052734,217.746139526367,218.539978027344,206.889205932617,278.698455810547,49.3015441894531,156.095367431641,119.095375061035,206.492279052734,63.2061729431152,260.618499755859,63.2538566589355,188.110794067383,101.04768371582,209.04768371582,80.9523162841797,32.3492279052734,77,80.3492279052734,79.3492279052734,80,79,80.3492279052734,415.492279052734,401.286102294922,407.889190673828,400.032257080078,406.984558105469,396.429168701172,376.015441894531,384.570831298828,377.920043945312,382.221588134766,374.475463867188,396.380096435547,335.173919677734,110.190742492676,183.095367431641,179.143051147461,270.666198730469,134.286117553711,2.48506694129763
97.5884808903242,39.2518863396025,59.2000000178814,-6.72006416320801,-13.9897661209106,-127.114128112793,953.307861328125,-2.33541774749756,-13.3425979614258,11.0071802139282,3.67074346542358,-15.7841520309448,4.90470933914185,-18.7274265289307,214.837829589844,68.8596496582031,0.400000005960464,124.880332946777,154.923294067383,2.13858962059021,101.689445495605,3.43858933448792,-0.0158714294433594,0.0254192501306534,0.100686833262444,0.300000011920929,10,2001,4034.74926757812,116.46996307373,146.580139160156,128.580139160156,137.922576904297,120.812400817871,144.922576904297,225.087387084961,164.338943481445,190.488342285156,188.708694458008,200.603958129883,165.306182861328,222.53742980957,321.836120605469,250.929977416992,280.182464599609,232.437210083008,303.296142578125,206.009643554688,196.674606323242,200.707366943359,201.024429321289,208.752029418945,199.387725830078,267.654998779297,58.1439514160156,164.068084716797,127.655616760254,206.949279785156,74.1374893188477,253.252090454102,60.4972763061523,183.362350463867,110.783142089844,204.993530273438,81.2923278808594,29.5801429748535,76.6575622558594,80,79.6575622558594,79.0774230957031,78.9225769042969,80,418.457122802734,402.876983642578,409.097351074219,397.925140380859,412.002563476562,398.377746582031,374.953094482422,400.525817871094,389.537750244141,401.707977294922,379.902984619141,402.234527587891,348.805236816406,91.3424377441406,166.265014648438,190.590103149414,254.488647460938,119.712188720703,2.48621123698364
97.5974640431654,39.2518863396025,60.199998319149,-6.90951442718506,-13.8777408599854,-125.283020019531,950.94287109375,-2.43531656265259,-13.5140371322632,11.0787210464478,3.49141764640808,-15.9453811645508,4.71825790405273,-18.8514366149902,218.869842529297,71.0664749145508,0.400000005960464,125.801292419434,158.552978515625,2.09013032913208,103.313247680664,3.39013028144836,-0.0159253280639648,0.0256924275308847,0.10141322016716,0.25,10,2001,4079.75122070312,115.568283081055,145.992446899414,128.342483520508,138,120.225799560547,144.766647338867,228.536056518555,159.538070678711,188.186660766602,186.684967041016,197.362365722656,161.514038085938,217.215484619141,314.997863769531,244.783767700195,262.786407470703,228.92724609375,292.963500976562,227.8388671875,212.781860351562,217.556060791016,212.856628417969,224.198471069336,213.486709594727,259.690368652344,59.0967903137207,172.033721923828,131.726867675781,195.352691650391,76.2134628295898,256.240905761719,60.540843963623,189.912887573242,112.937568664551,205.649963378906,82.8634338378906,29.2258033752441,76.2257995605469,80,79.2257995605469,79,79,80,421.999359130859,406.540191650391,413.855255126953,404.36865234375,419.185394287109,406.033721923828,349.935974121094,380.677917480469,368.479583740234,383.000518798828,356.841949462891,380.479583740234,335.341613769531,90.4907455444336,169.92448425293,186.994567871094,234.467239379883,117.553924560547,2.48644009612084
98.3071331176199,39.2518863396025,81.7999988794327,-4.75709009170532,-12.8192844390869,-92.1823120117188,987.324768066406,0.709271788597107,-13.2069549560547,13.9162263870239,5.51966953277588,-14.3864936828613,6.70854234695435,-17.4753341674805,222.219039916992,70.091667175293,0.400000005960464,122.053703308105,161.270462036133,1.9144195318222,108.940910339355,2.21212077140808,-0.0172677474975586,0.0223766770213842,0.0925990268588066,0.400000005960464,10,2001,3448.55981445312,112.074935913086,148.887512207031,127.187423706055,142.729080200195,116.533271789551,147.775024414062,232.003662109375,159.208374023438,176.928909301758,166.779037475586,184.191268920898,159.087493896484,200.366821289062,323.700286865234,228.983261108398,252.625518798828,208.787612915039,290.746215820312,183.711776733398,193.957366943359,194.20295715332,188.736389160156,196.470031738281,197.006973266602,308.640350341797,53.1255912780762,176.658157348633,110.928901672363,216.824798583984,68.3542404174805,311.245422363281,63.391788482666,256.679473876953,170.26252746582,265.387084960938,76.0459365844727,50.9916152954102,73.2333602905273,79,76,77.8875122070312,75.2333602905273,78.8875122070312,438.129791259766,425.667419433594,412.755126953125,414.184295654297,423.933990478516,412.605407714844,378.158416748047,381.029357910156,393.154418945312,396.658538818359,379.595977783203,390.387603759766,399.682769775391,116.915489196777,226.161758422852,174.986389160156,296.278259277344,112.515991210938,2.50451996795972
98.316116270461,39.2518863396025,81.7999988794327,-4.64721632003784,-12.8138437271118,-91.5985641479492,988.830383300781,0.835585534572601,-13.1631469726562,13.9987316131592,5.6423454284668,-14.2847604751587,6.81892538070679,-17.4052200317383,221.349197387695,70.004150390625,0.382240682840347,122.32691192627,160.677978515625,1.6822407245636,108.436485290527,1.98224067687988,-0.0169818145751953,0.0223766770213842,0.0925990268588066,0.5,10,2001,3435.64819335938,111.123474121094,149,126.03768157959,141.211990356445,115.605995178223,147.914199829102,222.856079101562,159.806594848633,172.391708374023,164.402145385742,177.209686279297,158.980895996094,201.898345947266,327.496185302734,226.309158325195,261.203430175781,210.190689086914,296.541595458984,171.995407104492,178.076202392578,174.414367675781,171.765274047852,183.344024658203,174.320861816406,287.118072509766,64.395881652832,175.892913818359,109.308746337891,213.646392822266,70.5951385498047,307.368255615234,64.5841751098633,261.795745849609,170.790725708008,260.646911621094,78.1311950683594,50.3458938598633,73.7398986816406,79,76.0857925415039,78.0857925415039,75.8256988525391,79,446.672271728516,439.371337890625,428.199768066406,428.859283447266,433.237854003906,434.126708984375,381.332336425781,382.812561035156,397.385864257812,399.769439697266,383.418121337891,391.552459716797,394.520721435547,93.3245162963867,217.331512451172,154.171081542969,285.763214111328,100.006797790527,2.50474882709692
98.3250994233022,39.2518863396025,93.699999153614,-4.84668493270874,-12.5991067886353,-88.8977813720703,985.131408691406,0.781470000743866,-13.4103078842163,14.1917772293091,5.42571783065796,-14.4479541778564,6.61144590377808,-17.5437469482422,221.19108581543,69.9988708496094,0.300000011920929,122.578147888184,161.161071777344,1.60000002384186,108.945594787598,1.90000009536743,-0.0167001083374023,0.0223795864731073,0.0925990268588066,0.850000023841858,10,2001,3415.92822265625,112.369239807129,149,126.776931762695,141.184616088867,115.592308044434,147.407684326172,217.407684326172,153.523025512695,168.038452148438,159.076889038086,172.815383911133,151.930725097656,205.923110961914,336.846221923828,233.030838012695,272.661590576172,218.25390625,307.438537597656,163.261520385742,167.261520385742,163.038452148438,163.223068237305,173.076889038086,161.630752563477,295.838592529297,74.9231109619141,183.476974487305,122.17700958252,212.592315673828,77.7000427246094,326.246307373047,59.2999610900879,262.630767822266,169.038452148438,272.953948974609,80.1846237182617,50.5923118591309,74,79,76.5923080444336,78.5923080444336,76.5923080444336,79,446.261505126953,446.407684326172,434.223052978516,431.076904296875,433.853820800781,443.038452148438,390.476959228516,386.330810546875,402.738494873047,406.107727050781,393.069274902344,395.330810546875,407.361633300781,86.0692825317383,242.684814453125,145.738479614258,311.869445800781,97.5154190063477,2.50497768623412
98.3340825761434,39.2518863396025,80.0999999046326,-4.78363513946533,-12.5591821670532,-88.2197723388672,985.828857421875,0.870262563228607,-13.3775291442871,14.2477912902832,5.49820470809937,-14.387788772583,6.66949510574341,-17.4953899383545,219.335815429688,69.4436492919922,0.300000011920929,122.740058898926,160.286712646484,1.60000002384186,108.463073730469,1.90000009536743,-0.0167962203979492,0.0226664934307337,0.0925990268588066,0.325000017881393,10,2001,3383.71240234375,114.44474029541,149,127.11051940918,141.11051940918,117.334213256836,147,208.105224609375,142.552612304688,160.663131713867,151.886825561523,165.328918457031,141.886825561523,219.784255981445,330.323608398438,252.673736572266,279.555267333984,237.118469238281,305.77099609375,164.892135620117,175.563217163086,169.894775390625,170.894775390625,171.223693847656,168.450042724609,301.213104248047,67.4367828369141,173.989395141602,119.768348693848,205.439437866211,74.5499572753906,320.984100341797,53.5552597045898,239.207794189453,150.989395141602,270.434143066406,76.5526123046875,44.328914642334,74,79.4447402954102,77,79,77,79.4447402954102,451.005310058594,452.671081542969,441.894775390625,437.673736572266,439.894775390625,452.118469238281,384.102569580078,371.765716552734,388.21044921875,390.986755371094,388.881530761719,379.431488037109,405.323608398438,81.4367828369141,261.105224609375,134.768356323242,308.868255615234,89.1025695800781,2.50520654537132
98.3430657289846,39.2518863396025,77.2000029683113,-4.63096714019775,-12.5906267166138,-88.0585174560547,987.660095214844,1.02996611595154,-13.2727727890015,14.3027391433716,5.65178155899048,-14.252236366272,6.8173131942749,-17.3893966674805,217.399429321289,68.8756561279297,0.300000011920929,122.829360961914,159.117248535156,1.60000002384186,107.657661437988,1.90000009536743,-0.0168923324584961,0.0230106133967638,0.0925990268588066,0.300000011920929,10,2001,3297.01000976562,114.951164245605,148.702819824219,126.39485168457,140.692047119141,118.556312561035,147,194.707641601562,135.705230712891,150.128219604492,144.478424072266,154.166275024414,135.072784423828,226.765029907227,313.314331054688,257.99267578125,273.402282714844,247.698837280273,292.340057373047,175.81217956543,189.324676513672,181.509246826172,182.212066650391,175.538940429688,178.963714599609,278.975769042969,53.3781318664551,154.569290161133,103.265510559082,198.316116333008,65.2250366210938,287.396148681641,48.8882255554199,206.368850708008,126.814308166504,244.982360839844,70.8939666748047,35.5437698364258,74.2971878051758,80.2483520507812,77,79.2971878051758,77,79.9511642456055,458.635040283203,454.323760986328,449.051452636719,446.856109619141,447.645812988281,460.024169921875,365.552764892578,356.054382324219,369.439300537109,370.277862548828,376.815216064453,361.012145996094,395.149627685547,70.9443664550781,255.434478759766,118.562698364258,282.631195068359,77.0908737182617,2.50543540450853
97.4627167505475,39.2429031867613,61.0000006854534,-6.37421321868896,-14.4042224884033,-126.494842529297,975.84130859375,-2.14078664779663,-13.528133392334,11.3873472213745,4.14819955825806,-15.6917285919189,5.3550066947937,-18.8093585968018,200.80940246582,64.3718109130859,0.471866369247437,125.173942565918,145.075561523438,2.37186646461487,95.1881484985352,3.57186627388,-0.0170072448730469,0.0259235445410013,0.107321478426456,0.300000011920929,10,2001,3946.833984375,126.938949584961,147.456756591797,134.816864013672,144.456756591797,134.597137451172,146.316360473633,223.716033935547,161.072174072266,191.935760498047,177.266448974609,202.532897949219,159.827987670898,197.526153564453,258.707122802734,214.238220214844,232.840545654297,203.029632568359,236.513824462891,204.200439453125,212.477249145508,216.116928100586,217.288940429688,209.728393554688,205.688827514648,190.023452758789,47.5971374511719,124.588966369629,116.324516296387,161.982696533203,59.5615386962891,207.987884521484,62.7120704650879,152.369262695312,100.475044250488,158.614440917969,82.8158721923828,27.5177974700928,77.9389495849609,80.2014312744141,80.8596115112305,80.2014312744141,80,80.4028625488281,404.216735839844,377.802734375,382.652221679688,366.951263427734,400.18115234375,360.598327636719,391.381378173828,409.061828613281,401.230865478516,416.076141357422,390.090454101562,433.712860107422,297.264465332031,116.999771118164,163.664535522461,203.310394287109,261.131469726562,140.07194519043,2.48357559803136
97.4986493619123,39.2429031867613,57.7000007033348,-6.52951622009277,-14.3011417388916,-130.300567626953,958.617492675781,-2.24679136276245,-13.2238779067993,10.977087020874,3.95257449150085,-15.6411371231079,5.16357231140137,-18.6234703063965,206.622894287109,66.8355865478516,0.400000005960464,125.669898986816,149.492599487305,1.89999997615814,97.5082321166992,3.09999990463257,-0.0162072174072266,0.0251739099621773,0.107014745473862,0.225000008940697,10,2001,4001.92065429688,119.810150146484,147.7841796875,129.734085083008,138.734085083008,126.076072692871,147.126174926758,223.556503295898,167.277008056641,195.656707763672,184.808837890625,199.252868652344,172.7822265625,202.315368652344,264.618865966797,220.808837890625,235.163223266602,200.076065063477,234.824249267578,179.826858520508,206.736572265625,188.5869140625,199.168197631836,189.104522705078,199.76252746582,229.466064453125,53.9993476867676,148.188537597656,126.392616271973,186.582336425781,65.3914413452148,236.644302368164,56.9505500793457,153.429794311523,95.6963729858398,183.795272827148,74.3803482055664,31.4298000335693,78.2659225463867,81.5819396972656,81,81.8478622436523,80,81.5819396972656,419.697021484375,389.482391357422,402.507171630859,391.354370117188,408.571502685547,381.330261230469,400.476104736328,404.046966552734,408.639984130859,409.085327148438,402.323974609375,419.173126220703,328.400695800781,118.47208404541,193.624877929688,239.960845947266,316.963348388672,143.052200317383,2.48449124413414
97.5076325147535,39.2429031867613,58.4000013768673,-6.56273794174194,-14.2595586776733,-131.183044433594,955.974914550781,-2.28157377243042,-13.1535558700562,10.8719825744629,3.91906309127808,-15.6406059265137,5.12176275253296,-18.6008987426758,207.739990234375,66.7407836914062,0.400000005960464,125.864265441895,150.51872253418,1.93963932991028,98.859504699707,3.12642621994019,-0.0159661209106445,0.0248626489192247,0.106444217264652,0.25,10,2001,4015.95874023438,118.989402770996,146.133041381836,129.106948852539,138.342025756836,125.647369384766,145.791015625,227.451538085938,167.952713012695,195.740585327148,185.32829284668,201.43034362793,173.31770324707,204.057891845703,275.536315917969,223.091445922852,236.352630615234,199.764907836914,246.380325317383,183.177993774414,208.653060913086,194.727249145508,205.444869995117,192.637573242188,202.626968383789,247.729415893555,55.433479309082,151.407379150391,131.590270996094,204.289672851562,65.882453918457,243.074188232422,56.8930549621582,155.340270996094,95.0366973876953,184.308471679688,74.7052612304688,30.9894027709961,78.7755126953125,81.2244873046875,81,81.882453918457,80.117546081543,81.2244873046875,416.662872314453,390.326538085938,398.769805908203,389.085754394531,405.555908203125,382.208984375,400.159149169922,401.678375244141,405.844970703125,405.785308837891,401.68896484375,415.821990966797,331.544921875,146.699035644531,219.560302734375,245.434677124023,325.333435058594,167.061477661133,2.48472015565984
97.5255988204359,39.2429031867613,59.9999986588955,-6.60093307495117,-14.2274026870728,-132.961639404297,951.143493652344,-2.31126308441162,-13.0160436630249,10.7047805786133,3.86597919464111,-15.6312313079834,5.08153963088989,-18.525203704834,207.264892578125,66.6110992431641,0.400000005960464,126.098098754883,150.746170043945,2.07206463813782,99.2529754638672,3.22681903839111,-0.0154983154296875,0.0242790766060352,0.106444217264652,0.200000002980232,10,2001,4053.18310546875,115.085067749023,146.042541503906,127.521270751953,136.606338500977,121.085067749023,145.042541503906,220.87239074707,163.43620300293,180.351119995117,174.829864501953,190.393661499023,160.351119995117,219.659713745117,294.92578125,239.234359741211,251.447036743164,210.447036743164,276.883239746094,186.829864501953,214.30859375,213.829864501953,216.351119995117,198.30859375,206.30859375,291.255218505859,57.3936614990234,155.702255249023,134.18098449707,223.69140625,70.2660522460938,270.883239746094,53.2126770019531,178.659713745117,99,208.361968994141,76.6488723754883,29,78.5212707519531,81,81,80.5212707519531,81,80.5212707519531,413.042541503906,387.170135498047,392.606353759766,382.085083007812,401.127593994141,380.085083007812,400.127593994141,398.521270751953,393.563812255859,401.521270751953,400.042541503906,413.127593994141,355.680572509766,133.170135498047,213.138442993164,191.244369506836,285.340270996094,139.723098754883,2.48517797871123
97.5435651261183,39.2429031867613,58.899998664856,-6.52017974853516,-14.2664737701416,-134.467315673828,948.141906738281,-2.26156735420227,-12.8758525848389,10.6142854690552,3.90515375137329,-15.5280504226685,5.14835596084595,-18.3903007507324,208.438720703125,67.5988464355469,0.400000005960464,126.501655578613,151.874298095703,1.89999997615814,99.397819519043,3.19999980926514,-0.0154477767944336,0.0248250868171453,0.106444217264652,0.25,10,2001,4048.55810546875,115.043716430664,145.546096801758,125.684410095215,135.385925292969,119.364059448242,144.364059448242,228.745223999023,164.007095336914,189.138244628906,186.699096679688,199.565536499023,168.521820068359,210.992477416992,289.237152099609,234.443466186523,248.162078857422,209.946350097656,265.336517333984,213.199569702148,220.497619628906,219.092178344727,216.893051147461,212.30842590332,212.932006835938,280.465759277344,58.3906707763672,166.905395507812,127.793266296387,226.881134033203,77.3859176635742,288.560852050781,49.973388671875,182.465759277344,102.247604370117,227.065567016602,72.6359405517578,30.2038879394531,77.8179702758789,80.1601715087891,80.8179702758789,80,79.978141784668,80,424.556030273438,401.517578125,403.871612548828,400.337890625,410.556030273438,404.369750976562,361.586608886719,377.984802246094,377.694000244141,382.929229736328,377.793334960938,383.195861816406,282.131683349609,115.633094787598,227.609909057617,199.270477294922,242.455383300781,135.25520324707,2.48563580176262
97.5525482789594,39.2429031867613,60.199998319149,-6.49395322799683,-14.2983226776123,-133.641204833984,949.992248535156,-2.20193696022034,-12.9038743972778,10.7019376754761,3.94214272499084,-15.514331817627,5.18195104598999,-18.4029064178467,207.818740844727,67.4921035766602,0.400000005960464,126.396339416504,151.444564819336,1.98145401477814,99.0748291015625,3.28145384788513,-0.0154225082397461,0.0250980909913778,0.109372772276402,0.225000008940697,10,2001,4007.861328125,116.416633605957,147.07438659668,126.416633605957,137.07438659668,120.416633605957,145.382919311523,230.467620849609,169.415954589844,198.36247253418,192.240447998047,206.348541259766,173.898193359375,201.167404174805,292.153259277344,233.515274047852,248.515274047852,203.40087890625,266.394378662109,218.382919311523,220.10627746582,221.912811279297,219.081359863281,216.457305908203,215.980224609375,284.623382568359,60.2550582885742,168.164245605469,127.08650970459,232.561111450195,78.5687484741211,283.327362060547,49.026741027832,186.084030151367,104.597305297852,227.759735107422,71.6507873535156,31.3492164611816,77.3759536743164,80.0337066650391,80.3422470092773,80.0337066650391,79.3759536743164,80.0337066650391,431.020904541016,400.945373535156,409.772827148438,404.522918701172,417.324279785156,403.601318359375,350.287628173828,378.948333740234,368.622894287109,376.395721435547,366.526947021484,380.693267822266,284.277099609375,116.771965026855,208.503082275391,191.620910644531,238.102935791016,138.859161376953,2.48586471328831
97.5615314318006,39.2429031867613,60.4999996721745,-6.58947229385376,-14.2243976593018,-131.867309570312,950.771057128906,-2.25591802597046,-13.0453939437866,10.789475440979,3.85825395584106,-15.6025218963623,5.08906555175781,-18.5062484741211,209.749176025391,68.3480834960938,0.400000005960464,126.750595092773,153.162994384766,2.06314706802368,100.037940979004,3.36314702033997,-0.0153972396850586,0.0253710970282555,0.110181175172329,0.25,10,2001,4009.21484375,117.543113708496,148,127.543113708496,138,121.543113708496,146,222.223892211914,164.767013549805,192.50830078125,185.137649536133,200.680770874023,166.594543457031,204.689880371094,283.335845947266,225.594543457031,240.594543457031,199.913772583008,256.249603271484,219,216.741302490234,220.198181152344,219.913772583008,218,215.284408569336,278.137664794922,58.7412986755371,155.335830688477,123.02571105957,220.163360595703,71.8532409667969,258.645965576172,49.6293525695801,171.447784423828,103.28441619873,208.818435668945,71.5431137084961,31.4568824768066,78.0862350463867,80.5431137084961,80.5431137084961,80.5431137084961,80.0862350463867,80.5431137084961,430.741302490234,400.715576171875,410.913757324219,402.284423828125,421.629364013672,398.370635986328,350.258697509766,382.543121337891,368.888061523438,377.801818847656,360.370635986328,385.801818847656,281.50830078125,138.181564331055,198.801818847656,213.130142211914,244.431167602539,161.983383178711,2.48609362481401
97.5705145846418,39.2429031867613,60.4999996721745,-6.71360492706299,-14.119104385376,-130.244522094727,951.146240234375,-2.33081126213074,-13.1715984344482,10.8407859802246,3.74443888664246,-15.7179164886475,4.97528553009033,-18.6279029846191,212.087097167969,68.9773712158203,0.400000005960464,126.825370788574,154.811431884766,2.06314706802368,101.246719360352,3.36314702033997,-0.0153719696044922,0.0256441012024879,0.110181175172329,0.200000002980232,10,2001,4004.00537109375,119.184371948242,147.210418701172,128.394790649414,138,123.184371948242,145.605209350586,213.210418701172,156.605209350586,182.394790649414,175.210418701172,191.605209350586,155.02604675293,207.657302856445,253.234390258789,217.184371948242,224.683334350586,200.97395324707,233.919799804688,207.156265258789,201.761474609375,204.761474609375,207.551055908203,210.10417175293,199.971893310547,274.921875,56,149.316665649414,119.184371948242,209.553115844727,65.7895812988281,239.789581298828,53.3687477111816,162.106246948242,106.921867370605,197.711456298828,72,29.8156261444092,79,81,81,80.6052093505859,80.6052093505859,81,422.472930908203,401.420837402344,408.420837402344,396.446868896484,415.893768310547,395.026031494141,370.370819091797,396.817687988281,386.817687988281,396.002075195312,374.002075195312,404.002075195312,306.136413574219,140.603134155273,200.420837402344,227.577102661133,262.422912597656,174.709381103516,2.48632253633971
97.5884808903242,39.2429031867613,61.599999666214,-6.57089948654175,-14.2337551116943,-131.928466796875,952.409301757812,-2.23136901855469,-13.0223598480225,10.7909908294678,3.8632664680481,-15.5919618606567,5.12156534194946,-18.5291442871094,213.131851196289,68.8094177246094,0.400000005960464,125.851440429688,154.612350463867,1.93767094612122,101.19702911377,3.23767066001892,-0.0154402389526367,0.0260602664202452,0.110181175172329,0.325000017881393,10,2001,4012.92651367188,119.65503692627,145.440612792969,129.461181640625,138,123.851432800293,144.342422485352,216.368087768555,151.926513671875,185.856521606445,178.632873535156,193.954727172852,151.735214233398,209.843154907227,248.00700378418,229.089920043945,226.622482299805,214.060119628906,238.463088989258,194.546447753906,188.516647338867,191.879638671875,196.144424438477,203.516647338867,189.295547485352,282.330657958984,55.8334045410156,159.559387207031,122.157363891602,209.218551635742,73.1444320678711,242.835952758789,54.5362663269043,170.006683349609,115.312614440918,210.630325317383,74.5619277954102,29.6097564697266,77.4884414672852,81,79.5866394042969,80,79.2442245483398,81,416.100738525391,402.552703857422,407.413360595703,394.052917480469,406.344970703125,393.443176269531,389.352813720703,409.588226318359,400.707000732422,409.802642822266,390.138397216797,417.017059326172,315.242431640625,117.098197937012,183.268402099609,219.96403503418,261.820587158203,159.545059204102,2.4867803593911
97.5974640431654,39.2429031867613,62.7000033855438,-6.78233432769775,-14.1094856262207,-129.884628295898,949.861633300781,-2.35856294631958,-13.2237920761108,10.8652296066284,3.66538166999817,-15.7826108932495,4.91130781173706,-18.6658611297607,215.571228027344,69.6717147827148,0.400000005960464,125.835174560547,156.416061401367,1.89999997615814,102.417671203613,3.19999980926514,-0.0154941375732422,0.0262824986129999,0.110231801867485,0.349999994039536,10,2001,4055.15161132812,116.355186462402,146.214935302734,128.177597045898,138,121.570129394531,144.607467651367,220.644805908203,149.177597045898,189.644805908203,180.607467651367,198.25227355957,154.037338256836,207.925308227539,266.579254150391,229.962661743164,242.794174194336,211.102905273438,249.682159423828,204.934432983398,195.074691772461,196.644805908203,198.607467651367,210.074691772461,197.074691772461,273.673034667969,58.6448097229004,158.785064697266,113.458099365234,204.962661743164,75.6074676513672,248.682159423828,52.7850646972656,172.859741210938,111.747718811035,209.570129394531,76.8224029541016,30.6074676513672,77,81,79.6074676513672,80,79,81,419.644805908203,398.925323486328,407.392517089844,398.859741210938,409.644805908203,397.252288818359,375.420745849609,406.392517089844,395.962646484375,402.532775878906,380.280517578125,405.673034667969,303.644805908203,117.607467651367,191.401641845703,202.663925170898,276.943542480469,146.813293457031,2.48700927091679
97.6064471960066,39.2429031867613,63.1999969482422,-6.7983775138855,-14.1067476272583,-130.354522705078,949.115905761719,-2.37935471534729,-13.2049674987793,10.8256120681763,3.64726328849792,-15.7900533676147,4.89916801452637,-18.6632633209229,216.287719726562,69.7490463256836,0.400000005960464,125.901885986328,157.035125732422,1.89999997615814,103.008430480957,3.19999980926514,-0.0155480361938477,0.0265416335314512,0.110413737595081,0.25,10,2001,4067.79711914062,115.377532958984,147.459182739258,127.459175109863,138.918350219727,120.459175109863,145.918350219727,225.295883178711,147.540817260742,191.540817260742,180.081649780273,201,154.622467041016,185.632919311523,284.724365234375,212.387985229492,241.979751586914,190.847152709961,262.265197753906,216.591766357422,201.755065917969,204.05094909668,205.428482055664,218.132598876953,209.724365234375,263.785766601562,61,160.755065917969,109.673416137695,203.918350219727,78.7550659179688,264.020263671875,50.6224670410156,181.969299316406,110.377532958984,210.755065917969,77.0816421508789,31,76.5408248901367,81,79.5408248901367,80,79,81,424.755065917969,401.887664794922,408.377532958984,401.081634521484,414.2958984375,400,358.653167724609,396.357269287109,387.571533203125,393.489868164062,367.571533203125,390.275634765625,309.673431396484,108.357284545898,190.520568847656,169.847152709961,262.857604980469,116.796211242676,2.48723818244249
97.6154303488478,39.2429031867613,61.599999666214,-6.76309108734131,-14.1475992202759,-131.586090087891,948.834777832031,-2.32822155952454,-13.0868864059448,10.7586650848389,3.6891667842865,-15.7441072463989,4.93735265731812,-18.6102600097656,216.440979003906,69.7880249023438,0.400000005960464,125.888931274414,157.181854248047,1.89999997615814,103.128852844238,3.19999980926514,-0.0156019348144531,0.0268476977944374,0.110413737595081,0.275000005960464,10,2001,4069.74780273438,116.283264160156,147.657455444336,127.346549987793,138.693099975586,120.657455444336,146.314910888672,225.976364135742,146.720733642578,188.85530090332,177.81965637207,198.512756347656,150.918594360352,174.903732299805,287.247985839844,205.646591186523,231.313934326172,182.749526977539,267.077789306641,223.859909057617,205.742858886719,211.828277587891,214.733352661133,224.580657958984,220.642425537109,261.776031494141,59.4454765319824,161.012008666992,110.948722839355,201.205856323242,79.3229064941406,273.131530761719,47.5404014587402,190.454086303711,113.459602355957,213.810150146484,76.3741912841797,30.689094543457,76.3425445556641,81,79.0316390991211,80.310905456543,79,81,426.255615234375,410.147186279297,409.905059814453,400.685089111328,416.530883789062,401.554534912109,349.884460449219,383.799041748047,378.266662597656,384.58154296875,358.888458251953,377.803039550781,331.779357910156,94.8663330078125,174.681991577148,152.733276367188,228.458557128906,91.9049987792969,2.48746709396818
97.624413501689,39.2429031867613,61.599999666214,-6.75953769683838,-14.1632471084595,-132.530197143555,947.784790039062,-2.36635041236877,-13.0631942749023,10.6968431472778,3.67027688026428,-15.7324342727661,4.93150091171265,-18.5917701721191,217.886108398438,70.7634582519531,0.400000005960464,126.12572479248,158.412750244141,1.89999997615814,103.524894714355,3.19999980926514,-0.0156558334350586,0.0272147059440613,0.110413737595081,0.266666680574417,10,2001,4078.69555664062,115.522529602051,147.179931640625,126.522529602051,136.557098388672,120.505241394043,145.359878540039,221.453109741211,147.318496704102,184.771606445312,176.370361328125,194.114196777344,148.072830200195,190.397857666016,281.180786132812,222.532730102539,235.86540222168,197.262969970703,264.748077392578,229.366958618164,208.110794067383,215.415130615234,217.439224243164,228.733642578125,221.491073608398,264.425628662109,56.08642578125,157.107391357422,109.872482299805,192.882125854492,75.1141967773438,270.263244628906,45.0623397827148,191.643249511719,115.937660217285,214.162658691406,76.9827117919922,30.1799373626709,76.494758605957,80.8373489379883,78.8373489379883,80.6574096679688,78.6746978759766,80.8373489379883,419.182769775391,410.338897705078,407.072265625,398.549743652344,412.601593017578,402.148498535156,351.450256347656,380.892883300781,377.512603759766,384.011047363281,358.664764404297,376.360443115234,356.521392822266,86.6916961669922,168.474075317383,147.764236450195,224.864547729492,86.1141967773438,2.48769600549388
97.6333966545302,39.2429031867613,63.6000037193298,-6.73734951019287,-14.1090879440308,-132.287094116211,947.115966796875,-2.3717315196991,-13.0447206497192,10.6729888916016,3.66814804077148,-15.7047090530396,4.91719722747803,-18.5695495605469,219.824951171875,71.1166534423828,0.400000005960464,125.808120727539,159.483840942383,1.89999997615814,104.432411193848,3.19999980926514,-0.0158347610473633,0.027091009542346,0.110413737595081,0.300000011920929,10,2001,4051.8115234375,115.642951965332,147.014419555664,126.671783447266,135.371475219727,121.314735412598,145.014419555664,215.282135009766,150.615997314453,181.955810546875,177.557373046875,191.613174438477,149.272415161133,198.872116088867,292.753265380859,230.240158081055,245.103149414062,206.215682983398,275.149230957031,235.63134765625,210.932266235352,215.757354736328,214.769897460938,232.344512939453,216.78337097168,266.776123046875,52.742000579834,157.260482788086,118.392471313477,184.200576782227,72.6996841430664,272.959564208984,44.7150421142578,186.070816040039,116.587753295898,214.902481079102,77.642951965332,30.129768371582,75.6564254760742,80.3137969970703,78.2993774414062,80.2993774414062,77.6420059204102,80.3137969970703,403.215393066406,406.005706787109,397.561798095703,389.00537109375,400.831390380859,396.592529296875,361.153259277344,382.733825683594,386.680847167969,396.224731445312,366.809661865234,386.624114990234,351.5927734375,76.1529693603516,166.060150146484,137.22412109375,216.478561401367,83.9448013305664,2.48792491701957
97.6423798073714,39.2429031867613,60.4999996721745,-6.79009819030762,-13.9468984603882,-129.909271240234,945.481079101562,-2.37166285514832,-13.1190662384033,10.7474031448364,3.57410430908203,-15.7365217208862,4.80746173858643,-18.6236057281494,221.063980102539,71.3625259399414,0.400000005960464,125.615295410156,160.241836547852,1.89999997615814,105.142280578613,3.19999980926514,-0.0160224227905273,0.0269303023815155,0.110413737595081,0.275000005960464,10,2001,4091.55908203125,114.952941894531,147.523529052734,127,136.570587158203,120.952941894531,145.523529052734,212,149.858825683594,179.952941894531,174.288238525391,189.429412841797,147.858825683594,195.241180419922,300.382354736328,215.770599365234,239.482360839844,203.241180419922,272.482360839844,235.858825683594,220.899993896484,218.664703369141,217.235290527344,233.476470947266,219.282348632812,282.705871582031,54.6647033691406,166.899993896484,123.429412841797,200.988235473633,73.5705871582031,272.858825683594,46.5705871582031,198.276458740234,125.423530578613,223.37646484375,76.9529418945312,34.7117652893066,75,79.4764709472656,76.9529418945312,78.9529418945312,76.4764709472656,79.4764709472656,383.005889892578,381.488250732422,379.435302734375,374.62353515625,379.864715576172,380.435302734375,381.135284423828,397.611755371094,401.899993896484,408.141174316406,386.135284423828,400.282348632812,356.182342529297,78.8999938964844,179.658813476562,142.041168212891,265.588226318359,93.470588684082,2.48815382854527
97.6513629602126,39.2429031867613,57.7999986708164,-6.96021747589111,-13.6857585906982,-125.46558380127,943.53955078125,-2.47840881347656,-13.4067859649658,10.9283771514893,3.3656165599823,-15.8924684524536,4.58588171005249,-18.7701721191406,223.419006347656,72.0674743652344,0.400000005960464,125.86563873291,162.157852172852,1.93068945407867,106.607177734375,3.19999980926514,-0.0162100830078125,0.026769595220685,0.108478739857674,0.25,10,2001,4145.1015625,113.624710083008,147.249420166016,125.874122619629,137.249420166016,118.498832702637,145.249420166016,215.002334594727,148.125869750977,178.624710083008,171.125869750977,189.87646484375,146.501159667969,186.247085571289,300.627044677734,205.878784179688,239.132873535156,197.249420166016,269.881134033203,229.622375488281,229.375289916992,223.87646484375,221.624710083008,229.997665405273,225.750579833984,305.256408691406,57.6247100830078,174.249420166016,122.375289916992,227.004669189453,73.8741226196289,272.251739501953,44.9976654052734,212.498840332031,130.997665405273,235.503494262695,74.1235427856445,38.6247100830078,75,79,76.3752899169922,78,76,79,378.629364013672,360.624694824219,369.501159667969,368.87646484375,371.128204345703,368.624694824219,391.748260498047,409.624694824219,406.622375488281,409.498840332031,398.249420166016,405.624694824219,339.601379394531,77.9930038452148,198.254089355469,147.745910644531,289.853118896484,93.2424163818359,2.48838274007096
98.3071331176199,39.2429031867613,101.099997758865,-5.81027126312256,-12.0423650741577,-81.4428482055664,985.494079589844,0.158797964453697,-14.6706876754761,14.8294858932495,4.5864634513855,-15.3936462402344,5.70622110366821,-18.4307880401611,233.086547851562,74.2427597045898,0.400000005960464,123.125373840332,169.897964477539,1.81842648983002,114.287620544434,2,-0.0169635650634766,0.022408114746213,0.0937659591436386,0.350000023841858,10,2001,3525.91625976562,111,148,127.380935668945,142.561233520508,117.654167175293,147,227.869567871094,158.045440673828,176.206192016602,165.734710693359,180.69482421875,157.865142822266,218.052215576172,323.681610107422,234.667282104492,276.609008789062,225.907791137695,302.516082763672,188.173126220703,183.051483154297,191.52978515625,192.895950317383,189.623504638672,181.51741027832,304.674865722656,62.3035583496094,187.61506652832,122.853187561035,210.919448852539,69.7798156738281,310.072265625,53.2887840270996,238.904678344727,163.361389160156,263.780303955078,78.6346130371094,51,75.654167175293,79.654167175293,77.654167175293,79,77.654167175293,79.654167175293,461.595550537109,462.489410400391,450.096099853516,448.05859375,453.622222900391,462.654937744141,350.231292724609,354.459106445312,358.647338867188,359.699615478516,356.754272460938,355.82763671875,361.348236083984,81.5150146484375,212.617935180664,166.21696472168,271.529022216797,84.3817138671875,2.50509328144672
98.316116270461,39.2429031867613,91.2000015377998,-5.62784767150879,-12.1443691253662,-82.3600769042969,988.599609375,0.286804676055908,-14.4888763427734,14.7756805419922,4.77725076675415,-15.2533340454102,5.90576028823853,-18.3097972869873,231.29899597168,73.3276748657227,0.392756551504135,122.740615844727,168.260711669922,1.81118297576904,113.409408569336,1.99275648593903,-0.0167131378173828,0.022408114746213,0.0937659591436386,0.474999994039536,10,2001,3536.01538085938,111,148,127.420768737793,143.420776367188,117.420768737793,147,228.262313842773,156.633819580078,172.420776367188,163.896148681641,177.262313842773,155.633819580078,204.885467529297,309.256988525391,214.880126953125,261.677734375,206.934722900391,288.677734375,186.311569213867,189.950744628906,200,200,192.207717895508,189.475372314453,283.612487792969,60.049259185791,180.994659423828,116.153121948242,212.524627685547,67.3661727905273,311.415435791016,49.628490447998,239.103851318359,160.207717895508,272.683074951172,75.2077178955078,51,75.420768737793,79.420768737793,77.420768737793,79,77.420768737793,79.420768737793,467.054595947266,458.049255371094,445.103851318359,442.366180419922,449.683074951172,457.628479003906,346.633819580078,352,354.896148681641,358.054595947266,358.109191894531,352.896148681641,362.475372314453,88.579231262207,218.207717895508,157.256973266602,284.792297363281,79.6284866333008,2.50532219297242
98.3250994233022,39.2429031867613,91.2000015377998,-5.84176301956177,-11.9783048629761,-80.3467102050781,985.612060546875,0.200990423560143,-14.7246685028076,14.9256591796875,4.56672096252441,-15.4264450073242,5.68953275680542,-18.4654331207275,232.804611206055,74.5514297485352,0.359213203191757,123.625793457031,170.296371459961,1.74861907958984,114.305526733398,1.95921325683594,-0.0164685836791992,0.0224100314080715,0.0937659591436386,0.325000017881393,10,2001,3506.99609375,109.704872131348,149.726837158203,127.431709289551,143.431701660156,115.704872131348,148.726837158203,219.229248046875,152.66096496582,165.524368286133,159.092666625977,169.092666625977,151.229248046875,191,295.682922363281,199.475631713867,247.251205444336,191.021957397461,271.229248046875,176.114624023438,197.158538818359,194.81950378418,194.81950378418,184.546340942383,189.841461181641,258.885375976562,53.7048759460449,164.797546386719,108.136581420898,205.682922363281,64,307.317077636719,42.8414573669434,239.158538818359,153.841461181641,268.841461181641,71.8634185791016,51,75,79.4317092895508,77,79,76.5682907104492,79,464.387786865234,443.934112548828,438.682922363281,434.682922363281,443.682922363281,448.682922363281,359.497589111328,358.907318115234,366.497589111328,370.497589111328,371.770751953125,361.475616455078,362.409759521484,89,201.048751831055,144.114624023438,276.48046875,75,2.50555110449811
97.4267841391827,39.2339200339201,56.8000003695488,-6.44636344909668,-14.0463123321533,-117.294013977051,990.244201660156,-2.03404092788696,-14.0105609893799,11.9765195846558,4.13451051712036,-15.9618625640869,5.30817604064941,-19.1239128112793,200.782852172852,64.5920486450195,0.572301089763641,125.327865600586,144.872299194336,2.47230100631714,94.6802520751953,3.67230105400085,-0.0173932861328125,0.025691332295537,0.110081233084202,0.25,10,2001,3924.32080078125,130.626998901367,147.626998901367,136.253982543945,142,134.626998901367,145.626998901367,231.611053466797,166.880981445312,205.238052368164,192.984069824219,211.984069824219,171.373001098633,200.492034912109,277.611053466797,213.373001098633,239.984069824219,200.373001098633,273.222106933594,197.849105834961,197.119018554688,204.476104736328,199.968139648438,198.238052368164,190.611053466797,197.031860351562,51.7619514465332,117.150894165039,113.896911621094,164.507965087891,59.880973815918,207.238052368164,66.1349563598633,149.492034912109,102.119026184082,165.865036010742,81.2539825439453,26,78.6269912719727,80,80.6269912719727,79.6269912719727,80,80,396.404876708984,396.134948730469,383.15087890625,377.642913818359,393.642913818359,374.523895263672,405.746002197266,407,411.746002197266,422.015930175781,408.119018554688,434.865051269531,280.801300048828,164.984069824219,185.238052368164,207.912841796875,252.126510620117,164.325210571289,2.48322839152833
97.4357672920239,39.2339200339201,55.9000000357628,-6.38347911834717,-14.1384544372559,-119.150566101074,987.57568359375,-2.00189256668091,-13.868709564209,11.8668165206909,4.17646598815918,-15.8601570129395,5.3597993850708,-19.0211887359619,200.474151611328,64.4852981567383,0.534041047096252,125.332916259766,144.736557006836,2.43404102325439,94.554817199707,3.63404107093811,-0.0173240371704102,0.0257087983191013,0.110081233084202,0.25,10,2001,3915.62573242188,129.564270019531,147.521423339844,137.478576660156,142.957153320312,134.042846679688,145.521423339844,225.649963378906,167.042846679688,199.649963378906,187.128540039062,204.214233398438,166.692810058594,207.614364624023,276.435729980469,220.657211303711,244.657211303711,207.657211303711,259.385620117188,196.350036621094,193.128540039062,200.478576660156,197.350036621094,194.564270019531,188,203.957153320312,64.0500946044922,131.09294128418,131.400131225586,165.042846679688,79.1858901977539,197.342788696289,68.4785766601562,143.214233398438,99.085693359375,156.821365356445,83.914306640625,26.9571514129639,79,80.4785766601562,81,80.4785766601562,80.4785766601562,80.4785766601562,411.571533203125,405.178649902344,400.442962646484,390.092956542969,412.792999267578,388.092956542969,391.599884033203,402.214233398438,398.557037353516,412.557037353516,392.642730712891,423.907043457031,253.121292114258,144.292694091797,168.642715454102,191.071197509766,227.564270019531,149.735656738281,2.48345735546651
97.4537335977063,39.2339200339201,57.1000017225742,-6.24354219436646,-14.3212747573853,-123.541290283203,982.082641601562,-1.96808195114136,-13.5626802444458,11.5945978164673,4.28683662414551,-15.6456718444824,5.48268461227417,-18.8046550750732,199.693420410156,64.3718109130859,0.5,125.08016204834,144.091293334961,2.40000009536743,93.9216156005859,3.59999990463257,-0.0171855377197266,0.02574373036623,0.107554338872433,0.200000002980232,10,2001,3903.54711914062,126.432739257812,146.63639831543,136.319900512695,143.341751098633,132.63639831543,144.81819152832,230.105834960938,168.770919799805,194.978149414062,186.476272583008,204.040283203125,166.701782226562,199.045593261719,263.813262939453,213.133163452148,234.042510986328,201.449645996094,248.388870239258,191.737457275391,198.061965942383,194.010070800781,199.163192749023,185.238998413086,193.360015869141,203.345001220703,77.9527130126953,139.370101928711,153.72346496582,157.417556762695,98.0032501220703,199.814102172852,66.9312057495117,145.949127197266,97.2507705688477,163.055130004883,84.4327392578125,27.5235576629639,78.8181991577148,79.3199081420898,81,79.3199081420898,81,79.3199081420898,420.138092041016,413.796173095703,405.599517822266,400.54541015625,417.919586181641,402.338165283203,387.964477539062,388.141845703125,399.732147216797,399.633148193359,397.023223876953,405.141845703125,247.127685546875,124.931030273438,169.16780090332,183.25537109375,236.538238525391,145.316482543945,2.48391528334287
97.4627167505475,39.2339200339201,61.4000000059605,-6.2219033241272,-14.3766260147095,-125.668212890625,977.558227539062,-1.96808195114136,-13.4090070724487,11.4409246444702,4.29122161865234,-15.5605306625366,5.5027174949646,-18.6985321044922,200.005096435547,64.2650604248047,0.5,124.938911437988,144.289962768555,2.40000009536743,94.3635101318359,3.59999990463257,-0.0171162887573242,0.0257611963897943,0.107321478426456,0.200000002980232,10,2001,3919.38110351562,124.099632263184,145.75048828125,135.832778930664,143.691650390625,131.416030883789,144.4755859375,233.074935913086,171.681640625,194.074234008789,190.890365600586,204.899658203125,172.764633178711,207.949371337891,270.776763916016,218.907180786133,231.751190185547,206.624221801758,251.060256958008,195.55192565918,205.834884643555,201.426910400391,205.325866699219,194.985473632812,200.27702331543,210.652969360352,80.9719543457031,151.797546386719,165.228271484375,161.61882019043,102.820823669434,221.691986083984,58.7664184570312,155.50114440918,100.216773986816,170.268966674805,81.9658508300781,28.3498497009277,78.341796875,79.033447265625,81,79,81,79,419.442138671875,418.325164794922,404.1337890625,402.208709716797,410.592559814453,407.983367919922,385.005920410156,375.839935302734,394.130950927734,392.157073974609,395.113616943359,392.706176757812,251.669616699219,122.608657836914,179.742599487305,191.168640136719,248.758712768555,143.780578613281,2.48414424728105
97.4716999033887,39.2339200339201,61.4000000059605,-6.24512910842896,-14.3977279663086,-126.856437683105,972.799987792969,-1.99385893344879,-13.3439130783081,11.3500537872314,4.26557493209839,-15.5328159332275,5.47364902496338,-18.6266422271729,199.838073730469,64.2082595825195,0.474223107099533,124.906951904297,144.044738769531,2.27111554145813,94.3138046264648,3.47111535072327,-0.0170470397949219,0.0257786624133587,0.107321478426456,0.25,10,2001,3957.71850585938,120.826934814453,147.173065185547,133.283676147461,144,127.74040222168,146.716323852539,234,166.394271850586,190.197143554688,188.567337036133,203.370208740234,168.307739257812,215.456741333008,286.322052001953,221.197143554688,237.975921630859,209.826934814453,261.778778076172,208.322052001953,217.692260742188,216.865325927734,214.432662963867,213.4951171875,213.865325927734,229.75471496582,69.8750839233398,151.76448059082,151.726089477539,175.408584594727,88.9856948852539,239.432662963867,51.2836685180664,167.062454223633,103.086532592773,183.951858520508,76.6538696289062,28.4567337036133,78.5432662963867,79.5432662963867,81,79,81,79,421.173065185547,422.629791259766,406.173065185547,405.173065185547,410.259582519531,412.086517333984,370.5048828125,359.677947998047,376.961608886719,380.394287109375,377.245300292969,374.5048828125,266.668182373047,122.086532592773,189.975921630859,203.322052001953,258.802856445312,130.418350219727,2.48437321121923
97.5076325147535,39.2339200339201,60.1000003516674,-6.19780921936035,-14.5329027175903,-135.604675292969,957.02734375,-2.0021231174469,-12.7199668884277,10.7178440093994,4.27518320083618,-15.2905073165894,5.50730085372925,-18.2589321136475,201.523483276367,64.8424606323242,0.400000005960464,125.55640411377,145.935165405273,1.89999997615814,95.7629089355469,3.09999990463257,-0.0160285278320313,0.0255714189261198,0.106444217264652,0.225000008940697,10,2001,3963.57543945312,119,147.607925415039,130,138.392074584961,124.784156799316,146.392074584961,215.607925415039,150.392074584961,176.176239013672,167.176239013672,187.176239013672,151.392074584961,213.097015380859,255.431686401367,220.48908996582,222.136627197266,209.704940795898,229.920776367188,209.453506469727,220.237655639648,213.198059082031,217.590133666992,213.726760864258,215.590133666992,227.136627197266,64.0396118164062,156.334671020508,140.295059204102,181.863372802734,75.6475296020508,235.079223632812,57.0396118164062,158.647537231445,100.176231384277,186.215850830078,76.1762313842773,31.3920783996582,79,81,81,81,81,81,422.784149169922,402.097015380859,407.255462646484,396.176239013672,415.255462646484,393.920776367188,367.762329101562,377.665313720703,379.546478271484,385.625701904297,371.017791748047,390.489105224609,305.788177490234,118.590133666992,178.118835449219,199.748565673828,300.590118408203,137.396102905273,2.48528906697195
97.5255988204359,39.2339200339201,60.4000017046928,-6.28421926498413,-14.4667558670044,-137.469329833984,951.0185546875,-2.09777140617371,-12.6217060089111,10.5239343643188,4.18314599990845,-15.3191585540771,5.42021989822388,-18.212043762207,204.895645141602,66.5043487548828,0.400000005960464,126.266288757324,148.934768676758,1.89999997615814,97.2912826538086,3.09999990463257,-0.0154931518554688,0.0254696197807789,0.106444217264652,0.25,10,2001,3982.9873046875,117.719528198242,147.724044799805,128.096954345703,138.381942749023,122.719528198242,146.693222045898,233.304077148438,161.043014526367,182.718170166016,178.875411987305,194.305419921875,164.915252685547,189.585418701172,275.273254394531,195.375610351562,229.555084228516,184.37109375,247.456787109375,205.453140258789,223.347961425781,208.844116210938,208.585418701172,207.676513671875,213.681030273438,268.406005859375,63.9556427001953,165.214340209961,137.246490478516,209.717620849609,76.3022537231445,262.748443603516,47.992317199707,165.223373413086,96.990966796875,209.050689697266,72.1277618408203,30.0308113098145,79,80.0308151245117,81,80.0308151245117,81,80.0308151245117,418.951141357422,406.515258789062,404.496154785156,398.876739501953,405.329895019531,401.488952636719,375.595733642578,369.478881835938,386.348449707031,392.507019042969,387.651489257812,384.830017089844,342.388061523438,130.744247436523,179.224716186523,210.540283203125,268.097595214844,160.954071044922,2.48574699484831
97.5345819732771,39.2339200339201,61.599999666214,-6.39328813552856,-14.3872756958008,-137.185317993164,947.998657226562,-2.15567898750305,-12.6432762145996,10.4875974655151,4.08036661148071,-15.3997478485107,5.31977272033691,-18.2396697998047,205.720657348633,66.4340438842773,0.400000005960464,126.192367553711,149.64469909668,1.89999997615814,98.1625900268555,3.13643503189087,-0.015390412902832,0.025648346170783,0.106444217264652,0.300000011920929,10,2001,3988.18676757812,117.66813659668,145.879577636719,127.189422607422,136.710708618164,122.505142211914,145.042572021484,238.709289550781,157.754730224609,183.158584594727,180.631439208984,197.751861572266,163.054306030273,190.140991210938,278.590301513672,194.350967407227,235.365707397461,183.998550415039,253.85173034668,208.414138793945,220.563858032227,208.014694213867,209.955978393555,210.261413574219,215.287841796875,270.955902099609,65.9427337646484,166.142440795898,134.229034423828,199.596054077148,77.3010177612305,261.071960449219,49.4567031860352,166.803268432617,101.555122375488,208.535980224609,71.6784210205078,30.1629981994629,78.8369979858398,79.8369979858398,80.8369979858398,79.8369979858398,80.6740036010742,79.8369979858398,424.687286376953,414.149841308594,404.331848144531,398.837005615234,407.925140380859,407.035278320312,366.898590087891,365.107147216797,386.995574951172,391.20703125,381.992584228516,377.676879882812,318.609161376953,114.41983795166,179.823822021484,187.579833984375,242.946960449219,148.817825317383,2.48597595878649
97.5435651261183,39.2339200339201,63.1000027060509,-6.34315013885498,-14.41530418396,-137.353408813477,947.795104980469,-2.09086012840271,-12.586217880249,10.4953575134277,4.1180853843689,-15.3516283035278,5.3680853843689,-18.183614730835,205.724761962891,66.3908615112305,0.400000005960464,126.088233947754,149.662231445312,1.89999997615814,98.1394577026367,3.19999980926514,-0.0152876754760742,0.0258270744234324,0.106444217264652,0.275000005960464,10,2001,3959.63403320312,119.017631530762,145.687271118164,128.690185546875,138.362716674805,123.359817504883,145.359817504883,237.130172729492,153.424743652344,179.693283081055,179.368743896484,196.548904418945,158.781661987305,194.105499267578,270.401824951172,203.131851196289,239.917434692383,190.857498168945,249.496002197266,211.047088623047,220.958709716797,213.772537231445,216.129455566406,214.020538330078,220.05290222168,254.286285400391,60.0002059936523,163.468933105469,125.69930267334,185.168243408203,70.9560165405273,272.580841064453,52.3921813964844,173.955612182617,107.843276977539,214.386169433594,74.634162902832,30.6578159332275,78.3274536132812,79.3421859741211,80.3274536132812,79.3421859741211,79.6696395874023,79.3421859741211,426.356903076172,416.327453613281,403.129669189453,398.342193603516,409.1767578125,406.563629150391,362.596008300781,362.713836669922,382.770355224609,385.528350830078,376.802703857422,373.383453369141,312.058410644531,120.520614624023,190.822021484375,193.004577636719,255.801071166992,158.240249633789,2.48620492272467
97.5525482789594,39.2339200339201,61.9000010192394,-6.26692390441895,-14.4895868301392,-137.554748535156,950.240478515625,-2.03404092788696,-12.5680818557739,10.5340414047241,4.20155382156372,-15.2980766296387,5.45155382156372,-18.156566619873,205.569091796875,66.2841186523438,0.400000005960464,125.949607849121,149.48503112793,1.89999997615814,98.0690002441406,3.19999980926514,-0.0151849365234375,0.0260058008134365,0.109372772276402,0.25,10,2001,3973.96850585938,120,146.52424621582,130,140,124.524253845215,146.52424621582,229.23323059082,155.71826171875,179.62126159668,180.09700012207,191.8544921875,161.76676940918,210.154800415039,258.757476806641,221.582046508789,237.80598449707,210.727554321289,241.8544921875,213.04850769043,219.90299987793,219.04850769043,222.09700012207,215.47575378418,223,259.348815917969,58.1455116271973,167.291015625,124.71826171875,188.009292602539,67.57275390625,273.087707519531,55.0485038757324,174.28173828125,115.19401550293,217.95149230957,74.3787384033203,30.4757480621338,78,79.5242538452148,80,79.5242538452148,79.5242538452148,79.5242538452148,427.048492431641,416,407.242523193359,398.524261474609,415.291015625,402.378753662109,359.902984619141,364.097015380859,373.708984375,379.378753662109,369.233245849609,374.621246337891,326.106292724609,153.164077758789,210.582046508789,219.824554443359,277.815277099609,193.212585449219,2.48643388666285
97.5615314318006,39.2339200339201,59.5999993383884,-6.39935827255249,-14.4006509780884,-135.276062011719,950.636840820312,-2.09071350097656,-12.7380990982056,10.6473865509033,4.08420705795288,-15.4139719009399,5.33099174499512,-18.2863121032715,208.227142333984,67.7641983032227,0.400000005960464,126.580772399902,151.914291381836,1.89999997615814,99.2629470825195,3.19999980926514,-0.0150821990966797,0.0261845290660858,0.110181175172329,0.300000011920929,10,2001,4020.98901367188,120.3759765625,147.3759765625,129.6240234375,139.6240234375,125,147,225.50390625,159.6240234375,183.1279296875,180.49609375,190.50390625,164.744125366211,226.383804321289,252.120101928711,231.8720703125,228.736297607422,222.368148803711,233.360321044922,214.751953125,215.744125366211,217.368148803711,218.736297607422,215.3759765625,217.360321044922,256.825103759766,58.3681526184082,162.848587036133,129.3759765625,193.488265991211,67.4960861206055,258.232391357422,54.1201095581055,166.992172241211,110.352500915527,209.104461669922,70.8720626831055,30.7519569396973,78.751953125,80.751953125,80.751953125,80.3759765625,80.751953125,80.751953125,429.50390625,414.49609375,415.0078125,401.6318359375,422.8798828125,403.759796142578,356.1201171875,369.759796142578,368,379.6318359375,362.1201171875,378.8798828125,309.049682617188,149.305541992188,210.720657348633,210.809448242188,262.569244384766,180.90608215332,2.48666285060103
97.5705145846418,39.2339200339201,59.0000003576279,-6.64032411575317,-14.2256803512573,-132.01872253418,950.253540039062,-2.21904754638672,-12.9949188232422,10.7758712768555,3.86175894737244,-15.6268939971924,5.10608530044556,-18.5028324127197,211.592803955078,68.8706283569336,0.400000005960464,126.923927307129,154.600311279297,1.89999997615814,101.219940185547,3.19999980926514,-0.014979460144043,0.02636325545609,0.110181175172329,0.400000005960464,10,2001,4028.83227539062,120.202239990234,148.340866088867,129.114593505859,139.114593505859,124.544548034668,147.227722167969,228.224822998047,158.203689575195,185.567123413086,179.141525268555,193.907989501953,160.776641845703,228.23600769043,250.028396606445,229.205139160156,221.376525878906,217.208053588867,227.312911987305,212.127227783203,208.588500976562,212.435775756836,210.237899780273,213.835891723633,208.124771118164,242.002532958984,55.2575721740723,152.965225219727,130.340866088867,191.929550170898,66.5969772338867,253.161636352539,48.3848075866699,165.87712097168,101.823692321777,203.416305541992,69.1160430908203,32.6817169189453,79.543098449707,81.543098449707,81.543098449707,80.6576843261719,81.543098449707,81.543098449707,431.997100830078,414.052429199219,417.261505126953,404.286987304688,424.743896484375,408.626373291016,356.533355712891,377.586791992188,370.960418701172,385.475128173828,362.077911376953,383.248840332031,274.605560302734,116.551696777344,192.249542236328,190.340927124023,247.195037841797,132.228286743164,2.48689181453921
97.579497737483,39.2339200339201,59.0000003576279,-6.53860521316528,-14.3193416595459,-132.882583618164,953.221984863281,-2.1277539730072,-12.9038696289062,10.7761154174805,3.96254920959473,-15.5452632904053,5.23026371002197,-18.4583587646484,209.771514892578,67.5143280029297,0.400000005960464,126.08602142334,152.751724243164,1.89999997615814,100.626892089844,3.19999980926514,-0.0149551483154297,0.0265117399394512,0.110181175172329,0.300000011920929,10,2001,3972.24243164062,118.788597106934,149.076812744141,128.682037353516,138.602554321289,123.525733947754,147.419174194336,229.813949584961,155.654022216797,187.948532104492,180.370376586914,197.581771850586,157.654022216797,221.644104003906,250.633239746094,225.916885375977,218.865417480469,211.329772949219,229.080444335938,205.47770690918,198.890579223633,208.895156860352,205.974655151367,210.478652954102,203.158020019531,259.211791992188,55.2357978820801,156.385055541992,130.599884033203,198.755432128906,68.2087326049805,257.247802734375,41.6340103149414,170.310897827148,106.081398010254,209.991226196289,68.7398071289062,34.3126182556152,79.3423538208008,81.2628631591797,81.2628631591797,80.3423538208008,81.2628631591797,81.2628631591797,432.122955322266,416.2060546875,413.626007080078,402.654022216797,422.596252441406,408.944915771484,362.662231445312,385.561004638672,377.74169921875,391.371337890625,367.108459472656,387.897064208984,279.341430664062,115.898017883301,181.12370300293,211.161270141602,266.617614746094,123.883346557617,2.48712077847739
97.5884808903242,39.2339200339201,62.100000679493,-6.41936588287354,-14.4137849807739,-135.165802001953,953.227416992188,-2.0680820941925,-12.7325830459595,10.6645011901855,4.06609106063843,-15.424503326416,5.34375095367432,-18.3566074371338,208.72265625,66.9024200439453,0.400000005960464,125.900520324707,151.787506103516,1.89999997615814,100.235801696777,3.19999980926514,-0.0150090469360352,0.0266360435634851,0.110181175172329,0.200000002980232,10,2001,3991.46752929688,118,147.055618286133,126.644500732422,136.055618286133,123,145.644500732422,228.055618286133,152.055618286133,189,182.177749633789,200.177749633789,154.055618286133,208.811370849609,252.177749633789,222.055618286133,216.055618286133,199.811370849609,230.411117553711,209.421997070312,195.177749633789,209.355499267578,206.944381713867,215.244247436523,203.355499267578,259.867004394531,54.2333755493164,147.100372314453,125.52237701416,191.278121948242,66.4667510986328,242.622756958008,44.0664978027344,165.578002929688,108.233375549316,201.511505126953,71.5332489013672,31.2890014648438,79.5888748168945,81,81,80.5888748168945,81,81,423.989135742188,411.933502197266,408.466735839844,399.055633544922,414.166870117188,406.644500732422,366.5888671875,393.299865722656,382.177764892578,394,370,390,303.199493408203,118.822250366211,173.877868652344,213.689254760742,252.845260620117,137.899627685547,2.48734974241557
97.5974640431654,39.2339200339201,64.6999999880791,-6.55432367324829,-14.3447322845459,-133.850372314453,951.61083984375,-2.15173768997192,-12.8694343566895,10.7176971435547,3.94126844406128,-15.5556535720825,5.21418237686157,-18.4424133300781,212.170272827148,68.3485260009766,0.400000005960464,125.965484619141,154.172256469727,1.89999997615814,101.275115966797,3.19999980926514,-0.0150629455566406,0.026769008487463,0.110231801867485,0.25,10,2001,4013.95434570312,117.118728637695,145.440643310547,125,134.881271362305,122.559364318848,144.440643310547,222.915542602539,146.915542602539,189.881271362305,181.237457275391,198.796813964844,154.643814086914,190.865371704102,247.712371826172,212.068557739258,211.796813964844,183.627914428711,224.712371826172,215.559356689453,196,208.796813964844,208.559356689453,220.118728637695,208.525085449219,262.778442382812,54.7625427246094,137.321914672852,114.390464782715,183.643814086914,66.2031784057617,233.168899536133,48.1187286376953,160.321914672852,107.881271362305,190.881271362305,74,28,79.1187286376953,81,80.5593643188477,80.5593643188477,80.5593643188477,81,418.321899414062,410.525085449219,407.762542724609,398.762542724609,411.084442138672,404.118713378906,366.118713378906,393.474914550781,383.440643310547,392.678100585938,368.237457275391,387.356170654297,316.678100585938,121.965721130371,174.965728759766,190.221557617188,251.031799316406,137.543472290039,2.48757870635375
97.6064471960066,39.2339200339201,64.5999982953072,-6.55669260025024,-14.3614559173584,-134.990203857422,951.192504882812,-2.16433477401733,-12.8038673400879,10.6395330429077,3.94015645980835,-15.5543403625488,5.22726964950562,-18.4120445251465,212.589691162109,68.5395355224609,0.400000005960464,125.966087341309,154.482376098633,1.89999997615814,101.410919189453,3.19999980926514,-0.0151168441772461,0.02691157348454,0.110413737595081,0.275000005960464,10,2001,4018.0625,116.100135803223,145.657516479492,125.292419433594,135.607452392578,121.757652282715,144.657516479492,221.982223510742,144.812561035156,190.022613525391,179.785110473633,197.712417602539,156.237503051758,182.075744628906,253.882308959961,206.995056152344,215.098663330078,178.045135498047,231.467132568359,214.172821044922,196,205.080673217773,206.003158569336,218.51530456543,209.382873535156,267.021026611328,55.3376426696777,140.604293823242,106.166198730469,185.529922485352,68.7496566772461,242.930786132812,48.5622177124023,165.066375732422,111.824028015137,196.286102294922,75.4620819091797,28.5848331451416,77.8077239990234,81,79.7576522827148,80.0500717163086,80.0500717163086,81,418.972534179688,411.967712402344,408.045227050781,398.16796875,413.187438964844,400.760803222656,366.854644775391,392.32470703125,387.16650390625,396.121276855469,367.954772949219,389.856323242188,292.926574707031,106.957496643066,181.30387878418,159.076675415039,259.536437988281,110.558219909668,2.48780767029193
97.6154303488478,39.2339200339201,60.6000013649464,-6.41510438919067,-14.4844808578491,-137.610595703125,951.136779785156,-2.06403303146362,-12.5905046463013,10.5264711380005,4.07738637924194,-15.4171371459961,5.36776304244995,-18.2728118896484,211.049240112305,68.4332962036133,0.400000005960464,126.186889648438,153.739974975586,1.89999997615814,100.774757385254,3.19999980926514,-0.0151707443237305,0.0270648207515478,0.110413737595081,0.25,10,2001,4002.7998046875,115.711570739746,145.775177001953,125.801689147949,135.486740112305,121.054092407227,144.630966186523,222.898223876953,147.44108581543,187.008560180664,179.593872070312,197.700988769531,153.991561889648,186.016876220703,275.103546142578,213.36784362793,225.322189331055,184.656280517578,253.274276733398,208.268463134766,193.836761474609,200.774230957031,200.369155883789,213.358581542969,201.441329956055,253.311981201172,53.7126388549805,146.694442749023,105.261917114258,186.244918823242,69.5768661499023,250.522644042969,50.4315757751465,171.106994628906,117.016883850098,206.476989746094,78.1526565551758,29.6033763885498,77.1983108520508,81,79.1983108520508,80,79.8557815551758,81,418.316009521484,409.515411376953,405.334075927734,394.0732421875,412.001068115234,398.317077636719,373.41552734375,397.305328369141,394.549163818359,406.215087890625,374.127105712891,400.241577148438,255.946502685547,72.8542404174805,185.675430297852,133.431945800781,233.078948974609,85.3206558227539,2.48803663423011
97.624413501689,39.2339200339201,60.8000010251999,-6.31261444091797,-14.5768585205078,-139.869827270508,951.340759277344,-2.01950764656067,-12.4420824050903,10.4225749969482,4.16069602966309,-15.3289794921875,5.46502923965454,-18.183666229248,213.096069335938,68.5483169555664,0.400000005960464,125.604713439941,154.567337036133,1.89999997615814,101.539245605469,3.19999980926514,-0.0152246429443359,0.027229992672801,0.110413737595081,0.225000008940697,10,2001,3988.85498046875,114.693069458008,147.613861083984,126,136.306930541992,120.346534729004,145.960388183594,212.970321655273,149.960388183594,180.811889648438,176.425750732422,190.544570922852,153,188,284.960388183594,216.653457641602,230.306930541992,188.960388183594,262,192.396072387695,186.198028564453,192.851501464844,191.851501464844,198.703002929688,189.584182739258,257.376220703125,55.2673225402832,158.069290161133,107.920783996582,194.10888671875,71.6138610839844,260.455444335938,49.3861427307129,174.306930541992,119,218.10888671875,79.6534652709961,30,77,81,79,80,79.3465347290039,81,420.267333984375,413.841583251953,404.653472900391,393.306915283203,414.574249267578,402.841583251953,387.336608886719,400.306915283203,402.841583251953,415.188110351562,387.029693603516,407.574249267578,247.495040893555,58.039608001709,189.920791625977,137.603927612305,223.613861083984,76,2.48826559816829
97.6333966545302,39.2339200339201,60.8000010251999,-6.3793797492981,-14.5028743743896,-140.124771118164,948.561157226562,-2.11803913116455,-12.4702053070068,10.3521661758423,4.06378316879272,-15.3600816726685,5.35675477981567,-18.2101669311523,215.069183349609,69.2290191650391,0.400000005960464,125.428604125977,155.730056762695,1.89999997615814,102.341522216797,3.19999980926514,-0.0153492614746094,0.027091009542346,0.110413737595081,0.200000002980232,10,2001,3986.623046875,114,147.484222412109,126,135.989486694336,120,145.484222412109,206.010513305664,153.526306152344,177.505264282227,175.010513305664,185.505264282227,153.505264282227,203.663055419922,309.747222900391,227.105194091797,247.168319702148,208.189346313477,285.241943359375,181.494735717773,183.021041870117,186.484222412109,187.505264282227,190.010513305664,184.010513305664,261.968444824219,54.9789619445801,153.88427734375,114.04207611084,190.40007019043,71.9894790649414,252.863250732422,47.4947395324707,171.463180541992,117.989479064941,209.347473144531,81.0105209350586,29.4947395324707,77,80.494743347168,79,80,79,80.494743347168,416.442138671875,412.947387695312,402.978973388672,391.978973388672,410.431610107422,399.421112060547,402.063110351562,404.536804199219,410.536804199219,420.515777587891,400.052612304688,416.568389892578,236.842208862305,59.0210380554199,186.442138671875,147.494735717773,208.831680297852,73.4737014770508,2.48849456210647
97.6423798073714,39.2339200339201,58.6999990046024,-6.47675371170044,-14.3642873764038,-139.345794677734,944.717895507812,-2.21932363510132,-12.5319576263428,10.3126335144043,3.91214203834534,-15.4194822311401,5.17898225784302,-18.2680835723877,216.875854492188,69.1222686767578,0.400000005960464,124.481132507324,156.332580566406,1.98146224021912,103.278388977051,3.2814621925354,-0.0154788208007813,0.0269303023815155,0.110413737595081,0.25,10,2001,4010.75219726562,114.357070922852,146.357070922852,127.071220397949,136.428298950195,120.357070922852,144.357070922852,206.642929077148,153.500473022461,176.928771972656,173.857559204102,185.285858154297,151.857559204102,217.214630126953,326.572662353516,232.358032226562,259.072174072266,221.000961303711,300.501434326172,193.854690551758,188.213668823242,189.641967773438,190.499526977539,202.783462524414,186.071228027344,259.714141845703,53,143.714141845703,120.856597900391,179.214630126953,71.7141494750977,245.35612487793,47,169.071228027344,117.357070922852,195,80.9287796020508,29.3570747375488,77,80.3570709228516,79,80,79,80.3570709228516,398.145324707031,401.572662353516,393.501434326172,385.000946044922,391.859466552734,386.643890380859,408,411.213684082031,416.856597900391,424.142456054688,405.357086181641,426.927825927734,270.562133789062,66.7131958007812,178.500473022461,153.070266723633,212.282028198242,79.5697937011719,2.48872352604465
97.6513629602126,39.2339200339201,59.0000003576279,-6.62300825119019,-14.1602735519409,-136.584045410156,941.671691894531,-2.37166285514832,-12.7454490661621,10.3737859725952,3.71365118026733,-15.5424757003784,4.95856475830078,-18.3871574401855,219.162185668945,69.7231521606445,0.400000005960464,124.730072021484,158.285568237305,2.16383600234985,104.718536376953,3.46383571624756,-0.0156083801269531,0.026769595220685,0.108478739857674,0.200000002980232,10,2001,4051.34008789062,114.657302856445,147.075119018555,128.5986328125,138.882659912109,120.448394775391,145.075119018555,204.880340576172,150.354354858398,175.610275268555,171.011657714844,184.267578125,148.802749633789,212.162048339844,311.558776855469,223.023468017578,251.173706054688,212.410705566406,286.884887695312,214.063720703125,195.720611572266,200.647811889648,200.33073425293,222.718551635742,190.941162109375,264.701690673828,52.164363861084,147.448226928711,125.765312194824,180.011489868164,72.3145980834961,254.455505371094,47.835636138916,173.941162109375,120.373115539551,197.297988891602,78.7746429443359,30.0751190185547,76.7910919189453,80.6573028564453,78.7910919189453,79.5821838378906,78.5821838378906,80.6573028564453,379.189727783203,392.826049804688,380.720520019531,376.201782226562,373.29541015625,379.215759277344,406.746551513672,412.244445800781,418.631683349609,422.601257324219,403.777130126953,429.185760498047,346.489562988281,81.1266098022461,178.696884155273,167.366104125977,249.176208496094,97.8473815917969,2.48895248998283
97.6603461130538,39.2339200339201,58.2000017166138,-6.7647385597229,-13.951358795166,-133.19938659668,939.871398925781,-2.47840881347656,-12.9589405059814,10.4805307388306,3.5460741519928,-15.6729116439819,4.76633930206299,-18.5028038024902,221.95539855957,71.1974639892578,0.400000005960464,125.274856567383,160.743194580078,2.07698440551758,105.98095703125,3.34677791595459,-0.0157379379272461,0.0266088880598545,0.107444696128368,0.225000008940697,10,2001,4093.00341796875,114.342742919922,147.718017578125,128.939239501953,140.375274658203,119.563957214355,145.718017578125,202.542541503906,150.010711669922,175.778778076172,170.474975585938,184.425338745117,147.63542175293,204.715377807617,295.74609375,215.334121704102,243.737213134766,206.305480957031,276.461608886719,223.948272705078,204.781433105469,213.625274658203,216.783645629883,235.256393432617,200.217468261719,273.487915039062,50.6747779846191,154.334259033203,129.23664855957,187.123748779297,72.1108169555664,259.236236572266,49.6290321350098,182.306030273438,125.826332092285,202.229843139648,76.9674606323242,30.7180194854736,76.281982421875,80.281982421875,78.281982421875,78.6247253417969,77.6247253417969,80.281982421875,372.481353759766,390.585357666016,372.455230712891,369.891265869141,365.448822021484,377.110412597656,403.570343017578,404.975952148438,413.980255126953,412.385833740234,398.637512207031,422.329406738281,379.093017578125,96.4746932983398,186.4990234375,181.016815185547,278.338714599609,113.878196716309,2.48918145392101
98.3250994233022,39.2339200339201,82.9000025987625,-6.27280950546265,-11.8170232772827,-77.5205841064453,992.041259765625,-0.0848872885107994,-15.3366622924805,15.2517747879028,4.23785781860352,-15.9380807876587,5.33364248275757,-18.9556770324707,239.165908813477,76.3883590698242,0.400000005960464,123.063026428223,174.134567260742,1.88331651687622,116.812393188477,2,-0.0162370574951172,0.0224404968321323,0.0937659591436386,0.350000023841858,10,2001,3653.92919921875,108.271003723145,149.345901489258,126.654106140137,141.457992553711,114.541999816895,148.27099609375,212.598190307617,153.018981933594,157.028091430664,152.915512084961,162.420303344727,144.140197753906,223.931304931641,329.236236572266,242.117538452148,266.232543945312,227.417114257812,293.179077148438,184.823364257812,203.607299804688,191.606536865234,191.606063842773,180.962799072266,196.877334594727,270.815277099609,51.8324737548828,174.027603149414,115.942359924316,221.740386962891,65.5415191650391,333.525299072266,46.4952011108398,243.377456665039,146.532135009766,282.83447265625,79.9354629516602,55.1778831481934,74.1589050292969,79.2710037231445,75.8879013061523,78.2710037231445,75.8130035400391,78.6168975830078,432.943542480469,424.496673583984,417.103210449219,418.336517333984,417.317535400391,429.356475830078,382.504089355469,371.896026611328,390.907165527344,389.982543945312,402.102783203125,374.495208740234,374.171234130859,76.8418579101562,194.474273681641,133.881484985352,260.653900146484,80.2177886962891,2.50612478534631
98.3340825761434,39.2339200339201,82.9000025987625,-5.35582733154297,-12.4822511672974,-84.2009506225586,1003.49981689453,0.472472846508026,-14.3543872833252,14.8268604278564,5.14490509033203,-15.1542997360229,6.26678037643433,-18.2895622253418,228.97038269043,72.9704895019531,0.368749111890793,122.879661560059,166.962783813477,1.759441614151,112.330459594727,1.96874916553497,-0.0167011474609375,0.0225406866520643,0.0937659591436386,0.325000017881393,10,2001,3392.53686523438,108.65406036377,149.654067993164,126.222366333008,140.815444946289,115.431694030762,148.530487060547,204.567687988281,145.592468261719,152.938720703125,147.976531982422,158.999694824219,138.605819702148,212.463623046875,343.327362060547,238.287887573242,275.961181640625,222.546447753906,309.624053955078,180.963485717773,200.39680480957,196.688949584961,194.517440795898,182.70361328125,190.449279785156,260.678588867188,57.4883232116699,179.135803222656,120.326622009277,210.195739746094,69.9444808959961,322.894195556641,45.7182693481445,239.479507446289,155.219757080078,277.90625,76.7313079833984,53.5337219238281,75.7398147583008,79.6540603637695,76.9621810913086,78.6540603637695,76.9621810913086,79.4316940307617,444.048370361328,427.267059326172,422.608154296875,423.794342041016,427.359710693359,433.583404541016,375.765777587891,372.336120605469,381.134582519531,381.688232421875,389.381408691406,376.189697265625,376.878051757812,65.6087417602539,189.350479125977,134.60481262207,250.058624267578,76.1118392944336,2.50635374928449
98.3430657289846,39.2339200339201,78.2999992370605,-5.17815589904785,-12.6022253036499,-85.4320983886719,1005.64862060547,0.586519658565521,-14.1691741943359,14.7556934356689,5.31341028213501,-15.0035953521729,6.44027662277222,-18.1677055358887,226.387084960938,71.77880859375,0.337996691465378,122.436027526855,164.87190246582,1.66386568546295,111.360145568848,1.93799674510956,-0.0171652389526367,0.0226829424500465,0.0937659591436386,0.449999988079071,10,2001,3710.92333984375,108.369819641113,149.369827270508,126,141.890533447266,115.369819641113,147.739639282227,193.286956787109,135.547317504883,148.849105834961,144.739639282227,153.328384399414,133.849105834961,214.973403930664,346.328399658203,241.822509765625,282.781066894531,223.041427612305,316.109466552734,178.109466552734,201.150894165039,195.588745117188,194.109466552734,184.890533447266,195.343231201172,321.115631103516,85.9202117919922,222.346313476562,141.727890014648,264.553466796875,93.8787841796875,362.757568359375,51.1923294067383,267.961639404297,159,325.059356689453,81.822509765625,60.0828666687012,75.1094589233398,79.3698196411133,76.1094589233398,78.3698196411133,76.1094589233398,79.3698196411133,418.777984619141,418.505889892578,403.121215820312,406.902282714844,408.860870361328,412.860870361328,404.112548828125,380.343231201172,401.659851074219,398.988250732422,405.248596191406,391.795928955078,380.041442871094,62.5207176208496,194.973403930664,137.520721435547,263.207183837891,75,2.50658271322267
97.4986493619123,39.2249368810789,56.2999993562698,-5.93876600265503,-14.6075553894043,-135.20426940918,961.75341796875,-1.75459051132202,-12.5588159561157,10.8042259216309,4.5055685043335,-15.1130342483521,5.75031518936157,-18.1244621276855,197.687576293945,63.918212890625,0.402822911739349,125.289253234863,143.017501831055,1.9028228521347,93.3801116943359,3.10282278060913,-0.0163972747802734,0.0260818470269442,0.107014745473862,0.200000002980232,10,2001,3881.81909179688,120.354011535645,150.411499023438,131.765518188477,142.765518188477,126.354011535645,148.411499023438,220.531021118164,145.588500976562,177.765518188477,170.354019165039,192.588500976562,152.942520141602,208.468978881836,267.703460693359,209.822998046875,230.114959716797,203.291976928711,244.114959716797,193.765518188477,197.703460693359,202.765518188477,201.468978881836,190.942520141602,200.703460693359,218.052917480469,63.8804740905762,145.287399291992,129.296539306641,162.402359008789,82.5310211181641,233.114959716797,47.4114952087402,172.172439575195,109.062042236328,189.459854125977,71.9425201416016,29,79,80,80.5885009765625,79.4114990234375,80.4114990234375,80,453.64599609375,459.942504882812,434.526458740234,430.411499023438,441.64599609375,439.411499023438,352.588500976562,342.35400390625,362.119537353516,367.531036376953,367.411499023438,359.473541259766,301.473541259766,98.5885009765625,167.239059448242,214.00456237793,254.540145874023,115.588500976562,2.48562922248941
97.5076325147535,39.2249368810789,56.6000007092953,-5.94725275039673,-14.6263961791992,-135.980712890625,960.078186035156,-1.76636707782745,-12.522873878479,10.7565069198608,4.50513172149658,-15.0986242294312,5.75243234634399,-18.0867137908936,198.001159667969,63.8110961914062,0.400000005960464,124.988006591797,142.961837768555,1.89999997615814,93.4679641723633,3.09999990463257,-0.0160925048828125,0.0262731872498989,0.106444217264652,0.225000008940697,10,2001,3881.955078125,122.88045501709,149.559768676758,132.559768676758,144,128.440231323242,147.559768676758,226.962066650391,152.603439331055,181.201141357422,175.962066650391,195.201141357422,158.962066650391,207.320693969727,265.760925292969,211.641372680664,232.163208007812,203.081604003906,248.804580688477,199.402297973633,196.641372680664,202.679306030273,198.559768676758,193.880462646484,196.559768676758,213.842514038086,60.5597724914551,138.962066650391,131.23908996582,144.918395996094,84.5597686767578,226.798858642578,49.2011451721191,160.27702331543,114,170.798858642578,76.2011489868164,28.5597705841064,79,80,81.4402313232422,79.4402313232422,80.4402313232422,80,444.956329345703,461.119537353516,430.440216064453,431.320678710938,436.918395996094,440.320678710938,355.641387939453,342.239074707031,366.320678710938,369.119537353516,369.201141357422,363.119537353516,291.032196044922,99.8804550170898,176.081604003906,232.005722045898,267.478179931641,117.760917663574,2.48585823886408
97.5166156675947,39.2249368810789,56.4000010490417,-6.02799797058105,-14.5727319717407,-136.626953125,956.828857421875,-1.85023880004883,-12.5166807174683,10.6664419174194,4.44624137878418,-15.1449880599976,5.68061828613281,-18.0873394012451,200.059417724609,64.3467712402344,0.400000005960464,125.270500183105,144.633270263672,1.89999997615814,94.7990264892578,3.09999990463257,-0.0157877349853516,0.0264645274728537,0.106444217264652,0.25,10,2001,3894.32788085938,122.731979370117,149.342041015625,131.17414855957,143.416046142578,127.782043457031,147.634017944336,230.67350769043,159.665100097656,184.333633422852,181.133377075195,198.333633422852,163.549438476562,207.681915283203,267.215789794922,212.947784423828,238.423202514648,205.189682006836,256.954925537109,198.951873779297,204.955154418945,204.361907958984,202.721649169922,195.191848754883,201.013610839844,218.573379516602,60.3420372009277,139.169830322266,128.324325561523,146.022018432617,84.6340103149414,224.25032043457,52.0416564941406,153.942794799805,111.080261230469,170.294128417969,77.8737640380859,28.3420372009277,79,80,81.6579666137695,79.9499359130859,80.6579666137695,80,437.968902587891,455.136566162109,429.198089599609,429.930084228516,430.722686767578,438.054138183594,363.079223632812,339.908264160156,366.389953613281,366.932220458984,374.085479736328,361.224212646484,271.074371337891,97.3961868286133,175.269958496094,244.456451416016,270.699859619141,118.923828125,2.48608725523875
97.5255988204359,39.2249368810789,54.9000017344952,-6.1759557723999,-14.4591083526611,-135.837310791016,952.729125976562,-1.93539893627167,-12.5808086395264,10.6454105377197,4.29236745834351,-15.2403869628906,5.52889966964722,-18.1444568634033,203.959350585938,66.419189453125,0.400000005960464,126.244842529297,148.164581298828,1.89999997615814,96.3890380859375,3.09999990463257,-0.0154913116455078,0.0266487952321768,0.106444217264652,0.25,10,2001,3923.13110351562,121.368316650391,149.226699829102,129.882507324219,142.252944946289,126.224578857422,148.028366088867,229.882507324219,159.252944946289,186.178268432617,182.747055053711,199.89079284668,164.431213378906,205.218414306641,268.121551513672,210.333786010742,237.163818359375,201.69807434082,254.244659423828,189.193542480469,212.561248779297,209.099548339844,209.53288269043,194.508026123047,207.615859985352,220.326049804688,63.3889350891113,134.993621826172,131.338363647461,158.28239440918,88.3343353271484,227.162231445312,52.8016586303711,154.52033996582,106.127159118652,173.755340576172,76.8824996948242,28.9453964233398,79,80,81.1983413696289,80,80.1983413696289,80,441.075225830078,447.234252929688,426.4775390625,425.702117919922,427.509918212891,432.297149658203,369.731231689453,340.060760498047,364.422912597656,365.368316650391,377.982055664062,360.744934082031,264.210113525391,95.9797134399414,170.131195068359,244.767135620117,283.903869628906,119.751091003418,2.48631627161342
97.5345819732771,39.2249368810789,54.9000017344952,-6.27241373062134,-14.4081611633301,-135.691513061523,950.586547851562,-1.98108053207397,-12.6000003814697,10.6189203262329,4.21494722366333,-15.3015575408936,5.45435285568237,-18.168062210083,204.763900756836,66.3735122680664,0.400000005960464,126.168914794922,148.792770385742,1.89999997615814,97.2539672851562,3.13643503189087,-0.0153117401123047,0.0267340373247862,0.106444217264652,0.225000008940697,10,2001,3956.84619140625,122.613594055176,147.386413574219,130.306793212891,141.346603393555,126.96019744873,146.386413574219,230.306793212891,158.346603393555,188.613586425781,183.653396606445,201.306793212891,165.960189819336,202.386413574219,273.840789794922,209.653396606445,235.039810180664,196.119415283203,252.346603393555,183.386413574219,209.505828857422,208.733001708984,208.119415283203,190.119415283203,203.852416992188,229.414566040039,72.7611694335938,142.72135925293,147.562149047852,177.255340576172,98.4145660400391,238.374755859375,53,157.266998291016,104.653396606445,175.653396606445,77.3067932128906,29.6533985137939,79,80,81,80,80,80,448.494171142578,446.920379638672,426.306793212891,426.266998291016,431.840789794922,432.266998291016,368.119415283203,342.920379638672,364.960205078125,366.613586425781,378.039794921875,364.227172851562,260.386413574219,109.908744812012,174.800979614258,243.039810180664,291.920379638672,126.800971984863,2.48654528798809
97.5435651261183,39.2249368810789,57.1000017225742,-6.26365900039673,-14.4213132858276,-136.403686523438,950.359313964844,-1.98411428928375,-12.5568189620972,10.5727052688599,4.22215032577515,-15.2900304794312,5.47738265991211,-18.1450138092041,205.085296630859,66.2841186523438,0.400000005960464,126.441673278809,149.387451171875,1.89999997615814,97.9033508300781,2.85465931892395,-0.0151321670532227,0.0268192812800407,0.106444217264652,0.225000008940697,10,2001,3965.033203125,121.474212646484,148.525787353516,131,141.505157470703,125.979370117188,147.525787353516,236.556732177734,152.443267822266,186.463897705078,179.453582763672,199.474212646484,160.938110351562,203.020629882812,274.969055175781,204.948425292969,224.401992797852,194.515472412109,244.422622680664,187.556732177734,201.463897705078,208.010314941406,202.979370117188,191.041259765625,197.989685058594,236,70.9174728393555,148.989685058594,136.773040771484,181.938110351562,90.3504180908203,240.443267822266,51.9896850585938,163.546417236328,104.494842529297,186.103164672852,76.4845275878906,29.4948425292969,79,80.5051574707031,81,80,80.5051574707031,80.5051574707031,449.463897705078,449.505157470703,425.989685058594,427.494842529297,433.979370117188,432.989685058594,362.979370117188,348.536102294922,366,370.020629882812,374.979370117188,369.020629882812,279.711486816406,105.340103149414,175.453582763672,227.855575561523,289.958740234375,124.422630310059,2.48677430436276
97.5525482789594,39.2249368810789,59.2000000178814,-6.18961906433105,-14.5086698532104,-137.230361938477,952.093933105469,-1.92729520797729,-12.5,10.5727052688599,4.30071020126343,-15.2341175079346,5.56887722015381,-18.096227645874,204.359680175781,66.1773681640625,0.400000005960464,126.838920593262,149.254547119141,1.89999997615814,97.8771820068359,2.40024733543396,-0.0149525955200195,0.0269045252352953,0.109372772276402,0.25,10,2001,3963.28125,119.35693359375,150.2861328125,130.2861328125,141.64306640625,124,149.64306640625,241.64306640625,153.067932128906,185.141616821289,178.926315307617,198.427749633789,160.354049682617,203.929183959961,270.572265625,202.141616821289,217.498565673828,196,237,189.430633544922,204.067932128906,208.2861328125,202.784683227539,194.64306640625,202.354049682617,238.498565673828,57.6459426879883,152.283248901367,120.354057312012,176.35693359375,72.4306259155273,244.994232177734,52.0708122253418,173.354049682617,105.784683227539,201.710998535156,73.5722503662109,29.3569374084473,79,80.64306640625,81,80,80.64306640625,80.64306640625,447.784698486328,447.144500732422,423.92919921875,423.430633544922,432.35693359375,431.64306640625,362.784698486328,348.787567138672,368.141632080078,373.784698486328,372.64306640625,366.002868652344,300.35693359375,84.6459426879883,166.359817504883,200.079452514648,276.005767822266,105.221076965332,2.48700332073743
97.5615314318006,39.2249368810789,58.1000000238419,-6.35095500946045,-14.4070653915405,-134.846038818359,951.994018554688,-1.9839676618576,-12.6700172424316,10.6860504150391,4.16366291046143,-15.3697643280029,5.4310302734375,-18.2364311218262,206.978530883789,67.6574554443359,0.400000005960464,127.51700592041,151.662124633789,1.89999997615814,99.0056304931641,2.40024733543396,-0.0147730224609375,0.0269897691905499,0.110181175172329,0.325000017881393,10,2001,3990.97802734375,119.240280151367,149.267028808594,128.849563598633,141.133514404297,123.373794555664,148.924774169922,240.716049194336,162.147705078125,188.825103759766,184.74006652832,200.674667358398,168.414733886719,203.026748657227,270.203948974609,206.451324462891,222.109069824219,195.791259765625,238.669891357422,187.674926757812,208.972991943359,208.936920166016,205.958633422852,194.968460083008,207.909912109375,247.075042724609,53.1337699890137,159.232757568359,128.623474121094,182.293609619141,69.8399887084961,262.392578125,52.1383018493652,177.866226196289,107.914947509766,210.698684692383,71.7427978515625,30.0752201080322,79.2087326049805,80.3422546386719,81.2087326049805,80,80.5509872436523,80.3422546386719,445.740234375,439.310882568359,421.565612792969,416.8740234375,431.614074707031,428.002471923828,366.584838867188,351.716125488281,370.155212402344,377.167358398438,372.550994873047,364.087615966797,301.91015625,84.0997467041016,165.162826538086,183.96435546875,259.233612060547,93.4156799316406,2.4872323371121
97.5705145846418,39.2249368810789,59.799998998642,-6.59175491333008,-14.2159566879272,-131.199264526367,951.612060546875,-2.09071350097656,-12.9268369674683,10.8361234664917,3.95345854759216,-15.5784606933594,5.2078914642334,-18.4451274871826,210.279754638672,68.7638778686523,0.400000005960464,127.943580627441,154.508071899414,1.89999997615814,101.08903503418,2.40024733543396,-0.0145934494018555,0.0270750131458044,0.110181175172329,0.375,10,2001,4006.87670898438,117.845222473145,148.939453125,127.624038696289,140.939453125,121.845222473145,148.22119140625,239.260711669922,165.315414428711,191.094223022461,186.476043701172,201.476043701172,171.133758544922,204.639205932617,271.626708984375,211.157302856445,225.227981567383,196.008377075195,241.050582885742,194.85546875,202.616317749023,212.564407348633,208.094223022461,196.994140625,205.241287231445,258.603271484375,58.1077995300293,162.691375732422,132.336441040039,195.069198608398,73.9530181884766,271.836181640625,49.2144012451172,171.86279296875,107.321266174316,214.449157714844,71.5365982055664,30.6577053070068,79.77880859375,80.71826171875,81.71826171875,80.0605545043945,81.4365158081055,80.71826171875,434.956085205078,428.223602294922,418.824188232422,411.124450683594,428.690460205078,419.378356933594,370.188446044922,369.099548339844,368.893127441406,380.841888427734,373.3759765625,375.319793701172,303.925201416016,97.5436553955078,176.735290527344,185.748748779297,250.228637695312,100.390472412109,2.48746135348677
97.579497737483,39.2249368810789,60.4000017046928,-6.59498929977417,-14.2335319519043,-131.531372070312,952.703308105469,-2.08899235725403,-12.9106845855713,10.8216915130615,3.95301604270935,-15.5844106674194,5.22640419006348,-18.4606533050537,209.850662231445,68.1910552978516,0.400000005960464,127.695518493652,154.07243347168,1.89999997615814,101.278518676758,2.40024733543396,-0.014530615234375,0.0271286815404892,0.110181175172329,0.300000011920929,10,2001,3959.92724609375,117,148.429946899414,127.570053100586,140.429946899414,121,147.429946899414,236.14973449707,164.859893798828,191.429946899414,184.719787597656,199.719787597656,169.14973449707,209.560424804688,256.048126220703,219.980743408203,223.579681396484,201.840637207031,229.038513183594,202.420318603516,202.130477905273,213.289840698242,208.429946899414,199.140106201172,205.990371704102,251.60856628418,56.7294158935547,162.289840698242,134.710159301758,197.299468994141,71.7294158935547,259.75830078125,49.2802124023438,164.579681396484,104.719787597656,212.009628295898,70.2898406982422,30.4299468994141,80.5700531005859,81,82,80.5700531005859,82,81,426.719787597656,416.019256591797,415.149719238281,402.019256591797,427,408.019256591797,370.859893798828,381.280212402344,371.560424804688,390.120849609375,373.429931640625,385.420318603516,299.729400634766,91.3283538818359,184.570053100586,172.478088378906,253.980743408203,100.019256591797,2.48769036986145
97.5884808903242,39.2249368810789,60.4000017046928,-6.38845682144165,-14.416711807251,-134.718551635742,954.492492675781,-1.96087050437927,-12.6629686355591,10.7020978927612,4.14670324325562,-15.4086418151855,5.44867563247681,-18.3017749786377,208.178833007812,67.886116027832,0.400000005960464,127.551528930664,152.635848999023,1.89999997615814,99.9756774902344,2.40024733543396,-0.014584196472168,0.0271508637815714,0.110181175172329,0.25,10,2001,3960.2666015625,115.734397888184,147.156265258789,126.734397888184,138.734405517578,120.578132629395,146.156265258789,233.578140258789,162.734405517578,190.156265258789,181.734405517578,198.843734741211,166.156265258789,212.156265258789,251.968536376953,220.937606811523,226.062393188477,204.890670776367,227.546661376953,202.468795776367,208.109329223633,215.374938964844,213.906127929688,202.531204223633,213.640533447266,239.578140258789,55.3749313354492,157.203201293945,125.453330993652,188.359466552734,69.5311965942383,257.812255859375,46.3594665527344,164.953063964844,98.3594665527344,214.062393188477,68.1562652587891,29.5781326293945,80.5781326293945,81,82,80.5781326293945,82,81,425.421875,410.421875,409.203186035156,393.468811035156,424.468811035156,399.468811035156,372.531188964844,380.890655517578,375.421875,393.203186035156,373,386.312530517578,289.093872070312,77.1562652587891,176.140808105469,150.671997070312,254.515731811523,90.2032012939453,2.48791938623612
97.5974640431654,39.2249368810789,61.9000010192394,-6.2273211479187,-14.5807027816772,-137.914978027344,955.653503417969,-1.88930749893188,-12.4632034301758,10.5738954544067,4.30613613128662,-15.2683935165405,5.61370420455933,-18.1640949249268,206.686538696289,66.7765426635742,0.400000005960464,126.46923828125,150.861892700195,1.89999997615814,99.2672424316406,2.40024733543396,-0.0146377777099609,0.0271730460226536,0.110231801867485,0.25,10,2001,3968.07104492188,114.753570556641,146.411148071289,125.206169128418,136.932464599609,120.616119384766,145.411148071289,230.605422973633,156.279586791992,188.590042114258,177.469177246094,197.399261474609,162.126754760742,203.200164794922,260.833984375,208.803298950195,225.059127807617,194.680038452148,233.986831665039,204.065231323242,207.371994018555,219.997604370117,220.764175415039,210.514251708984,218.696640014648,230.584045410156,57.2606163024902,146.323425292969,111.075889587402,174.544982910156,69.8506622314453,262.496276855469,39.9348602294922,165.23454284668,95.4929504394531,212.785430908203,67.1374435424805,29.0687236785889,80.0687255859375,81.2736968994141,82,80.3424224853516,81.7263031005859,81.2736968994141,424.289093017578,414.489379882812,404.892211914062,391.233428955078,420.317535400391,397.780853271484,372.303253173828,378.069915771484,375.110168457031,388.071105957031,369.168212890625,383.727508544922,261.434661865234,74.495246887207,159.695510864258,142.75715637207,240.229827880859,85.0711135864258,2.48814840261079
97.6064471960066,39.2249368810789,64.1999989748001,-6.22919940948486,-14.6119604110718,-138.825973510742,955.309997558594,-1.8808628320694,-12.4069328308105,10.5260696411133,4.31129264831543,-15.2659616470337,5.64453172683716,-18.1302509307861,209.554733276367,68.254150390625,0.400000005960464,126.730392456055,152.977416992188,1.89999997615814,99.9051513671875,3.12611150741577,-0.0146913589477539,0.0271952264010906,0.110413737595081,0.300000011920929,10,2001,3962.89282226562,115.69172668457,146.783081054688,125.251106262207,135.965805053711,121.69172668457,145.908630371094,224.445602416992,146.527801513672,186.554962158203,171.290283203125,192.826675415039,155.256088256836,188.66716003418,255.223937988281,197.023223876953,213.267532348633,180.450256347656,225.495651245117,209.675872802734,198.46418762207,218.301834106445,215.81819152832,215.57568359375,212.78401184082,214.598785400391,54.6141738891602,135.74674987793,107.431449890137,161.395111083984,65.9224548339844,246.340896606445,38.9062576293945,159.226318359375,99.8308563232422,199.856689453125,67.6277542114258,29,80,81.9086380004883,82,80.9086380004883,81.3424682617188,81.783088684082,421.427032470703,420.301239013672,405.787506103516,393.228118896484,419.374267578125,400.166534423828,369.114013671875,381.234558105469,375.910675048828,390.953674316406,365.050048828125,387.707000732422,223.147430419922,72.6825561523438,152.953918457031,141.342468261719,229.216796875,84.8148956298828,2.48837741898546
97.6154303488478,39.2249368810789,61.7999993264675,-6.17556047439575,-14.6733989715576,-140.727478027344,954.545043945312,-1.8450038433075,-12.2722492218018,10.4272451400757,4.37161254882812,-15.2086191177368,5.69790744781494,-18.0484275817871,209.034622192383,68.190185546875,0.400000005960464,126.722778320312,152.712219238281,1.89999997615814,99.7039108276367,3.19999980926514,-0.0147449401855469,0.0272174086421728,0.110413737595081,0.275000005960464,10,2001,3932.169921875,116.634910583496,147,126.269828796387,134.730178833008,122.634910583496,146.634918212891,216.38102722168,141.095260620117,182.555603027344,165.555603027344,190.365081787109,148.285766601562,183.904739379883,254.809478759766,193.269821166992,210.174575805664,175.904739379883,226.61897277832,202.666793823242,183.127136230469,205.492233276367,193.698684692383,201.143081665039,189.428848266602,207.365081787109,56.4444007873535,137.888793945312,110.714225769043,166.60302734375,66.8094863891602,237.730178833008,43.3491439819336,155.095260620117,102,194,70.1745681762695,29,80,82.6349105834961,82,81.6349105834961,81.6349105834961,82,420.634918212891,419.555603027344,410.079315185547,397.444396972656,424.618957519531,402.269836425781,376.698272705078,397.317260742188,384.428466796875,408.856903076172,374.237945556641,408.666412353516,210.444396972656,76.9840545654297,170.301315307617,141.634918212891,239.952178955078,89.9840545654297,2.48860643536013
97.624413501689,39.2249368810789,57.3999993503094,-6.06774473190308,-14.7567920684814,-142.131484985352,955.833740234375,-1.77197504043579,-12.1545906066895,10.3826160430908,4.4714879989624,-15.1250667572021,5.8123893737793,-17.9750671386719,208.296051025391,66.6881484985352,0.400000005960464,125.710517883301,151.470275878906,1.89999997615814,100.016174316406,3.19999980926514,-0.0147985214233398,0.027239590883255,0.110413737595081,0.25,10,2001,3910.07690429688,117.486763000488,146.026473999023,127.486763000488,134.486755371094,123.486763000488,146.026473999023,208.105895996094,143.894104003906,177.566192626953,166.407333374023,187.07942199707,146.46028137207,194.735244750977,273.063140869141,210.549911499023,224.169052124023,194.5234375,249.010208129883,187.69856262207,179.84114074707,191.132369995117,181.407333374023,187.513244628906,177.867630004883,220.142578125,56.5661888122559,150.30143737793,112.052947998047,174.026473999023,70.4602890014648,231.645614624023,49.4338111877441,157.894104003906,107.354385375977,196.92057800293,74.4338150024414,28.5132369995117,79.5132369995117,82.5132369995117,81.5132369995117,81.5132369995117,81.5132369995117,82,422.460296630859,413.592651367188,408.619140625,395.132385253906,422.672088623047,398.132385253906,389.841156005859,406.566192626953,400.248474121094,422.973510742188,390.301422119141,423.513244628906,219.327911376953,90.7352447509766,187.46028137207,152.708770751953,233.989791870117,117.364585876465,2.4888354517348
97.6333966545302,39.2249368810789,53.5000003874302,-6.11020660400391,-14.7241086959839,-143.539978027344,952.567199707031,-1.87872076034546,-12.1370468139648,10.2583255767822,4.39048957824707,-15.1321182250977,5.72042369842529,-17.9780979156494,210.532241821289,68.2031631469727,0.400000005960464,126.13924407959,153.204635620117,1.89999997615814,100.555740356445,3.19999980926514,-0.0148687057495117,0.0270914305001497,0.110413737595081,0.233333334326744,10,2001,3919.11157226562,117.657402038574,145.346557617188,127.996032714844,134.657409667969,123.318778991699,144.669296264648,205.047607421875,150.338684082031,175.019821166992,170.988128662109,184.023788452148,149.681259155273,203.566177368164,292.916809082031,228.542449951172,241.980316162109,208.455078125,273.948638916016,180.059478759766,185.952423095703,188.071426391602,187.004028320312,189.035736083984,183.637603759766,237.956497192383,53.0039367675781,150.829315185547,110.3544921875,175.039703369141,69.6176986694336,228.752655029297,50.6256561279297,161.291015625,113.972274780273,199.976211547852,79.3505783081055,28.3425941467285,78.6653366088867,82.0039672851562,80.6653366088867,81.0039672851562,80.6653366088867,82,420.9404296875,409.689117431641,403.019805908203,389.701019287109,412.665252685547,392.362396240234,399.000091552734,404.358459472656,408.908782958984,422.976196289062,398.956420898438,423.342590332031,234.752822875977,86.6982650756836,182.892776489258,166.283172607422,217.517105102539,117.089736938477,2.48906446810947
97.6423798073714,39.2249368810789,53.5000003874302,-6.20467662811279,-14.6200742721558,-144.051986694336,947.018432617188,-1.9938942193985,-12.1436376571655,10.1497440338135,4.24113893508911,-15.1733493804932,5.52770233154297,-18.0029411315918,213.01416015625,68.1188659667969,0.400000005960464,125.097755432129,154.003692626953,1.93371081352234,101.666709899902,3.23371076583862,-0.0149400497436523,0.0269313715398312,0.110413737595081,0.300000011920929,10,2001,3941.81713867188,117.342636108398,146.228912353516,128.571548461914,135.104705810547,122.494758605957,144.723663330078,207.496215820312,154.125671386719,176.143096923828,173.305694580078,185.333618164062,152.810943603516,203.704162597656,299.155029296875,230.648330688477,251.051788330078,204.644805908203,284.595428466797,179.428451538086,186,189.372634887695,189.325210571289,191.896759033203,184.314727783203,245.698669433594,52.5994606018066,141.147125244141,112.372009277344,176.944183349609,67.9700088500977,236.02180480957,48.798999786377,162.971466064453,114.972091674805,200.571548461914,82.5541229248047,29.0383949279785,78.1521224975586,81.8094863891602,80.1521224975586,80.8094863891602,80.1521224975586,81.8094863891602,414.273406982422,408.009033203125,400.122741699219,388.009033203125,405.044494628906,390.351654052734,406.107604980469,405.990966796875,410.504608154297,423.171020507812,403.210845947266,424.990966796875,258.523223876953,69.1994094848633,172.404571533203,168.411026000977,224.554962158203,85.0582656860352,2.48929348448414
97.6513629602126,39.2249368810789,59.2000000178814,-6.35432910919189,-14.4514455795288,-141.924850463867,943.572448730469,-2.14686059951782,-12.329776763916,10.182915687561,4.05117654800415,-15.2909240722656,5.3098611831665,-18.1075820922852,215.594085693359,68.3499069213867,0.400000005960464,124.288024902344,155.222579956055,2.00918078422546,102.757148742676,3.30918073654175,-0.0150113922119141,0.0267713144421577,0.108478739857674,0.233333334326744,10,2001,3986.48559570312,117.742164611816,147.399490356445,130.014389038086,137.49870300293,122.742164611816,146.05680847168,210.6259765625,155.572479248047,179.283294677734,175.798965454102,188.940612792969,154.971954345703,208.866851806641,305.234252929688,233.6259765625,257.492095947266,209.838806152344,291.195159912109,178.282577514648,186.593902587891,186.041702270508,188.370727539062,192.469940185547,184.02473449707,251.597930908203,55.1560287475586,140.6259765625,116.852462768555,174.928817749023,72.0398406982422,245.725921630859,48.5724754333496,170.093338012695,114.070465087891,202.184066772461,82.4732513427734,29.6997413635254,78,81.3002548217773,79.9575805664062,80.3002548217773,80,81.3002548217773,407.090728759766,404.207641601562,395.804840087891,384.419738769531,396.776092529297,386.992218017578,413.969390869141,409.198455810547,418.153442382812,427.467376708984,410.753967285156,428.368133544922,290.316101074219,72.7403030395508,167.035095214844,164.977844238281,233.386108398438,86.8539123535156,2.48952250085881
97.669329265895,39.2249368810789,58.6999990046024,-6.57145214080811,-14.1430044174194,-137.583724975586,937.927917480469,-2.35459041595459,-12.6387033462524,10.2841129302979,3.73531198501587,-15.4695596694946,4.95790243148804,-18.2718849182129,219.663497924805,70.5761795043945,0.400000005960464,124.986366271973,158.829483032227,1.89999997615814,104.501266479492,3.19999980926514,-0.0151540802001953,0.0264511965215206,0.107444696128368,0.275000005960464,10,2001,4028.18725585938,118.596473693848,148,128.596481323242,138.596481323242,123.596473693848,146.403518676758,221.052886962891,153.807052612305,186.631729125977,179.421157836914,196.438781738281,153.807052612305,213.175323486328,318.771789550781,234.771789550781,267.754180908203,211.368270874023,295.964752197266,185.596481323242,193.140060424805,186.561218261719,189.385894775391,193.982376098633,184.525955200195,258.438781738281,56.8070526123047,145.403518676758,120.964744567871,179.631729125977,76.4035263061523,248.614105224609,44.7894248962402,180.192947387695,114.982368469238,205,77.3858947753906,29.5964736938477,78,81,79,80,79.5964736938477,80.5964736938477,399.807037353516,395.052886962891,390.228210449219,378.842315673828,391.210571289062,383.281097412109,414.192962646484,411.807037353516,423.210571289062,431.175323486328,414.807037353516,432.789428710938,308.245819091797,81.0705108642578,192.052886962891,150.175323486328,212.141021728516,96.6846160888672,2.48998053360815
98.3250994233022,39.2249368810789,69.4999992847443,-6.63111543655396,-11.8140172958374,-77.1126480102539,997.093017578125,-0.408155620098114,-15.7405185699463,15.3323631286621,3.9718930721283,-16.3819541931152,5.0483078956604,-19.3421993255615,244.018524169922,76.4901580810547,0.400000005960464,121.783782958984,176.456970214844,2.17444205284119,119.464370727539,2.27444195747375,-0.0160060241699219,0.0224707648158073,0.0937659591436386,0.325000017881393,10,2001,3766.57080078125,108.345878601074,147.205078125,125.889808654785,139.764312744141,114.456069946289,145.440765380859,222.349838256836,176.003967285156,178.365158081055,174.019271850586,179.182403564453,168.114166259766,209.498931884766,346.429260253906,226.007934570312,273.034576416016,212.17106628418,303.18798828125,187.382415771484,203.34748840332,184.274932861328,184.783935546875,178.389434814453,193.467407226562,298.540374755859,68.5572814941406,188.309555053711,119.861206054688,253.392364501953,74.1039123535156,360.890014648438,59.6548690795898,271.327178955078,152.459121704102,314.999298095703,88.2745819091797,59.2090454101562,73.6388168334961,78.5286254882812,74.7490081787109,77.6388168334961,74.6388168334961,78.5286254882812,415.925079345703,421.901489257812,404.590209960938,406.883148193359,406.627838134766,422.210998535156,396.456817626953,374.096893310547,410.480743408203,408.332916259766,414.747039794922,384.975708007812,430.767395019531,100.15592956543,248.158798217773,198.864776611328,327.663299560547,128.768615722656,2.50669872895912
98.3340825761434,39.2249368810789,84.7000032663345,-5.74564361572266,-12.4457530975342,-83.5024261474609,1006.56042480469,0.157459586858749,-14.7482013702393,14.9056615829468,4.8502631187439,-15.594783782959,5.94790315628052,-18.6738700866699,236.15592956543,74.2827911376953,0.391470015048981,121.820304870605,170.894683837891,1.87441003322601,115.472587585449,1.99146997928619,-0.0166529235839844,0.0224702600389719,0.0937659591436386,0.5,10,2001,3578.17236328125,108.616912841797,149.467651367188,125.383087158203,140,115.233825683594,147.467651367188,216.681610107422,170.064712524414,171.447799682617,166.83088684082,172.064712524414,162.681610107422,197.278671264648,326.089691162109,214.129409790039,264.597045898438,200.363235473633,289.577209472656,185.98014831543,203.064712524414,184.298522949219,185.149261474609,180.298522949219,198.935287475586,291.552215576172,59.7661781311035,160.427932739258,109.149261474609,227.408081054688,66.467643737793,330.557342529297,54.5522079467773,256.278686523438,162.487503051758,300.363220214844,80.9801483154297,55.5323524475098,74.6169128417969,79,76.2338256835938,78.6169128417969,75.6169128417969,79,421.616912841797,433.402954101562,407.383087158203,410.383087158203,410.233825683594,425.298522949219,392.402954101562,363.149261474609,407.935302734375,404.467651367188,409.467651367188,376.149261474609,364.716888427734,79.2389678955078,218.816162109375,166.328674316406,279.607330322266,102.348518371582,2.50692774533379
98.3430657289846,39.2249368810789,99.8999997973442,-5.79501152038574,-12.3975868225098,-83.2125244140625,1004.31945800781,0.125774711370468,-14.7750854492188,14.9008598327637,4.77678251266479,-15.6192455291748,5.88127660751343,-18.6912460327148,234.970840454102,73.706916809082,0.383076071739197,121.848793029785,170.257507324219,1.82848560810089,115.525665283203,1.98307609558105,-0.0172998245239258,0.0224694702774286,0.0937659591436386,0.600000023841858,10,2001,3665.90185546875,109,149.591415405273,125.939056396484,139.530471801758,115.530471801758,147.121887207031,212.121887207031,158.548461914062,164.713287353516,157.365646362305,167.121887207031,151.548461914062,180.139877319336,327.372589111328,206.591415405273,257.182830810547,187.487533569336,290.799163818359,186.164825439453,198.121887207031,192.329650878906,190.57341003418,188.799179077148,200.121887207031,317.06787109375,57.5914115905762,172.18977355957,113.634353637695,237.476470947266,71.756233215332,318.817169189453,59.878116607666,256.981994628906,165.713287353516,299.225769042969,79.2867050170898,55.4085884094238,75,79.9390563964844,77,79,76,79.4695281982422,421.530456542969,425.792236328125,406.530456542969,407.65234375,411.939056396484,418.774230957031,392.304718017578,376.085876464844,401.139892578125,401.774230957031,399.261749267578,381.103881835938,387.655181884766,69.0429458618164,202.329650878906,140.042938232422,282.196716308594,81.0429458618164,2.50715676170846
97.5166156675947,39.2159537282377,55.7000003755093,-5.8265585899353,-14.6078405380249,-136.521865844727,959.59423828125,-1.64581370353699,-12.3458137512207,10.6999998092651,4.62337493896484,-14.9738693237305,5.86995029449463,-17.9620208740234,194.436538696289,61.5844573974609,0.400000005960464,124.672508239746,140.581848144531,1.89999997615814,93.2590484619141,3.09999990463257,-0.0161674911499023,0.0261040721088648,0.106444217264652,0.200000002980232,10,2001,3821.10107421875,124.342018127441,149.315963745117,134.969268798828,145.533737182617,130.653305053711,149.191711425781,210.672012329102,151.46159362793,182.020050048828,175.211761474609,189.85905456543,160.492324829102,207.529052734375,274.284576416016,209.233139038086,233.521057128906,193.958587646484,252.376754760742,206.125579833984,199.13493347168,204.601196289062,197.191711425781,193.720779418945,195.150299072266,210.216430664062,65.2438201904297,129.990646362305,124.253173828125,146.610549926758,86.456916809082,229.098190307617,47.8971290588379,151.285232543945,103.125587463379,173.119567871094,78.130256652832,33.9124908447266,79.3420181274414,80.3420181274414,81.1242523193359,80.3420181274414,80.3420181274414,80.3420181274414,443.093505859375,448.2685546875,437.110229492188,434.332672119141,435.990661621094,441.498321533203,350.780883789062,352.596527099609,358.28857421875,368.475616455078,370.07080078125,363.351379394531,273.661315917969,70.94189453125,136.020050048828,171.184371948242,230.617889404297,75.1135635375977,2.48665674035048
97.5255988204359,39.2159537282377,52.2999987006187,-5.91738700866699,-14.5605497360229,-136.383026123047,957.260864257812,-1.68523669242859,-12.3616485595703,10.6764116287231,4.55093145370483,-15.0166721343994,5.79750680923462,-17.9857196807861,196.481842041016,62.5876541137695,0.400000005960464,124.898742675781,142.172409057617,1.89999997615814,93.9354782104492,3.09999990463257,-0.0159592971801758,0.0262215435504913,0.106444217264652,0.200000002980232,10,2001,3836.00219726562,124.63402557373,148.731948852539,133.731948852539,144.731948852539,130,148.097930908203,219.41242980957,151.902069091797,186.974258422852,179.072189331055,197.144378662109,162.170120239258,206.365982055664,266.731964111328,213.608291625977,235.144378662109,196.438171386719,248.536102294922,202.195861816406,195.927810668945,202.195861816406,196.097930908203,191.463897705078,196.536102294922,206.489639282227,65.9020690917969,129.268051147461,125.63402557373,144.927810668945,86.5360946655273,220.783432006836,47.9020729064941,149.463897705078,99.1958541870117,165.319519042969,74.5618362426758,30.5618324279785,79.6340255737305,80.6340255737305,81.6340255737305,80.6340255737305,80.6340255737305,80.6340255737305,442.365966796875,454.242309570312,436.536102294922,433.902069091797,435.268035888672,439.097930908203,355.438171386719,349.829895019531,361.268035888672,370,373.268035888672,364.365966796875,270.221588134766,81.2165756225586,140.974258422852,178.608291625977,244.268051147461,79.3402404785156,2.48688580918566
97.5345819732771,39.2159537282377,56.8000003695488,-6.0118408203125,-14.5314064025879,-136.922607421875,954.628356933594,-1.74858617782593,-12.3616485595703,10.6130628585815,4.46514177322388,-15.0801849365234,5.71778964996338,-18.0104141235352,200.249816894531,64.0595016479492,0.400000005960464,125.247817993164,145.014266967773,1.89999997615814,95.5164184570312,2.8180079460144,-0.0157926361083984,0.0263255015015602,0.106444217264652,0.225000008940697,10,2001,3863.13134765625,122.084983825684,149.943344116211,131.056655883789,143.0283203125,126.113311767578,148.457504272461,217.254943847656,147.169967651367,180.311599731445,171.797439575195,190.368255615234,156.226623535156,209.886688232422,271.830047607422,217.0283203125,235.169967651367,202.886688232422,248.542495727539,193.684127807617,195.429183959961,197.570816040039,195,184.169967651367,194.599151611328,221.890960693359,67.48583984375,144.089248657227,124.542488098145,159.975936889648,84.1133117675781,232.890960693359,48.5141639709473,155.287536621094,99.9150161743164,175.975936889648,71.0283279418945,28.9716720581055,79.0283279418945,81,81.0283279418945,80.51416015625,80.0283279418945,81,450.745056152344,454.627471923828,443.344207763672,438.886688232422,441.830047607422,438.48583984375,355.570831298828,350.429168701172,359.084991455078,366.113311767578,373.51416015625,367.400848388672,260.599151611328,94.8583602905273,154.230880737305,186.886688232422,254.716720581055,89.3158721923828,2.48711487802085
97.5435651261183,39.2159537282377,56.8000003695488,-6.03791236877441,-14.5115461349487,-136.901382446289,954.386962890625,-1.75277495384216,-12.3527746200562,10.6000003814697,4.45488929748535,-15.1011762619019,5.71960973739624,-18.0093746185303,201.736282348633,64.9133605957031,0.400000005960464,126.196922302246,146.812728881836,1.89999997615814,96.4610137939453,2.22843599319458,-0.0156259750366211,0.0264294594526291,0.106444217264652,0.300000011920929,10,2001,3873.2392578125,120.377540588379,150.969085693359,128.680252075195,141.671295166016,123.048835754395,149.311233520508,209.093627929688,145.443420410156,171.799880981445,163.795394897461,177.791778564453,151.448333740234,222.06819152832,274.569580078125,226.476654052734,230.742080688477,217.431869506836,246.000427246094,184.694549560547,193.250259399414,189.957382202148,190.947982788086,175.352401733398,185.291000366211,241.106063842773,66.9825210571289,159.207778930664,129.091461181641,175.795272827148,82.3995056152344,251.093063354492,50.0304832458496,161.582153320312,101.960121154785,196.860290527344,71.6972961425781,28.9780387878418,78.0089569091797,81,80.0089569091797,80.0044784545898,79.3466262817383,81,462.620727539062,450.040313720703,452.665069580078,445.327850341797,451.322937011719,439.670867919922,352.347045898438,357.367279052734,357.377532958984,363.724182128906,372.666809082031,375.695983886719,227.654266357422,86.7861709594727,160.200561523438,188.262832641602,236.20866394043,91.5520935058594,2.48734394685603
97.5525482789594,39.2159537282377,59.9999986588955,-6.01986026763916,-14.5471544265747,-137.2373046875,955.514770507812,-1.74109888076782,-12.3410987854004,10.6000003814697,4.49539661407471,-15.0859832763672,5.77038383483887,-17.9857444763184,202.758255004883,66.1102905273438,0.400000005960464,126.90559387207,148.008239746094,1.89999997615814,96.499267578125,2.09999990463257,-0.0154593139648438,0.0265334192663431,0.109372772276402,0.275000005960464,10,2001,3914.09106445312,121.44172668457,149.837051391602,128.342193603516,141.721221923828,123.783912658691,148.873901367188,211.48957824707,151.067687988281,174.451995849609,167.020553588867,176.988998413086,155.525695800781,228.081787109375,266.304901123047,232.033203125,228.688201904297,224.738861083984,240.288604736328,178.794479370117,185.189804077148,181.911026000977,185.400604248047,170.463287353516,177.542999267578,243.475479125977,62.994270324707,157.383590698242,134.461547851562,173.648254394531,80.4352645874023,247.764083862305,50.9992713928223,160.747787475586,100.837051391602,198.946868896484,73.6680908203125,28.4056053161621,78.1895217895508,80.8104782104492,80,80,79.8473281860352,80.8104782104492,465.262481689453,449.431457519531,455.667358398438,444.951416015625,456.094268798828,438.420440673828,355.285217285156,365.531433105469,362.421600341797,369.647979736328,373.289794921875,384.189239501953,208.488342285156,71.6921310424805,161.123016357422,180.051956176758,202.263427734375,84.0371246337891,2.48757301569122
97.5615314318006,39.2159537282377,59.0000003576279,-6.186279296875,-14.4652338027954,-135.602035522461,955.356628417969,-1.84279799461365,-12.5111169815063,10.6683187484741,4.35064172744751,-15.2371425628662,5.63953828811646,-18.121021270752,204.184387207031,66.3694152832031,0.400000005960464,126.927543640137,149.127746582031,1.89999997615814,97.6594924926758,2.09999990463257,-0.0152926528930664,0.026637377217412,0.110181175172329,0.300000011920929,10,2001,3938.21240234375,119.545608520508,150.398315429688,128.657760620117,143.097473144531,122.244766235352,150.138854980469,214.040512084961,150.711166381836,171.981735229492,166.120590209961,172.624816894531,154.504211425781,214.762283325195,256.279907226562,209.618041992188,217.716903686523,206.496566772461,228.825500488281,173.307067871094,181.497543334961,179.801956176758,186.256362915039,168.362258911133,178.61328125,257.582153320312,56.0765190124512,151.159301757812,127.141036987305,177.313766479492,67.1383514404297,251.359603881836,46.3092765808105,163.112167358398,101.729423522949,196.515335083008,73.0266952514648,30.4130058288574,78.6991577148438,80.3422317504883,80.041389465332,80.041389465332,80.041389465332,80.3422317504883,462.117034912109,447.447265625,450.046264648438,435.359100341797,456.311950683594,432.403167724609,364.316467285156,371.055206298828,370.151794433594,378.384552001953,375.325775146484,388.983551025391,263.691436767578,79.4308547973633,178.054382324219,169.025772094727,216.948944091797,81.4081039428711,2.4878020845264
97.5705145846418,39.2159537282377,61.4000000059605,-6.35540628433228,-14.3581895828247,-133.151824951172,954.9697265625,-1.88319528102875,-12.667163848877,10.7839679718018,4.21316432952881,-15.3837051391602,5.50414276123047,-18.250373840332,205.480850219727,66.5119705200195,0.400000005960464,126.914749145508,150.305953979492,1.89999997615814,98.7819137573242,2.09999990463257,-0.0151259918212891,0.026741337031126,0.110181175172329,0.350000023841858,10,2001,3953.76806640625,118.551002502441,151,128.448989868164,144,121.551002502441,151.551010131836,209.93896484375,151.755020141602,168.346984863281,163.897994995117,168.897994995117,153,202.795989990234,253.204010009766,197.959030151367,216.612045288086,192.448989868164,224.755020141602,190.591125488281,192.224075317383,193.979095458984,201.428085327148,181.428085327148,193.877090454102,249.163879394531,54.2040138244629,150.306015014648,122.653007507324,167.673919677734,63.5100326538086,250.591979980469,43,163.897994995117,106.408027648926,191.142974853516,73.6530075073242,30.8979930877686,79,80.5510025024414,80.5510025024414,80.5510025024414,80.5510025024414,80.5510025024414,456.142974853516,440.93896484375,443.795989990234,429.550994873047,452.142974853516,426.244995117188,353.81689453125,366.836944580078,362.224914550781,369.020904541016,366.428924560547,379.8779296875,312.367065429688,98.6730728149414,204.081100463867,179.734100341797,264.815216064453,103.346145629883,2.48803115336159
97.579497737483,39.2159537282377,65.8000037074089,-6.41675043106079,-14.3332986831665,-132.642074584961,954.382690429688,-1.91739404201508,-12.7235250473022,10.806131362915,4.1546425819397,-15.4366302490234,5.44917440414429,-18.2940063476562,207.878265380859,67.9805221557617,0.400000005960464,127.787216186523,152.608276367188,1.89999997615814,99.7182922363281,2.09999990463257,-0.0150469772338867,0.0268311481922865,0.110181175172329,0.350000023841858,10,2001,3960.8603515625,119.805740356445,150.597137451172,128.402862548828,144,122,151.194259643555,208.222946166992,154.402862548828,167,164.208602905273,170.014343261719,153.402862548828,208.251647949219,267.488952636719,209.654510498047,232.877471923828,199.251647949219,240.294677734375,207.791397094727,201.791397094727,206.597137451172,211.582778930664,192.791397094727,203.179916381836,229.374176025391,57.2086067199707,160.251647949219,119.165573120117,166.474594116211,69.6114730834961,255.863128662109,42.5971298217773,173.877471923828,109.194259643555,204.920501708984,74.1942596435547,35.6401672363281,79.4028701782227,81,80.5971298217773,80.5971298217773,80.5971298217773,81,448.165557861328,435.194274902344,436.359832763672,428.791381835938,443.359832763672,423.597137451172,344.640167236328,363.014343261719,357.043029785156,359.625823974609,363.848785400391,373.222961425781,300.662292480469,110.208610534668,216.791397094727,201.445907592773,282.719665527344,124.805740356445,2.48826022219677
97.5884808903242,39.2159537282377,64.1999989748001,-6.3435230255127,-14.3975734710693,-134.270477294922,954.888366699219,-1.84838449954987,-12.5714750289917,10.723090171814,4.23784446716309,-15.3563575744629,5.53968811035156,-18.2226009368896,206.94450378418,66.893798828125,0.400000005960464,127.228164672852,151.727737426758,1.89999997615814,99.9481735229492,2.09999990463257,-0.0150553680419922,0.0269068516790867,0.110181175172329,0.300000011920929,10,2001,3941.7265625,120.315277099609,149.323348999023,128.148132324219,142.726226806641,121.745246887207,149.410949707031,215.865707397461,150.326812744141,169.292785644531,164.208648681641,176.383285522461,150.345825195312,216.658813476562,273.094024658203,219.335479736328,239.501495361328,208.168334960938,248.956848144531,207.791351318359,205.612655639648,209.654174804688,212.092193603516,194.829376220703,207.001129150391,225.297973632812,57.2086524963379,163.818481445312,115.089317321777,175.391403198242,68.8472747802734,256.627716064453,45.654167175293,182.794296264648,108.939476013184,217.913635253906,72.4109497070312,42.5187530517578,80.1671447753906,81,80.3423614501953,80.3423614501953,80.3423614501953,81,441.287017822266,434.175201416016,428.207489013672,424.970031738281,435.971740722656,422.578094482422,350.754486083984,360.212127685547,361.883605957031,362.937774658203,368.944122314453,370.420776367188,259.900817871094,98.7447052001953,195.901489257812,182.849075317383,252.148696899414,111.303787231445,2.48848929103196
97.5974640431654,39.2159537282377,64.1999989748001,-6.13662815093994,-14.6123714447021,-137.87158203125,957.820129394531,-1.73689377307892,-12.3360471725464,10.5991535186768,4.4537525177002,-15.1789197921753,5.77933263778687,-18.0629539489746,204.488632202148,65.8275756835938,0.400000005960464,126.380882263184,149.37565612793,1.89999997615814,98.648078918457,2.09999990463257,-0.0150637603759766,0.0269825533032417,0.110231801867485,0.25,10,2001,3920.86499023438,119.258171081543,147.493911743164,126.920555114746,139.858749389648,121.342407226562,147.493911743164,221.673049926758,141.136749267578,173.238342285156,161.627792358398,184.037185668945,143.087112426758,214.787368774414,257.562957763672,218.546844482422,226.534271240234,207.422546386719,236.290451049805,210.478866577148,215.94270324707,216.912887573242,219.446182250977,201.592910766602,220.950088500977,224.4619140625,54.9477653503418,154.506362915039,116.727478027344,168.261047363281,64.5531234741211,240.118698120117,51.5263252258301,175.479156494141,108.372901916504,205.099548339844,70.2806015014648,41.6358604431152,80.7642517089844,81.1066589355469,80.7642517089844,80.8709106445312,80.7642517089844,81,438.280609130859,432.080139160156,423.6630859375,418.521820068359,433.489135742188,419.444976806641,350.582946777344,351.977172851562,358.766448974609,361.925323486328,364.260345458984,359.604949951172,221.701095581055,72.5963516235352,158.516494750977,134.806243896484,216.127731323242,82.1174774169922,2.48871835986714
97.6064471960066,39.2159537282377,63.6000037193298,-5.95061779022217,-14.7730855941772,-141.587951660156,959.051574707031,-1.6454621553421,-12.0799226760864,10.4344596862793,4.63083410263062,-15.0223979949951,5.99136400222778,-17.8901691436768,202.882263183594,64.1834106445312,0.400000005960464,125.436492919922,147.472229003906,1.89999997615814,98.4609375,2.33790802955627,-0.015072151184082,0.0270582567900419,0.110413737595081,0.25,10,2001,3896.66967773438,117.767730712891,145.767730712891,127.232269287109,137.151596069336,121.616134643555,145.767730712891,215.293411254883,136.383865356445,172.303176879883,161.232269287109,185.535461425781,138.767730712891,204.909545898438,258.322723388672,206.828872680664,214.838638305664,198.525680541992,232.312957763672,211.383865356445,220.383865356445,221.232269287109,226.312957763672,204.383865356445,226.767730712891,219.838638305664,56.080680847168,150.848403930664,111.990226745605,160.687042236328,66.5452270507812,242.171127319336,49.2224998474121,171,99.9095458984375,198.848403930664,67.5354537963867,33.7579574584961,81,81.6161346435547,81,81.6161346435547,81,81,435.535461425781,422.909545898438,416.606353759766,408.757965087891,429.687042236328,409.293426513672,352.696807861328,356.706573486328,361.777496337891,364.312957763672,365.545227050781,363.938873291016,199.990234375,58.5354537963867,148.242050170898,129.413177490234,196.454772949219,67.1515884399414,2.48894742870233
97.6154303488478,39.2159537282377,57.5000010430813,-5.86862087249756,-14.8558397293091,-142.951385498047,960.04296875,-1.5617264509201,-11.9540777206421,10.3923511505127,4.72894239425659,-14.9647264480591,6.10071325302124,-17.8094730377197,203.428131103516,63.8934555053711,0.400000005960464,124.441535949707,147.172927856445,1.89999997615814,98.4589233398438,3.17575907707214,-0.0150805419921875,0.0271339602768421,0.110413737595081,0.200000002980232,10,2001,3860.48974609375,117.468032836914,145.936065673828,129.404113769531,136.468032836914,123.404106140137,145.936065673828,204.723739624023,135.531967163086,168.595886230469,160.595886230469,183.531967163086,136.595886230469,202.212326049805,264.595886230469,202.680358886719,214.744293212891,195.744293212891,234.063934326172,207.723739624023,208.767120361328,214.511413574219,217.767120361328,197.447494506836,215.235153198242,206.171234130859,56.1278533935547,143.107299804688,105.595893859863,155.191787719727,68.1278533935547,239.767120361328,45.9360733032227,164.447494506836,99.08447265625,189.703201293945,69.276252746582,27.0639266967773,81,82,81,82,81,81.4680328369141,430.723754882812,424.424652099609,414.808227539062,407.680358886719,426.531951904297,411.828765869141,362.020538330078,367.276245117188,370.680358886719,374.020538330078,376.020538330078,372.936065673828,186.575347900391,52.787670135498,143.703201293945,136.043380737305,185.043380737305,60.3835601806641,2.48917649753751
97.624413501689,39.2159537282377,52.9999993741512,-5.83462333679199,-14.8883800506592,-144.508834838867,959.851135253906,-1.55848348140717,-11.8616485595703,10.303165435791,4.77735710144043,-14.9267339706421,6.1429009437561,-17.7502517700195,203.543212890625,63.8273811340332,0.400000005960464,124.185935974121,147.049438476562,1.89999997615814,98.412223815918,3.19999980926514,-0.015088932800293,0.0272096637636423,0.110413737595081,0.200000002980232,10,2001,3851.67822265625,118.297378540039,146.634887695312,130.292358398438,136.017547607422,124.612312316895,146.31494140625,202.437850952148,136.942306518555,171.227157592773,160.027603149414,183.662490844727,137.307418823242,206.796813964844,274.266204833984,215.453186035156,230.657775878906,200.779266357422,250.64274597168,210.557159423828,202.621002197266,212.760345458984,210.6611328125,197.995010375977,208.638549804688,195.474105834961,55.6900863647461,134.708770751953,105.347557067871,156.294891357422,67.6900863647461,229.461563110352,48.2346725463867,158.91584777832,103.146858215332,183.615982055664,71.8820953369141,27.3249778747559,81,82,81,82,81,81.977424621582,428.437866210938,430.074096679688,417.544586181641,414.054077148438,426.342529296875,419.326324462891,361.662445068359,367.962371826172,369.695068359375,375.582183837891,375.662445068359,372.035095214844,180.925888061523,52.0426597595215,132.176727294922,131.543228149414,179.9033203125,58.4303436279297,2.4894055663727
97.6333966545302,39.2159537282377,53.7000000476837,-5.87225389480591,-14.8631343841553,-145.568450927734,957.199768066406,-1.66522920131683,-11.8758611679077,10.2106323242188,4.69293594360352,-14.9440650939941,6.06054973602295,-17.7635593414307,207.627868652344,65.9512557983398,0.400000005960464,124.140335083008,149.581069946289,1.97668671607971,98.9432983398438,3.276686668396,-0.0150867721557617,0.0271513182669878,0.110413737595081,0.300000011920929,10,2001,3856.26489257812,118.829322814941,146.514465332031,129.685150146484,135.371520996094,124.342575073242,145.685150146484,205.692443847656,140.835388183594,177.609268188477,162.347442626953,185.174331665039,141.836608886719,205.109146118164,291.166717529297,224.637664794922,247.965881347656,200.081420898438,277.581237792969,213.538696289062,207.631591796875,214.851119995117,212.596572875977,203.371658325195,210.768478393555,199.813064575195,56.7714385986328,135.114013671875,105.598327636719,162.265472412109,68.2557525634766,232.147811889648,49.6296997070312,160.802810668945,100.224914550781,191.441009521484,70.855827331543,28.9734897613525,80.6562118530273,82,81,82,81,82,429.801605224609,426.080749511719,416.483093261719,413.566955566406,426.141754150391,414.019226074219,357.002288818359,366.458343505859,368.665771484375,374.493896484375,370.658508300781,375.384216308594,198.842758178711,58.4675254821777,130.654998779297,135.89030456543,189.591796875,65.9844284057617,2.48963463520788
97.6423798073714,39.2159537282377,56.6999986767769,-5.96209955215454,-14.7972583770752,-145.985153198242,951.231811523438,-1.77197504043579,-11.9087076187134,10.1367330551147,4.54651975631714,-14.9827680587769,5.87595319747925,-17.7844715118408,210.306991577148,65.8753890991211,0.400000005960464,123.150169372559,150.575378417969,2.11967706680298,100.241096496582,3.41967701911926,-0.0150838745117188,0.0270836092531681,0.110413737595081,0.275000005960464,10,2001,3870.09716796875,118.976142883301,147.338623046875,130.314758300781,137.406173706055,124.633529663086,146.36247253418,210.473739624023,144.430023193359,179.366470336914,165.477737426758,187.067565917969,146.182830810547,199.697235107422,294.593811035156,219.247360229492,249.187652587891,193.605819702148,283.674041748047,196.164764404297,198.602645874023,195.559097290039,198.63850402832,188.685546875,197.12890625,214.551651000977,53.6455307006836,132.350616455078,101.306915283203,163.242538452148,63.6018257141113,233.848205566406,48.1796455383301,160.804504394531,101.310760498047,194.609680175781,71.3863220214844,28.6375293731689,79.6375274658203,82,81,82,80.9761428833008,82,428.693908691406,427.386993408203,414.012664794922,405.933258056641,423.893402099609,410.012664794922,375.798706054688,374.010375976562,390.428253173828,395.747009277344,388.078430175781,393.515808105469,238.76921081543,62.306095123291,129.337951660156,132.888061523438,204.807525634766,72.078742980957,2.48986370404307
97.6513629602126,39.2159537282377,56.6999986767769,-6.08655977249146,-14.6852912902832,-146.37629699707,946.298583984375,-1.8864518404007,-11.9198198318481,10.0333681106567,4.38103723526001,-15.0596494674683,5.67617702484131,-17.843563079834,211.430770874023,66.6448135375977,0.400000005960464,123.376770019531,151.538146972656,1.89999997615814,100.547294616699,3.19999980926514,-0.0150809768676758,0.0270159021019936,0.108478739857674,0.25,10,2001,3913.37939453125,118.466827392578,147.466827392578,129.933654785156,139,123.933662414551,147,213.533172607422,146.533172607422,180.066345214844,168.599502563477,188.533172607422,150.132675170898,200.265365600586,293,217.265365600586,246,192.199020385742,276.668304443359,185.132675170898,189.933654785156,185.798522949219,190.66584777832,188.796081542969,185.400497436523,233.66340637207,53.1326789855957,132.66584777832,100.66584777832,168.398040771484,62.1326789855957,237.732192993164,44.8673210144043,163.732192993164,100.867317199707,193.400497436523,72.5331726074219,28,79,82,81,82,80.4668273925781,82,422.135131835938,421.469268798828,407.135131835938,397.267822265625,414.469268798828,403.135131835938,393.199005126953,388.597045898438,407.066345214844,412.066345214844,397.201477050781,411.931213378906,269.99755859375,68.8648681640625,136.530715942383,137.530715942383,215.132675170898,80.9312133789062,2.49009277287825
97.6603461130538,39.2159537282377,56.4000010490417,-6.21742486953735,-14.5464124679565,-145.171875,942.223999023438,-2.00601601600647,-12.0265655517578,10.0205497741699,4.20526456832886,-15.1519746780396,5.47435331344604,-17.9254913330078,214.117980957031,68.1223526000977,0.400000005960464,123.907165527344,153.912750244141,1.89999997615814,101.701988220215,3.19999980926514,-0.0150780792236328,0.0269481930881739,0.107444696128368,0.25,10,2001,3940.81420898438,117.614875793457,147,129,138.614883422852,123,146.229751586914,212.07438659668,145.07438659668,181,170,189,149.689254760742,207.080993652344,294.925628662109,226.77685546875,249.466110229492,201.547103881836,276.236358642578,188.155364990234,192.466110229492,191.155364990234,193.770248413086,199.229751586914,189.77685546875,237.608261108398,55.7702484130859,135.770248413086,105.310745239258,174.770248413086,66.6958694458008,247.547103881836,44.1553726196289,170.85124206543,99.7702484130859,200.087600708008,74.1553726196289,28,79,82,81,81.614875793457,80,82,420.851226806641,419.006622314453,407.391723632812,400.161987304688,412.77685546875,403.006622314453,390.993377685547,388.912384033203,401.452880859375,406.067779541016,387.993377685547,407.601654052734,274.689270019531,75.9256210327148,147.080993652344,145.385116577148,215.844635009766,87.7702484130859,2.49032184171344
98.3250994233022,39.2159537282377,54.8000000417233,-7.17655611038208,-11.6835927963257,-75.7342834472656,999.029296875,-0.799146294593811,-16.2299938201904,15.4308471679688,3.556307554245,-19.2405776977539,4.57733631134033,-19.8449039459229,251.742919921875,78.8564147949219,0.400000005960464,121.712905883789,181.68196105957,2.45427227020264,123.056922912598,2.4748215675354,-0.0158445053100586,0.0224699694663286,0.0937659591436386,0.333333343267441,10,2001,3969.748046875,109.396583557129,143.810256958008,125.206832885742,136.810256958008,115.793167114258,140.603424072266,215.793167114258,166.758987426758,175.138488769531,172.535064697266,177.741897583008,162.155578613281,201.500885009766,305.844421386719,207.776077270508,233.569244384766,208.931655883789,268.98291015625,194.396575927734,203.793167114258,184.724807739258,186.517974853516,185.172653198242,204.138488769531,315.157348632812,76.3111419677734,208.415451049805,130.362411499023,250.364196777344,87.7077255249023,343.760772705078,55,277.8974609375,151.844421386719,308.639373779297,81.3624038696289,56.7931632995605,73.4136734008789,78.6034164428711,74.8102493286133,78.2068328857422,74.4136734008789,78.6034164428711,408.328216552734,415.620513916016,399.9658203125,401.810241699219,401.94873046875,408.844421386719,397.275177001953,380.586334228516,415.705932617188,411.671783447266,412.878601074219,387.01708984375,473.813812255859,130.517974853516,270.777862548828,187.294052124023,344.671783447266,128.637588500977,2.50727293551712
98.3430657289846,39.2159537282377,78.8000002503395,-7.35087251663208,-11.5156164169312,-74.6630783081055,989.805908203125,-0.938984394073486,-16.385648727417,15.446665763855,3.30954694747925,-18.3792915344238,4.33885765075684,-19.8789157867432,255.124008178711,79.4866333007812,0.400000005960464,121.039085388184,183.289047241211,2.2257604598999,124.251396179199,2.24630999565125,-0.0171705856323242,0.0222688093781471,0.0937659591436386,0.550000011920929,10,2001,4022.66674804688,108.037170410156,146.271606445312,125.691223144531,138.962829589844,114.691223144531,143.88850402832,208.641952514648,155.568939208984,162.223007202148,155.989227294922,165.877059936523,148.952056884766,199.591827392578,354.43701171875,228.071487426758,262.118774414062,210.664840698242,306.167358398438,184.716949462891,203,181.468215942383,183.08576965332,177.494613647461,192.80339050293,277.225646972656,58.7688598632812,177.590713500977,113.864959716797,214.643280029297,65.1007232666016,332.749938964844,63.6654968261719,272.394561767578,166.137023925781,306.949188232422,88.2087097167969,56.962833404541,75,79.3087768554688,76.9628295898438,79,76.6540603637695,79,393.804718017578,415.802062988281,398.161437988281,397.259521484375,402.285034179688,407.296661376953,421.787109375,381.197937011719,420.370361328125,419.654724121094,420.529144287109,399.245880126953,446.148468017578,116.023086547852,272.613372802734,224.051254272461,315.502746582031,134.872436523438,2.50773107318749
98.4239141045554,39.2159537282377,80.3000032901764,-4.50355625152588,-12.7591114044189,-92.8885269165039,974.237548828125,1.02377486228943,-12.7146520614624,13.7384271621704,5.70944786071777,-14.54665184021,6.90621042251587,-17.0497779846191,224.522247314453,73.0530548095703,0.240150392055511,125.18489074707,166.148422241211,1.40885591506958,111.49161529541,1.6575630903244,-0.014013850402832,0.0256144087761641,0.0998457223176956,0.25,10,2001,3258.82055664062,111.636817932129,147.307357788086,125.384605407715,138.307357788086,116.620643615723,146.43310546875,164.781372070312,124.197624206543,132.631423950195,127.504974365234,135.213790893555,120.669708251953,218.329467773438,333.164581298828,244.297821044922,284.543395996094,231.839828491211,308.110290527344,185.37727355957,199.070617675781,188.865539550781,188.614013671875,182.794219970703,189.265472412109,275.336242675781,60.2703170776367,167.603103637695,109.686569213867,234.663360595703,65.1343307495117,328.723876953125,45.1815910339355,237.0009765625,113.361663818359,285.732604980469,66.2197341918945,50.1506385803223,74.8345794677734,79.3624954223633,76.8345794677734,78.653678894043,76.5433959960938,79.3073501586914,439.182556152344,427.581115722656,432.283996582031,433.842864990234,437.410430908203,439.386260986328,374.731353759766,373.057067871094,378.795318603516,377.487976074219,379.795318603516,371.348266601562,409.247802734375,95.556526184082,285.185607910156,164.160446166992,292.506927490234,101.877281188965,2.50979269270416
98.4328972573966,39.2159537282377,66.8999999761581,-4.15051221847534,-12.9701461791992,-94.6370391845703,977.609008789062,1.36983346939087,-12.3413877487183,13.711220741272,6.07924842834473,-14.1041288375854,7.27756929397583,-16.7753772735596,218.482391357422,70.7950439453125,0.250031620264053,124.724319458008,161.417724609375,1.36675095558167,108.360633850098,1.70012652873993,-0.0144355255126953,0.0250296331942081,0.0998457223176956,0.25,10,2001,3238.90844726562,113.921798706055,146.836715698242,128.660995483398,137.836715698242,120.17066192627,146.634323120117,158.552856445312,122.634323120117,128.502288818359,125.039100646973,132.097503662109,120.229545593262,219.789291381836,338.338165283203,245.808609008789,281.466827392578,237.823822021484,308.719879150391,187.536804199219,200.085571289062,189.731353759766,187.416244506836,184.692260742188,195.897918701172,259.040405273438,52.1407089233398,154.997207641602,105.502288818359,203.104232788086,64.6807861328125,304.819549560547,43.0312576293945,211.462173461914,116.303169250488,261.154449462891,68.8905487060547,47.7318305969238,75.1439743041992,78.6927337646484,77.1439743041992,78.4903411865234,76.4903411865234,78.6927337646484,432.288787841797,430.116333007812,427.517852783203,429.517852783203,430.981048583984,435.584106445312,379.972015380859,369.144439697266,382.894775390625,383.065887451172,384.326690673828,368.517974853516,368.24072265625,99.5082321166992,273.818786621094,170.242736816406,275.385223388672,109.402404785156,2.51002176153934
98.4418804102378,39.2159537282377,68.0999979376793,-4.67917823791504,-12.6941070556641,-90.8749008178711,975.589294433594,0.964082598686218,-13.0151720046997,13.9792537689209,5.58261060714722,-14.084527015686,6.75228977203369,-17.2418327331543,223.923004150391,71.5779418945312,0.300000011920929,124.033363342285,164.998413085938,1.5,111.586929321289,1.90000009536743,-0.0150544174194336,0.0243417788296938,0.0998457223176956,0.25,10,2001,3574.54956054688,112.097702026367,147.951141357422,127.748085021973,138.951141357422,118.447319030762,147.951141357422,154.097702026367,123.951148986816,128.300765991211,125.951148986816,132.300765991211,121.951148986816,212.293121337891,347.755737304688,236.691589355469,271.642730712891,231.642730712891,311.251922607422,188.650375366211,201.300765991211,187.097702026367,181.845794677734,181.146560668945,196.097702026367,255.601531982422,48.6992340087891,155.203063964844,105.300765991211,190.048858642578,66.3007659912109,294.699249267578,40.3984680175781,210.357269287109,120.251914978027,256.503814697266,69.6992340087891,49.2519111633301,75.6503829956055,79.3007659912109,77.6503829956055,79.3007659912109,77.3007659912109,79.3007659912109,424.796936035156,424.545013427734,417.593872070312,419.593872070312,419.943481445312,428.496185302734,386.552673339844,373.804595947266,395.958801269531,398.560333251953,398.909942626953,375.406127929688,339.488525390625,86.2366104125977,200.792236328125,141.473220825195,242.97705078125,88.2289581298828,2.51025083037453
98.450863563079,39.2159537282377,70.6000030040741,-5.05828380584717,-12.5616836547852,-88.7636184692383,979.150024414062,0.599248230457306,-13.5551815032959,14.1544303894043,5.22806692123413,-14.5126514434814,6.37584495544434,-17.6584129333496,229.041687011719,72.8881149291992,0.306665778160095,123.92862701416,168.743988037109,1.50666570663452,114.337516784668,1.90666580200195,-0.0156733093261719,0.0236539244651794,0.0939930453896523,0.25,10,2001,3687.33911132812,108.99365234375,149,125.496826171875,140,114.99365234375,149,150.490478515625,126.00634765625,130.00634765625,128.00634765625,133,125.51586151123,206.503173828125,360.04443359375,231.515869140625,266.00634765625,221.98095703125,314.509521484375,182.458755493164,197.471450805664,175.942886352539,173.974609375,169.949234008789,189.471450805664,268.069793701172,52.5285568237305,163.534896850586,106,212.145950317383,65.490478515625,318.152313232422,41.0126914978027,248.196731567383,124.51586151123,294.215759277344,79.0634613037109,55.0253829956055,75.496826171875,80,77.496826171875,79.496826171875,77.496826171875,80,415.458740234375,409.433380126953,407.974609375,407.9619140625,410.477783203125,414.936553955078,401.579315185547,393.095184326172,416.579315185547,418.063446044922,419.572967529297,396.095184326172,346.107879638672,66.9555816650391,165.107879638672,117.503173828125,241.120574951172,69.503173828125,2.51047989920971
98.4598467159202,39.2159537282377,72.5999996066093,-5.03747892379761,-12.7413721084595,-90.0356063842773,988.784606933594,0.524777710437775,-13.6343402862549,14.1591186523438,5.29223823547363,-14.608585357666,6.43538856506348,-17.7902221679688,229.302642822266,72.9746170043945,0.320549458265305,123.523696899414,168.667663574219,1.52054941654205,114.114898681641,1.92054951190948,-0.0162922027587891,0.0229660719633102,0.0900279581546783,0.325000017881393,10,2001,3694.55859375,106.932052612305,147.932052612305,124.644020080566,139.644012451172,114,147.576065063477,154.695724487305,131.983749389648,135.627777099609,133.271789550781,137.271789550781,132.271789550781,204.152145385742,359.880340576172,228.660263061523,266.288024902344,217.220092773438,309.236328125,174.576065063477,186.592315673828,167,170.355987548828,162,185.711959838867,292.52734375,64.4756317138672,181.103408813477,112.407684326172,250.663223266602,68.983757019043,356.595275878906,43.3559837341309,274.728210449219,142.663223266602,335.831604003906,87.220085144043,59.7119636535645,75,80.3559799194336,76.6440200805664,79.3559799194336,76.6440200805664,80,414.695709228516,397.932037353516,405.779907226562,403.067962646484,410.203857421875,403.932037353516,410.084197998047,415.475646972656,427.220092773438,426.576080322266,427.796142578125,411.355987548828,374.747436523438,62.8478584289551,195.883316040039,119.067947387695,278.867065429688,73.2038421630859,2.5107089680449
98.4688298687614,39.2159537282377,72.5999996066093,-5.55143642425537,-12.5423030853271,-87.7342681884766,990.760437011719,0.104626752436161,-14.2118253707886,14.3164510726929,4.84967184066772,-15.156156539917,5.96985769271851,-18.2799854278564,237.378860473633,75.4088973999023,0.357040494680405,123.011024475098,173.803176879883,1.62310791015625,117.181503295898,2.00423145294189,-0.0169110946655273,0.0222782175987959,0.0900279581546783,0.25,10,2001,3705.4150390625,105.830795288086,146.413177490234,124.76416015625,139.55534362793,114.835243225098,145.550903320312,164.466888427734,140.951156616211,147.638671875,143.732330322266,147.314712524414,139.808975219727,201.145858764648,344.743041992188,218.351333618164,263.604949951172,213.853378295898,296.066986083984,176.727111816406,184.160995483398,175.561248779297,177.961853027344,167.429092407227,189.439086914062,332.856384277344,84.504280090332,210.63720703125,136.137725830078,291.106658935547,86.9300308227539,390.717193603516,48.6649284362793,280.763732910156,165.984176635742,358.245849609375,87.4031677246094,59.8893051147461,74.5823745727539,80.6534652709961,75.9289169311523,79.6534652709961,75.9289169311523,79.7911911010742,425.928558349609,399.962951660156,409.981872558594,405.004455566406,417.475036621094,401.577941894531,396.997772216797,415.876037597656,414.456878662109,417.03369140625,415.304718017578,409.774169921875,407.324737548828,70.4479904174805,222.10188293457,129.983322143555,320.943786621094,80.8926467895508,2.51093803688008
97.5345819732771,39.2069705753965,51.3999983668327,-5.74699068069458,-14.6216554641724,-136.540237426758,959.925109863281,-1.47281670570374,-12.1823978424072,10.7095813751221,4.73144483566284,-14.865550994873,6.0005464553833,-17.8617095947266,192.847961425781,61.0500679016113,0.400000005960464,125.022911071777,140.112976074219,1.89999997615814,93.3905181884766,3.04970598220825,-0.0162735321044922,0.0259169656783342,0.106444217264652,0.25,10,2001,3796.201171875,125.342086791992,148.023910522461,129.825317382812,143.047836303711,127.119575500488,147.047836303711,203.806076049805,141.267730712891,165.846633911133,154.825057983398,168.894454956055,144.387313842773,229.847427368164,277.514434814453,239.624908447266,241.382629394531,228.651168823242,256.181701660156,181.612426757812,193.086303710938,189.959457397461,190.899658203125,175.760848999023,186.114898681641,204.990646362305,62.9259185791016,133.134124755859,121.021575927734,149.493377685547,84.2680053710938,236.363922119141,45.4736137390137,148.347015380859,105.023918151855,179.002868652344,78.1125564575195,31.1148948669434,79,81,80.0239181518555,81,80.0239181518555,81,455.863800048828,435.703155517578,440.906677246094,431.743957519531,443.177032470703,423.9638671875,361.865875244141,371.234466552734,369.133880615234,378.014312744141,381.380310058594,389.945159912109,256.28125,59.3444213867188,148.567199707031,149.72705078125,222.663375854492,65.7559051513672,2.48768472906404
97.5435651261183,39.2069705753965,56.4999990165234,-5.78058624267578,-14.6361742019653,-138.077117919922,957.535034179688,-1.5276073217392,-12.1276073455811,10.6000003814697,4.70211791992188,-14.8723974227905,5.96682548522949,-17.8406391143799,194.857604980469,62.1523857116699,0.400000005960464,125.578125,141.920700073242,1.89999997615814,94.2075881958008,2.58975958824158,-0.0161197830200195,0.0260396394878626,0.106444217264652,0.200000002980232,10,2001,3810.02172851562,125.827949523926,147.829925537109,128.831909179688,142.829925537109,127,147,206.139724731445,144.307815551758,167.311782836914,158.135772705078,170.311782836914,147.307815551758,223.842544555664,280.403442382812,233.184677124023,243.040878295898,223.838592529297,263.660491943359,184.866851806641,188.935455322266,192.698760986328,189.052764892578,177.870803833008,185.583419799805,201.445678710938,61.1760139465332,130.976333618164,121.727119445801,137.008026123047,83.344108581543,228.489151000977,43.903133392334,142.451614379883,105.850364685059,166.155685424805,73.7185592651367,28.0323238372803,79,81,80,81,80,81.1700744628906,449.406768798828,437.651916503906,436.253173828125,430.390930175781,438.570892333984,424.168090820312,365.554321289062,373.412628173828,370.877990722656,380.728363037109,384.216156005859,390.248474121094,203.065673828125,53.5504684448242,141.115432739258,147.400100708008,199.426681518555,59.0646476745605,2.48791385038378
97.5525482789594,39.2069705753965,56.4999990165234,-5.78880929946899,-14.6660509109497,-138.358963012695,957.894348144531,-1.5276073217392,-12.1276073455811,10.6000003814697,4.71404361724854,-14.877589225769,6.00339794158936,-17.8218574523926,197.83772277832,63.6434669494629,0.400000005960464,125.952026367188,143.993545532227,1.89999997615814,94.9431838989258,2.09999990463257,-0.0159660339355469,0.0261623132973909,0.109372772276402,0.225000008940697,10,2001,3839.60375976562,125.78003692627,147.408157348633,127.618354797363,142.342163085938,126.824028015137,147.065994262695,207.15397644043,146.513626098633,168.175964355469,160.535614013672,171.131973266602,149.469635009766,230.090606689453,289.916687011719,239.638458251953,249.267883300781,231.208297729492,272.495574951172,191.991714477539,192.654052734375,198.654052734375,191.430892944336,183.566070556641,192.417343139648,206.891494750977,59.5963554382324,140.899948120117,127.925720214844,136.110717773438,82.6260681152344,218.315093994141,48.302116394043,146.115966796875,108.333137512207,164.227264404297,72.6358337402344,27.0659885406494,79,81,80,80.9780044555664,80.0219955444336,81.657829284668,447.987762451172,439.337646484375,438.746551513672,434.338409423828,439.795074462891,425.579620361328,360.0205078125,368.00830078125,361.941558837891,374.230712890625,376.959045410156,382.025024414062,187.375579833984,52.5079689025879,142.220703125,137.375823974609,193.789398193359,58.2757797241211,2.48814297170352
97.5615314318006,39.2069705753965,59.799998998642,-5.91038990020752,-14.6171321868896,-137.798156738281,957.859802246094,-1.59210276603699,-12.1999254226685,10.6078224182129,4.61980867385864,-14.9864158630371,5.92695331573486,-17.9053955078125,199.390502929688,63.5924835205078,0.400000005960464,125.543785095215,144.835815429688,1.89999997615814,96.0289993286133,2.09999990463257,-0.0158122833251953,0.0262849852442741,0.110181175172329,0.25,10,2001,3870.67602539062,120.682746887207,149.126907348633,126.468276977539,142.531723022461,122.746200561523,148.595169067383,210.722076416016,150.722076416016,172.253799438477,165.253799438477,174.190353393555,152.658630371094,224.770324707031,296,231.579971313477,255.658630371094,220.921356201172,276.46826171875,199.722076416016,200.253799438477,206.253799438477,201.507598876953,189.126907348633,202.317245483398,220.039321899414,57.9365501403809,154.380706787109,134.126907348633,146.507598876953,73.9606781005859,240.776596069336,47.7462005615234,164.420028686523,108.404823303223,192.713150024414,71.9365463256836,28.5951747894287,79,81,80,80.4682769775391,80.5317230224609,81.4682769775391,455.444152832031,439.46826171875,448.444152832031,442.317260742188,450.571044921875,431.317260742188,344.833770751953,360.277923583984,344.833770751953,356.175140380859,360.302062988281,366.897216796875,242.426300048828,79.7131500244141,155.166229248047,153.459350585938,227.562118530273,87.8400497436523,2.48837209302326
97.5705145846418,39.2069705753965,58.1000000238419,-6.06711530685425,-14.515100479126,-135.951736450195,957.531799316406,-1.63265693187714,-12.3098793029785,10.6772212982178,4.50463819503784,-15.124153137207,5.81900405883789,-18.0156955718994,202.190200805664,64.9990234375,0.400000005960464,126.502639770508,147.519836425781,1.89999997615814,97.4221649169922,2.09999990463257,-0.0156585342407227,0.0264076590538025,0.110181175172329,0.275000005960464,10,2001,3905.36303710938,115.616355895996,151,125.616355895996,143.383636474609,119,150.383636474609,210.930847167969,152.081787109375,171.396286010742,165.163558959961,172.396286010742,152.314498901367,209.012634277344,287.943481445312,212.245346069336,245.723403930664,201.930847167969,263.339752197266,199.163558959961,195.176193237305,204.628997802734,202.094421386719,188.314498901367,199.71076965332,221.861709594727,54.6981391906738,156.930847167969,131.779922485352,158.603713989258,63.3144950866699,273.905578613281,42.8490715026855,180.685501098633,106.616355895996,222.220077514648,71.7672882080078,36.5219383239746,78.2327117919922,80.6163558959961,80,80,80.6163558959961,80.6163558959961,458.16357421875,440.534576416016,450.396270751953,443.547210693359,456.698150634766,436,342.289215087891,364.289215087891,344.974731445312,354.358367919922,354.603729248047,364.905578613281,249.648284912109,94.2579803466797,172.28923034668,163.107055664062,233.446823120117,105.025268554688,2.48860121434299
97.579497737483,39.2069705753965,57.5999990105629,-6.10445308685303,-14.5224800109863,-135.552459716797,958.085205078125,-1.63729250431061,-12.3510961532593,10.7138032913208,4.50501251220703,-15.1690111160278,5.81937837600708,-18.0282707214355,204.242446899414,66.075309753418,0.400000005960464,126.85977935791,149.255798339844,1.89999997615814,98.0957336425781,2.09999990463257,-0.0155633407592773,0.0265336129814386,0.110181175172329,0.300000011920929,10,2001,3907.84936523438,115.106719970703,150.764419555664,125.342300415039,143.186538696289,119,150.422119140625,208.031646728516,149.298004150391,165.751770019531,160.538345336914,167.694107055664,149.218185424805,206.392211914062,277.712249755859,210.725875854492,234.597747802734,202.80094909668,248.877502441406,193.360427856445,186.0458984375,197.25846862793,195.041152954102,184.982604980469,192.383453369141,215.120971679688,52.8182144165039,155.680709838867,124.289245605469,168.724273681641,62.1028366088867,284.728149414062,41.791316986084,185.666458129883,107.284622192383,231.595397949219,72.3153991699219,44.7146339416504,77.6846008300781,80.1067199707031,80,80,80.1067199707031,80.1067199707031,452.360443115234,440.452911376953,443.809448242188,436.604644775391,451.048919677734,433.173034667969,353.857025146484,373.265625,359.167663574219,368.589782714844,363.310791015625,374.550231933594,216.323974609375,83.2862319946289,181.265625,153.6689453125,208.839691162109,95.0727996826172,2.48883033566273
97.5884808903242,39.2069705753965,58.6000010371208,-6.09304618835449,-14.5376930236816,-135.826690673828,958.622436523438,-1.63079464435577,-12.3339824676514,10.7031869888306,4.52436876296997,-15.1507787704468,5.86083316802979,-18.0025482177734,204.278839111328,65.8229522705078,0.400000005960464,126.529518127441,149.161865234375,1.89999997615814,98.2665100097656,2.09999990463257,-0.0155265411376953,0.0266628377139568,0.110181175172329,0.325000017881393,10,2001,3900.9326171875,115.087539672852,150.079727172852,125.657661437988,141.326721191406,119.087539672852,149.334533691406,209.288284301758,147.116806030273,164.790084838867,159.527465820312,168.683334350586,148.264862060547,214.281112670898,274.389465332031,222.812805175781,240.731094360352,212.824203491211,247.913360595703,190.764404296875,189.284698486328,195.429885864258,197.269073486328,185.0078125,195.451965332031,212.356872558594,53.9381370544434,156.127746582031,117.025047302246,173.766189575195,65.4015045166016,284.789001464844,42.8405456542969,186.582412719727,108.587982177734,236.283615112305,71.7722244262695,44.2840728759766,78.5779342651367,80.1750793457031,80.0875396728516,80.1750793457031,80.0875396728516,80.1750793457031,449.939483642578,437.518768310547,440.896850585938,430.460510253906,445.065460205078,427.67041015625,359.786499023438,372.538879394531,364.418487548828,372.928070068359,369.671936035156,376.877624511719,256.755218505859,84.4564514160156,180.9765625,158.605392456055,219.336685180664,95.8436813354492,2.48905945698247
97.5974640431654,39.2069705753965,59.2000000178814,-6.03572368621826,-14.6126441955566,-137.645645141602,959.897094726562,-1.61605978012085,-12.232403755188,10.61634349823,4.58862972259521,-15.1130094528198,5.94759511947632,-17.9552173614502,204.112442016602,65.6301498413086,0.400000005960464,126.241844177246,148.793853759766,1.89999997615814,98.3076400756836,2.09999990463257,-0.0154897415161133,0.026792062446475,0.110231801867485,0.275000005960464,10,2001,3885.21484375,115.597129821777,148.805740356445,125.402870178223,138.014343261719,119.597129821777,147.805740356445,208.014343261719,140.2373046875,161.222961425781,154.431564331055,165.625823974609,141.640182495117,222.179916381836,262.668884277344,231.985656738281,236.654525756836,219.194259643555,235.683227539062,190,192.597137451172,196.194259643555,197.014343261719,186.791397094727,198,189.93489074707,50.6258316040039,131.157852172852,103.266014099121,149.560729980469,61.8344421386719,254.977951049805,45.3885192871094,171.294708251953,103.237312316895,213.352111816406,72.791389465332,36.6401824951172,79.5971298217773,81.1942596435547,80.5971298217773,81.1942596435547,80.5971298217773,81.1942596435547,450.194274902344,442.359832763672,436.820098876953,427.402862548828,443.791381835938,428.179901123047,360.805725097656,364.640167236328,367.985656738281,375.985656738281,369.417205810547,373.820098876953,283,70.6975784301758,175.625823974609,133.380813598633,228,78.5176696777344,2.48928857830221
97.6064471960066,39.2069705753965,59.2000000178814,-5.92525100708008,-14.7449979782104,-140.521133422852,962.034118652344,-1.51929545402527,-12.0127763748169,10.493480682373,4.72440576553345,-15.0250587463379,6.11734962463379,-17.8506202697754,203.091247558594,65.0938262939453,0.400000005960464,126.169090270996,148.095916748047,1.89999997615814,97.9758148193359,2.10568952560425,-0.0154529434204102,0.0269212871789932,0.110413737595081,0.225000008940697,10,2001,3862.830078125,118.694496154785,147.101837158203,127.694496154785,136.449081420898,122.694496154785,146.101837158203,208.69450378418,136.347244262695,167.430740356445,157.185317993164,172.777984619141,138.69450378418,206.587600708008,254.796325683594,221.425689697266,229.898162841797,206.52751159668,232.532577514648,206.616058349609,188.509170532227,203.287155151367,195.449081420898,198.328903198242,194.407333374023,173.69450378418,47.4490814208984,109.449081420898,91.7545852661133,127,55.203670501709,217.874771118164,51.9399108886719,156.652755737305,98.4490814208984,183.018341064453,72.2036666870117,28.3055038452148,80.4490814208984,82.4490814208984,81.4490814208984,82.4490814208984,81.4490814208984,82.4490814208984,448.754577636719,444.856414794922,435.347259521484,428.347259521484,443.652740478516,428.754577636719,345.180267333984,366.634399414062,361.91650390625,376.203674316406,358.018341064453,376.838073730469,232.702728271484,53.8564224243164,151.342193603516,105.754585266113,197.91145324707,61.1018333435059,2.48951769962195
97.6333966545302,39.2069705753965,52.2999987006187,-5.6389307975769,-14.9721479415894,-145.852569580078,962.475646972656,-1.36554133892059,-11.6309385299683,10.2653970718384,5.00231552124023,-14.7752828598022,6.40980386734009,-17.5591945648193,203.309509277344,63.5447578430176,0.400000005960464,123.641395568848,146.377731323242,2.25810885429382,98.04296875,3.55810880661011,-0.0153048385620117,0.0272112060338259,0.110413737595081,0.200000002980232,10,2001,3811.93969726562,120.674995422363,145.685119628906,129.652389526367,136.675003051758,125.332443237305,145.680053710938,207.670516967773,142.641983032227,169.740447998047,161.009826660156,182.383010864258,141.992263793945,220.901245117188,280.61669921875,235.5009765625,246.908981323242,211.558685302734,261.236358642578,220.344360351562,201.949722290039,215.034820556641,212.647323608398,211.349411010742,206.667556762695,174.324996948242,53.7127799987793,110.277687072754,92.9726181030273,136.017837524414,62.7077255249023,204.443984985352,49.3374977111816,140.073181152344,97.9723281860352,165.456192016602,70.9949417114258,26.9949436187744,80.9949417114258,83.6574401855469,81.0050582885742,83,81.3425598144531,83.6574401855469,425.496063232422,426.833557128906,416.128509521484,415.453216552734,421.146057128906,414.435668945312,354.159576416016,371.221771240234,368.836669921875,371.904510498047,367.167022705078,378.239318847656,186.617858886719,51.3604011535645,134.937515258789,106.451713562012,193.565185546875,65.6425628662109,2.49020506358117
98.4149309517142,39.2069705753965,70.0000002980232,-5.31346559524536,-12.4057836532593,-90.5217514038086,963.401794433594,0.324239015579224,-13.3918104171753,13.7160491943359,4.90716409683228,-14.6146278381348,6.08261871337891,-17.6160850524902,237.46549987793,76.3509216308594,0.319658994674683,123.594993591309,173.960632324219,1.63254046440125,117.066787719727,1.92491924762726,-0.0149259033203125,0.0250897686928511,0.0998457223176956,0.450000017881393,10,2001,3503.8984375,110.663200378418,145.322662353516,124.902572631836,139.210052490234,116.033058166504,144.322662353516,175.928619384766,125.045677185059,136.613433837891,129.812026977539,140.517990112305,124.364601135254,208.500350952148,337.120208740234,236.082473754883,273.786224365234,216.172317504883,311.035278320312,183.100112915039,191.726150512695,187.726287841797,188.063079833984,175.148361206055,181.601165771484,310.050445556641,58.2131996154785,206.562713623047,108.489372253418,243.851165771484,73.3985900878906,347.740875244141,42.4346961975098,253.421478271484,144.420440673828,298.116668701172,75.548942565918,60.697193145752,74.6982498168945,80.1419372558594,76.3519897460938,79.1419372558594,76.2838821411133,80.1419372558594,442.737152099609,431.119537353516,434.567199707031,433.674072265625,439.514953613281,438.253997802734,374.162719726562,376.808044433594,377.70654296875,378.262847900391,385.2685546875,380.212951660156,542.8623046875,152.665496826172,330.157653808594,216.493179321289,384.220306396484,140.24951171875,2.51013861839844
98.4239141045554,39.2069705753965,70.0000002980232,-4.61473989486694,-12.832239151001,-94.2660064697266,972.712280273438,0.871470034122467,-12.741551399231,13.6130208969116,5.61960601806641,-14.0059633255005,6.79442977905273,-17.1335163116455,227.469497680664,72.9472885131836,0.300175994634628,124.091003417969,167.396499633789,1.58813118934631,113.139251708984,1.90017604827881,-0.0139068328857422,0.0254547819495201,0.0998457223176956,0.25,10,2001,3316.39428710938,113.971488952637,148.054489135742,127.140090942383,139.91569519043,117.879402160645,147.185485839844,174.703002929688,122.618705749512,136.233489990234,128.448791503906,140.186798095703,122.356704711914,208.612228393555,325.420257568359,230.620010375977,274.697845458984,224.687454223633,308.980560302734,177.718566894531,174.889770507812,183.468215942383,182.985733032227,172.863830566406,168.826217651367,285.762634277344,52.2088279724121,169.254119873047,102.953300476074,222.549880981445,61.6614685058594,305.949340820312,40.1349258422852,211.89485168457,128.24641418457,252.488906860352,60.5175132751465,53.4902458190918,76.0920867919922,80.5226974487305,77.4383926391602,79.653694152832,77.4383926391602,80.5226974487305,459.989624023438,457.068756103516,457.352813720703,456.658874511719,460.306121826172,462.316497802734,362.291809082031,367.387756347656,359.178985595703,360.224365234375,366.830047607422,368.857269287109,434.806274414062,98.9817504882812,237.259140014648,148.137268066406,315.893310546875,97.6782302856445,2.51036773971818
98.4328972573966,39.2069705753965,61.9000010192394,-4.34287786483765,-12.9712400436401,-95.0149612426758,977.705322265625,1.15191102027893,-12.502311706543,13.6542224884033,5.90628290176392,-13.7716064453125,7.10040330886841,-16.9598617553711,222.01936340332,71.0729904174805,0.300000011920929,123.972923278809,163.509338378906,1.5,110.659370422363,1.90000009536743,-0.0143504287719727,0.0248978901654482,0.0998457223176956,0.300000011920929,10,2001,3346.74438476562,119.100158691406,149.637512207031,130.825119018555,140.637512207031,123.375198364258,149.275039672852,181.287750244141,129.925277709961,142.375198364258,134.375198364258,145.100158691406,128.650238037109,218.387908935547,334.675659179688,239.850540161133,286.575500488281,231.462631225586,316.387908935547,184.112869262695,184.588226318359,181.087448120117,185.100158691406,177.650238037109,174.662948608398,286.837829589844,54.4626350402832,150.624801635742,101.724960327148,212.899841308594,60.8251152038574,293.550079345703,49.1128692626953,197.912551879883,127.650230407715,241.925277709961,64.1128692626953,48.4499206542969,75.7249603271484,79.7249603271484,77.3624801635742,79.3624801635742,77.3624801635742,79.7249603271484,455.786987304688,458.337066650391,456.974578857422,452.874420166016,458.699523925781,466.712249755859,360.100158691406,356.712249755859,361.93798828125,361.387908935547,363.650238037109,358.624816894531,340.422943115234,88.1255874633789,191.349761962891,106.699531555176,246.623245239258,80.1875991821289,2.51059686103792
98.4418804102378,39.2069705753965,64.4999966025352,-5.24656057357788,-12.3776369094849,-88.072135925293,970.695922851562,0.529831647872925,-13.5441675186157,14.0739994049072,5.05400133132935,-14.583327293396,6.20702266693115,-17.672815322876,232.786254882812,74.3447494506836,0.300000011920929,124.091003417969,171.251480102539,1.5,115.777397155762,1.90000009536743,-0.0149951446533203,0.024220697581768,0.0998457223176956,0.450000017881393,10,2001,3780.04663085938,116.606025695801,149.019271850586,129.077102661133,139.528915405273,121.606025695801,148.528915405273,187.961441040039,142.845779418945,150.41325378418,143.393981933594,152.903610229492,138.884338378906,218.644577026367,342.586730957031,244.115661621094,291.096374511719,225.663848876953,321.057830810547,191,198.490356445312,183.922897338867,185.548187255859,185.432525634766,180.548187255859,286.625305175781,57,176.912048339844,106.884338378906,227.162658691406,65.9421691894531,315.595184326172,53.0578308105469,226.460250854492,131.019271850586,272.498809814453,74.9228897094727,51.4132537841797,74.509635925293,79,76.509635925293,79,76.509635925293,79,431.289154052734,438.7216796875,435.269866943359,431.702392578125,432.837341308594,450.7216796875,377.710845947266,362.787963867188,380.807220458984,381.749389648438,382.220489501953,368.730133056641,344.661468505859,82.3277053833008,216.421691894531,111.730125427246,252.248199462891,79.0578308105469,2.51082598235766
98.450863563079,39.2069705753965,60.4999996721745,-6.32188558578491,-11.7192821502686,-80.380859375,964.322387695312,-0.222361102700233,-14.8115787506104,14.5892181396484,4.04226684570312,-15.5643091201782,5.14916849136353,-18.5488147735596,244.605545043945,78.4608917236328,0.300000011920929,124.20174407959,180.009185791016,1.5,120.982643127441,1.90000009536743,-0.0156398590087891,0.0235435049980879,0.0939930453896523,0.375,10,2001,3782.78759765625,110.348846435547,148.006423950195,124.68244934082,138.352844238281,115.005630493164,147.009628295898,182.779495239258,148.202880859375,150.509231567383,145.875701904297,153.849243164062,142.215713500977,210.70491027832,336.655975341797,231.174057006836,281.913421630859,213.965545654297,311.841247558594,192.372894287109,196.59423828125,186.94465637207,181.986373901367,186.231750488281,178.016036987305,287.592620849609,60.0890045166016,194.761810302734,110.902160644531,247.633483886719,66.2349700927734,344.072906494141,51.0489196777344,258.252532958984,136.870864868164,302.951812744141,76.2285461425781,55.6278991699219,74.6896514892578,79.3432235717773,76.6896514892578,79,76.3464279174805,79.3432235717773,418.842041015625,428.103454589844,421.776275634766,424.156372070312,416.828430175781,441.133148193359,388.785064697266,375.302307128906,391.279052734375,393.200469970703,397.593383789062,380.850830078125,369.500366210938,74.0328826904297,240.629470825195,128.999160766602,286.601379394531,76.0192489624023,2.5110551036774
98.4598467159202,39.2069705753965,66.600002348423,-5.8373908996582,-12.2452554702759,-86.0685348510742,975.658264160156,-0.0725534111261368,-14.3279294967651,14.2553758621216,4.51568603515625,-16.3069324493408,5.63947534561157,-18.305627822876,237.46826171875,75.2770538330078,0.198675930500031,123.802589416504,174.788818359375,1.2298024892807,118.625923156738,1.49470376968384,-0.0162845748901367,0.0228663124144077,0.0900279581546783,0.300000011920929,10,2001,3681.70092773438,109.496841430664,148,124.542579650879,139.04573059082,114.235527038574,147,168.6279296875,139.104293823242,141.601593017578,138.41178894043,145.451217651367,134.673110961914,210.346466064453,333.620971679688,226.302200317383,271.294097900391,214.64811706543,298.588500976562,193.025802612305,194.425308227539,189.177062988281,183.588760375977,182.791275024414,182.1181640625,306.928161621094,65.4310760498047,184.734817504883,115.15803527832,253.954162597656,68.2821578979492,351.312347412109,50.7839622497559,258.985931396484,151.110748291016,313.117614746094,73.57568359375,55.9347839355469,75.5031585693359,80.0457305908203,77.5031585693359,79.1961059570312,76.6535263061523,79.8496322631836,420.051605224609,419.155426025391,416.227874755859,420.018127441406,416.894897460938,434.292633056641,386.922607421875,386.419250488281,394.595062255859,396.242736816406,400.464172363281,383.785308837891,353.971343994141,81.7955780029297,236.217041015625,132.862243652344,289.649017333984,75.8038940429688,2.51128422499714
98.4688298687614,39.2069705753965,71.5999975800514,-5.13731145858765,-12.8937034606934,-92.8288803100586,990.044799804688,0.291815489530563,-13.6007413864136,13.8925561904907,5.21714115142822,-16.206974029541,6.36397123336792,-17.8963871002197,232.611694335938,73.9148712158203,0.166518837213516,123.346748352051,170.739334106445,1.13348376750946,115.636489868164,1.34705567359924,-0.0169292907714844,0.0221891198307276,0.0900279581546783,0.275000005960464,10,2001,3494.70092773438,109.555480957031,147.705993652344,125.306968688965,139.457473754883,115.61393737793,146.656982421875,156.845275878906,125.470390319824,134.158187866211,130.001724243164,138.060180664062,124.894271850586,212.07453918457,330.634582519531,236.967132568359,259.263885498047,227.506149291992,285.786804199219,189.445571899414,197.407424926758,198.592254638672,191.77880859375,182.96044921875,193.487243652344,335.130584716797,69.9369964599609,203.931427001953,132.991989135742,264.598510742188,83.1690902709961,344.963226318359,46.6286239624023,250.116882324219,162.351104736328,325.34375,77.0444488525391,57.7119407653809,75.1995086669922,80.6534805297852,77.1995086669922,79.7024841308594,76.2485122680664,80,414.94921875,394.483306884766,400.111968994141,399.28662109375,411.619171142578,410.414703369141,395.605194091797,408.109252929688,401.295776367188,408.9345703125,405.420379638672,396.751525878906,380.556213378906,74.3359756469727,245.647201538086,134.052139282227,314.329772949219,76.5225677490234,2.51151334631688
98.4778130216026,39.2069705753965,71.5999975800514,-5.86446666717529,-12.5107259750366,-88.1401290893555,987.4296875,-0.226035296916962,-14.4421091079712,14.2160739898682,4.54878902435303,-15.4181976318359,5.67190504074097,-18.5099029541016,243.317657470703,76.905632019043,0.313803672790527,122.177055358887,177.200622558594,1.65550911426544,119.710624694824,1.95015919208527,-0.0173425247192383,0.0217109099030495,0.0900279581546783,0.200000002980232,10,2001,3784.76025390625,108.333915710449,144.667831420898,124.889274597168,137.223190307617,114.778549194336,143.11247253418,156.553619384766,125.330429077148,136.664352416992,131.108978271484,139.553619384766,125.108985900879,226.550140380859,330.666076660156,245,267.105499267578,241.108978271484,285.108978271484,180.780288696289,204.553619384766,206.776809692383,202.108978271484,182.333908081055,207.330429077148,385.096801757812,82.7733306884766,234.326950073242,144,307.873596191406,96.4428939819336,335.557098388672,43.444637298584,256.439422607422,143.787261962891,334.332183837891,90.7733306884766,57.889274597168,73.889274597168,80.4446411132812,75.889274597168,80,75.4446411132812,80,418.885803222656,396.437683105469,393.332183837891,388.221435546875,408.555358886719,401.108978271484,400.333923339844,399.008697509766,399.891021728516,409.669555664062,409.110717773438,392.005218505859,426.434204101562,90.1020202636719,257.553619384766,152.103759765625,331.110717773438,88.8840560913086,2.51174246763661
98.4867961744438,39.2069705753965,63.7999996542931,-7.1442699432373,-11.8366165161133,-80.1771392822266,982.444030761719,-1.09959936141968,-15.8941612243652,14.7945623397827,3.38938856124878,-16.6377048492432,4.4477686882019,-19.5966033935547,256.682525634766,80.9035949707031,0.365022212266922,122.195533752441,186.70036315918,1.84224271774292,126.023971557617,2.0340404510498,-0.0172480224609375,0.0216617397964001,0.0900279581546783,0.200000002980232,10,2001,4080.107421875,109.041282653809,141.183486938477,124.408256530762,135,116.266059875488,139.591735839844,179.779830932617,151.188079833984,165.270660400391,158.454147338867,165.637634277344,147.963317871094,220.628433227539,329.958709716797,224.587142944336,266.527526855469,228.85319519043,286.733947753906,183.165145874023,217.165145874023,216.3486328125,219.247711181641,194.064224243164,219.715606689453,437.596343994141,112.188087463379,261.247711181641,161.963317871094,364.229370117188,115.105514526367,386.298217773438,60.5550575256348,290.454132080078,147.720199584961,365.578002929688,114.064231872559,54.5504570007324,72.5917434692383,79.1834869384766,74.5917434692383,79.1834869384766,74.1834869384766,79.1834869384766,434.573394775391,416.490814208984,405.798156738281,401.431213378906,416.756896972656,410.490814208984,381.853210449219,366.344024658203,378.261444091797,378.912841796875,389.178894042969,369.793579101562,425.912841796875,117.12385559082,255.87614440918,172.67431640625,325.467895507812,103.67431640625,2.51197158895635
97.4716999033887,39.1979874225553,50.7000014185905,-6.24289798736572,-13.6813268661499,-114.585777282715,973.252075195312,-1.57275569438934,-13.5140914916992,11.9413356781006,4.22448539733887,-15.5413007736206,5.42078113555908,-18.6296157836914,199.649276733398,63.8294410705566,0.50146746635437,125.059539794922,144.147811889648,2.00146746635437,94.8183670043945,3.20146751403809,-0.0170908798217773,0.0255148876458406,0.107284121215343,0.200000002980232,10,2001,3885.15747070312,124.528877258301,146,131.057754516602,141.528884887695,130.586639404297,144.528884887695,234.595687866211,169.893539428711,199.009063720703,191.893539428711,207.835784912109,170.951293945312,242.586639404297,314.586639404297,256.355590820312,280.884490966797,235.471115112305,298,229.182327270508,228.537933349609,237.528884887695,229.653457641602,222.759902954102,238.537933349609,206.075866699219,63.7689666748047,135.480178833008,123.240089416504,155.075866699219,92.8357849121094,218.884490966797,58,138.115509033203,98.4711227416992,165.471115112305,74.4711227416992,26,77.5288772583008,79.4711227416992,80,79,79.5288772583008,79.4711227416992,422.164215087891,429.048706054688,413.519805908203,414.750854492188,418.817657470703,413.279724121094,348.653442382812,341.413360595703,349.009063720703,355.124572753906,358.422424316406,348.182342529297,230.315963745117,77.4711227416992,142.413360595703,189.355606079102,227.680633544922,99.3069076538086,2.48665062449868
97.5435651261183,39.1979874225553,57.1000017225742,-5.62424802780151,-14.6537494659424,-136.288940429688,962.001098632812,-1.30721771717072,-12.0596828460693,10.7524652481079,4.86900949478149,-14.7631177902222,6.15094947814941,-17.7718200683594,191.698867797852,60.5813331604004,0.400000005960464,125.704788208008,139.753555297852,1.89999997615814,93.4739379882812,2.13767790794373,-0.0166135894775391,0.0256498176604509,0.0993265062570572,0.25,10,2001,3779.77612304688,126.002372741699,146.660263061523,131.002380371094,142.997619628906,129,147.657897949219,205.768142700195,145.72737121582,177.48600769043,167.141525268555,182.847305297852,151.426025390625,221.763381958008,267.0595703125,222.493133544922,249.397338867188,214.820785522461,252.671951293945,195.713119506836,195.428604125977,190.019195556641,189.031280517578,185.337356567383,194.074417114258,196.380508422852,61.6291923522949,115.40901184082,113.334785461426,124.727363586426,81.6626434326172,198.287078857422,52.0312728881836,130.375564575195,100.334983825684,153.380508422852,79.9976272583008,26.6794662475586,80.3134078979492,81.6578903198242,80.9976272583008,81.655517578125,80.6578903198242,81.6578903198242,472.37060546875,463.380310058594,470.715301513672,464.401885986328,470.729553222656,462.736877441406,331.916259765625,341.191101074219,338.607604980469,346.566833496094,343.93310546875,343.188720703125,191.699966430664,59.0409698486328,135.912231445312,160.347137451172,177.043548583984,68.055419921875,2.48848401512547
97.5525482789594,39.1979874225553,57.1000017225742,-5.61201190948486,-14.7076349258423,-138.030014038086,961.205261230469,-1.30419969558716,-11.960015296936,10.6558151245117,4.91156196594238,-14.7297964096069,6.1964545249939,-17.7197208404541,192.616989135742,60.6297035217285,0.400000005960464,125.799453735352,140.423980712891,1.89999997615814,94.2449722290039,2.09999990463257,-0.0164727523803711,0.0257912054657936,0.102235071361065,0.200000002980232,10,2001,3784.23608398438,126.512222290039,147,131.512222290039,142.487777709961,129,147.487777709961,203.561096191406,145.048873901367,172.561096191406,161.536651611328,177.073318481445,149.048873901367,218.536651611328,274.707702636719,219.097747802734,246,213.634399414062,260.658843994141,191.975555419922,188.463348388672,189,185.463348388672,184.487777709961,189.487777709961,194.512222290039,60.438907623291,119.658843994141,117.073310852051,124.048873901367,82.5122222900391,196.926681518555,48.4633445739746,132.585525512695,98.9755630493164,151.512222290039,79.4877777099609,26,79.4633407592773,81.4877777099609,80.4877777099609,80.9755630493164,80.4877777099609,81.4877777099609,478.658843994141,466.609954833984,472.585540771484,467.122192382812,475.658843994141,464.097747802734,329.365600585938,344.926696777344,337.926696777344,347.414459228516,339.853363037109,346.414459228516,165.877807617188,52.4144706726074,123.512222290039,144.876861572266,165.82893371582,59.3900337219238,2.48871318895382
97.5615314318006,39.1979874225553,58.2000017166138,-5.61071443557739,-14.764799118042,-139.222991943359,961.294006347656,-1.30493092536926,-11.9101686477661,10.6052379608154,4.94024705886841,-14.727442741394,6.24395704269409,-17.6815185546875,193.499938964844,61.9158248901367,0.400000005960464,126.752799987793,141.751922607422,1.89999997615814,94.4326705932617,2.09999990463257,-0.0163319152832031,0.0259325951337814,0.10303795337677,0.275000005960464,10,2001,3794.2333984375,122.993911743164,148.456756591797,130.543243408203,142.364196777344,126.086486816406,148.092575073242,202.722290039062,145.543243408203,172.450668334961,162.271621704102,176.358108520508,149.907424926758,224.370269775391,285.913513183594,223.364196777344,240.901351928711,220.456756591797,264.814849853516,187.358108520508,185.543243408203,187.543243408203,184,179.629730224609,187.907424926758,205.197311401367,56.1790542602539,127.820945739746,113.44458770752,135.468933105469,75.3520202636719,212.20947265625,44.4506721496582,145.104736328125,96.9074325561523,172.394607543945,74.6297225952148,27.8209476470947,78,81,80,80,80,81,480.265533447266,462.623626708984,472.722290039062,467.629730224609,477.265533447266,461.080413818359,332.376373291016,351.833129882812,339.734466552734,348.370269775391,343.468933105469,351.376373291016,175.931762695312,52.2777061462402,133.468933105469,131.654067993164,169.197311401367,58.6418952941895,2.48894236278217
97.6154303488478,39.1979874225553,54.6999983489513,-5.40928745269775,-15.0863161087036,-145.025909423828,969.570068359375,-1.09764444828033,-11.500189781189,10.4025449752808,5.30661392211914,-14.6081275939941,6.74192810058594,-17.4230880737305,198.522430419922,62.6896171569824,0.400000005960464,124.785194396973,143.950805664062,1.89999997615814,96.1682586669922,3.10795831680298,-0.0157517456054687,0.0269670635461807,0.10777884721756,0.200000002980232,10,2001,3783.2958984375,127.086807250977,146.121673583984,132.791519165039,137.940536499023,128.744354248047,144.389617919922,207.930236816406,139.995254516602,171.883071899414,160.252883911133,176.274673461914,141.680160522461,242.227111816406,297.346008300781,246.842254638672,250.722564697266,241.395950317383,274.276245117188,204.855758666992,184.079254150391,201.729309082031,195.416961669922,191.602874755859,189.850967407227,189.911163330078,52.1490249633789,113.88941192627,95.9235000610352,141.162094116211,62.7471199035645,229.556411743164,45.7566566467285,142.982955932617,99.5188293457031,171.48469543457,76.0868072509766,24.4169635772705,81.1339721679688,81.9254837036133,81.1339721679688,81.9254837036133,81.1339721679688,81.9254837036133,449.327392578125,446.712249755859,436.322631835938,433.054718017578,444.354736328125,431.322631835938,346.265899658203,369,361.948059082031,371.5283203125,364.176330566406,378.692413330078,167.196960449219,50.9433059692383,133.044357299805,111.7177734375,155.734817504883,54.8216323852539,2.49031740575226
97.624413501689,39.1979874225553,51.6000017523766,-5.37816190719604,-15.0928449630737,-145.147155761719,970.596374511719,-1.00780415534973,-11.4061660766602,10.398362159729,5.35926055908203,-14.5869016647339,6.80805730819702,-17.3803730010986,200.525573730469,63.0093154907227,0.400000005960464,123.697639465332,144.460525512695,1.96533477306366,96.3758926391602,3.26533460617065,-0.0156697555541992,0.0271498095244169,0.10777884721756,0.200000002980232,10,2001,3780.8916015625,129.217697143555,143.782302856445,133,136.712921142578,130.574157714844,143.069381713867,208.069381713867,140.574157714844,173.643539428711,163.217697143555,180.930618286133,142.861221313477,235.069381713867,292.643524169922,240.425842285156,250.861221313477,230.277542114258,269.712921142578,214.514297485352,182.782302856445,205.504760742188,195,198.296615600586,191.287078857422,174.763244628906,50.7129249572754,105.851692199707,92.4258499145508,133.56462097168,59.7823104858398,211.25846862793,50.4353828430176,140.712921142578,99.2870788574219,157.911544799805,78.2176895141602,24,81.6435394287109,82.6435394287109,81.6435394287109,82.6435394287109,81.6435394287109,82.6435394287109,451.574157714844,448.217681884766,439.148315429688,434.861236572266,447.504760742188,434.148315429688,334.268005371094,369,355.346923828125,370.138763427734,354.842163085938,373.921081542969,155.129241943359,44.9210815429688,127.416313171387,103.634002685547,149.921081542969,51.1387710571289,2.49054657958061
97.6333966545302,39.1979874225553,54.9000017344952,-5.38061141967773,-15.0805025100708,-145.740249633789,968.4814453125,-1.03047585487366,-11.3786420822144,10.3481664657593,5.33745670318604,-14.5820732116699,6.77871990203857,-17.3448162078857,202.836303710938,64.9723739624023,0.400000005960464,124.401298522949,146.348678588867,2.2758207321167,96.3895645141602,3.57582068443298,-0.0155229049682617,0.0272710938006639,0.10777884721756,0.300000011920929,10,2001,3780.09741210938,130.504425048828,142.495574951172,132.008850097656,136.495574951172,131.008850097656,142,210.469039916992,143.486740112305,175.486740112305,165.991149902344,182.495574951172,146.486740112305,226.566329956055,289.530944824219,234.539794921875,248.044219970703,220.053070068359,264.044219970703,222.991149902344,181.991149902344,212.460205078125,200.451354980469,205.486740112305,197.946929931641,168.451354980469,50.991153717041,106.964622497559,93.4778900146484,135.946929931641,59.4867324829102,205.920394897461,48.0530662536621,143.964614868164,100.495574951172,154.451354980469,78.5132675170898,25.4867324829102,82,83,82,83,82,83,449.530944824219,445.539794921875,438.035369873047,435.017700195312,446.035369873047,432.044219970703,326.982299804688,372.469055175781,349.504425048828,364.530944824219,348.982299804688,369.504425048828,158.902709960938,41.991153717041,121.991157531738,101.97346496582,156.407135009766,49.4955787658691,2.49077575340896
97.6423798073714,39.1979874225553,53.8000017404556,-5.41277360916138,-15.073145866394,-148.572036743164,964.290100097656,-1.13263547420502,-11.2787942886353,10.1461591720581,5.26874971389771,-14.5770149230957,6.69010734558105,-17.3171615600586,203.376998901367,65.0065002441406,0.400000005960464,124.425079345703,147.009994506836,2.15978193283081,97.0167617797852,3.45978188514709,-0.0153715255737305,0.0273880865424871,0.10777884721756,0.200000002980232,10,2001,3780.49584960938,129.652359008789,143.695266723633,132.042907714844,138.390548706055,130.695266723633,142.695266723633,217.824005126953,147.781097412109,179.085815429688,170.476364135742,187.866912841797,152.171630859375,215.175994873047,281.828369140625,227.914184570312,237.43782043457,211.566543579102,254.828369140625,219.480728149414,191.343276977539,215.261810302734,208.781097412109,204.566543579102,206.433456420898,173.652359008789,52.3476371765137,115.866912841797,96.3476333618164,143.042907714844,61.6952743530273,222.300369262695,42.3476371765137,149.390548706055,101,162.781097412109,77.3476333618164,26.6523628234863,81.6523666381836,83.3476333618164,81.6523666381836,83,82,83.3476333618164,446.695281982422,440.652374267578,434,433.695281982422,440.957092285156,429.433441162109,333.171630859375,368.004364013672,351.085815429688,357.523620605469,354.476379394531,364.133087158203,172.085815429688,49.9527282714844,139.686553955078,121.338912963867,173.605087280273,59.3861846923828,2.49100492723731
97.6513629602126,39.1979874225553,57.0000000298023,-5.49904155731201,-15.0255136489868,-150.109451293945,958.919738769531,-1.23710715770721,-11.246922492981,10.0098152160645,5.12866544723511,-14.6057939529419,6.5526328086853,-17.3178081512451,204.175170898438,64.9634323120117,0.400000005960464,124.668350219727,147.907684326172,1.89999997615814,98.0703811645508,3.19999980926514,-0.0152201446533203,0.0275050774216652,0.110510163009167,0.200000002980232,10,2001,3822.31494140625,126.946044921875,144.91389465332,132.772415161133,139.829223632812,130.116470336914,143.91389465332,226.823165893555,153.654174804688,184.139694213867,177.568069458008,196.796722412109,159.4833984375,211.369415283203,277.911743164062,225.856018066406,234.279388427734,207.600921630859,252.110046386719,209.462661743164,199.176483154297,210.917114257812,209.861022949219,199.003204345703,205.805633544922,178.335494995117,53.4562339782715,123.798149108887,97.0568084716797,143.972137451172,63.3133277893066,234.197219848633,42.6573791503906,153.824935913086,98.4037094116211,171.250457763672,77.058235168457,26.7420520782471,81.1429061889648,83.6573791503906,81.3426208496094,82.8002853393555,81.8002853393555,83.6573791503906,447.514465332031,440.542327880859,432.801727294922,434.314758300781,438.629852294922,433.199371337891,342.680267333984,360.081451416016,356.938568115234,355.82421875,362.366912841797,360.994995117188,179.735992431641,57.3458366394043,156.151824951172,139.891036987305,185.881042480469,68.9474792480469,2.49123410106566
98.3879814931906,39.1979874225553,41.0000011324883,-7.43260860443115,-11.2375707626343,-81.4093704223633,934.627075195312,-1.44399797916412,-15.2835550308228,13.8395566940308,2.81836438179016,-16.3591690063477,3.90966892242432,-19.0471305847168,266.195404052734,84.9504776000977,0.42639946937561,122.907363891602,193.266250610352,2.38294816017151,129.502044677734,2.52639937400818,-0.0179019195556641,0.0225023757666349,0.0893125534057617,1.70000004768372,10,2001,4154.28271484375,112.204200744629,143.914123535156,124,136.795806884766,116.204200744629,142.473281860352,242,188.440841674805,197.085876464844,186.967559814453,200.408401489258,180.76335144043,195.343505859375,323.236633300781,216.053436279297,243.375946044922,205.461822509766,275.763366699219,179.849227905273,183.375946044922,194.612594604492,185.494277954102,178.967559814453,186.257629394531,366.849243164062,78.1183242797852,232.526718139648,141.440841674805,301.257629394531,98.2366409301758,351.387420654297,48.2041969299316,228.419845581055,131.09733581543,313.354949951172,77.2366409301758,49.150764465332,72.1183242797852,79.1183242797852,74.2366409301758,77.6774826049805,74.2366409301758,78.5591583251953,419.269073486328,380.354949951172,382.709930419922,384.591613769531,398.387420654297,378.795806884766,400.881683349609,436.269073486328,423.118316650391,429.914123535156,423.085876464844,434.946563720703,503.858764648438,117.225189208984,320.847320556641,197.881683349609,383.204193115234,143.23664855957,2.51002635499026
98.3969646460318,39.1979874225553,55.9000000357628,-6.44408369064331,-11.8899078369141,-88.5102005004883,942.168273925781,-0.733996212482452,-14.1760835647583,13.4420871734619,3.7596595287323,-15.4856386184692,4.88879680633545,-18.276481628418,252.12239074707,79.8019180297852,0.400000005960464,122.358757019043,183.105239868164,1.95737826824188,123.84538269043,2.15737843513489,-0.0168763931274414,0.0234340932220221,0.0915645360946655,0.425000011920929,10,2001,3903.38427734375,110.412017822266,147.824035644531,125.236061096191,140.236053466797,114.412017822266,146.412017822266,234.583633422852,179.347579956055,184.935546875,173.935546875,188.171615600586,169.935546875,189.592330932617,335.712524414062,216.416366577148,248.596664428711,198.120208740234,284.712524414062,176.236053466797,185.300506591797,182.231719970703,178.824035644531,170.055755615234,180.296157836914,337.690795898438,71.5836334228516,210.871109008789,136.055755615234,271.398986816406,85.1672668457031,361.708190917969,46.4120216369629,258.364959716797,146.70817565918,320.5322265625,83.5322265625,56.4721221923828,73,79.1759567260742,75.5879821777344,78.1759567260742,75.5879821777344,78.5879821777344,421.703826904297,393.300506591797,399.536560058594,399.712524414062,411.592315673828,393.772613525391,402.060089111328,421.398986816406,418.231719970703,421.463439941406,417.939910888672,425.931213378906,464.759582519531,101.939895629883,279.120208740234,194.939895629883,375.231719970703,142.939895629883,2.51025552881861
98.405947798873,39.1979874225553,74.7999995946884,-5.73314523696899,-12.3091411590576,-92.3859405517578,952.801330566406,-0.175087064504623,-13.5061511993408,13.3310632705688,4.45482110977173,-14.9024753570557,5.62970876693726,-17.8059787750244,243.026672363281,76.5174331665039,0.400000005960464,122.421249389648,176.892349243164,1.72980320453644,120.261428833008,2.00936937332153,-0.0158508682250977,0.0241791997104883,0.0999924018979073,0.400000005960464,10,2001,3696.07006835938,110.653800964355,149.367202758789,126.75609588623,141.491195678711,114.918701171875,147.448501586914,214.337646484375,161.819931030273,166.636337280273,157.225738525391,170.33283996582,152.960830688477,203.526962280273,348.621276855469,228.450469970703,267.966064453125,206.895584106445,300.800079345703,176.961395263672,199.82177734375,176.462707519531,179.572494506836,167.154403686523,185.144287109375,299.584869384766,61.1389198303223,188.31233215332,126.796821594238,247.124633789062,67.4566268920898,363.089508056641,47.7133979797363,271.582885742188,154.711975097656,316.569305419922,84.0726089477539,59.7770957946777,73.2649002075195,78.4274978637695,75.081298828125,77.4274978637695,75.081298828125,78.081298828125,417.650421142578,408.616485595703,413.988464355469,413.680877685547,418.904479980469,413.188262939453,405.38818359375,391.561767578125,409.283905029297,407.011535644531,413.552215576172,401.667449951172,437.142669677734,96.4926147460938,277.299621582031,192.671401977539,348.270782470703,130.605239868164,2.51048470264696
98.4149309517142,39.1979874225553,57.7000007033348,-5.04726934432983,-12.7568225860596,-95.9846725463867,964.76025390625,0.325788497924805,-12.9675951004028,13.293384552002,5.14207601547241,-14.3485298156738,6.34061813354492,-17.3976039886475,233.171890258789,73.4464874267578,0.307621359825134,122.51830291748,170.251754760742,1.60812675952911,115.956748962402,1.90762138366699,-0.014825341796875,0.0247886553406715,0.0999924018979073,0.275000005960464,10,2001,3438.7724609375,110.581832885742,150.307510375977,126.764404296875,141.110641479492,115.117797851562,148.543106079102,190.887908935547,145.643798828125,150.579040527344,143.619369506836,152.728408813477,139.201217651367,211.969100952148,345.987762451172,233.602355957031,273.477416992188,213.034805297852,306.013366699219,176.392120361328,203.633926391602,178.328964233398,180.053024291992,173.318832397461,186.018890380859,276.254669189453,56.5532417297363,180.81233215332,118.327774047852,238.48957824707,64.8363265991211,350.791320800781,49.0790710449219,250.897109985352,157.789520263672,293.334167480469,75.104866027832,59.4757843017578,73.7715530395508,78.7715530395508,75.1177978515625,77.8893508911133,75,78.1177978515625,418.766967773438,417.011322021484,418.302917480469,418.139251708984,419.745513916016,424.21533203125,404.958709716797,379.354766845703,402.71435546875,402.461486816406,407.360961914062,389.765777587891,406.553680419922,88.2747497558594,259.638702392578,186.528305053711,309.604583740234,110.27449798584,2.51071387647531
98.4239141045554,39.1979874225553,66.200003027916,-4.1963210105896,-13.3096609115601,-100.273071289062,979.594665527344,1.04440712928772,-12.2339906692505,13.2783985137939,6.0199761390686,-13.6546669006348,7.21793079376221,-16.8615779876709,220.498947143555,71.131103515625,0.300000011920929,124.017135620117,162.194534301758,1.58795523643494,108.916961669922,1.90000009536743,-0.0137998153686523,0.025296414270997,0.0999924018979073,0.275000005960464,10,2001,3313.88696289062,111.873291015625,149.75114440918,125.75114440918,140.375564575195,115.62442779541,149,178.25341796875,134.131271362305,141.877853393555,133.755706787109,144.126708984375,130.628997802734,199.769393920898,327.520538330078,228.009124755859,266.135833740234,208.633560180664,297.886993408203,178.74658203125,197.633560180664,181.497711181641,183.371002197266,180.619873046875,181.131271362305,257.013702392578,52.8778533935547,165.891540527344,109.506843566895,211.031951904297,62.2534217834473,318.158660888672,48.7511405944824,223.520538330078,142.520538330078,259.778533935547,69.7511444091797,54.131275177002,74,79,75.6244277954102,78.6244277954102,75,78.6244277954102,426.366455078125,424.868713378906,425.117584228516,422.371002197266,423.619873046875,433.4931640625,395.511413574219,377.497711181641,393.009124755859,394.633544921875,396.135833740234,385.375579833984,410.728332519531,76.1358413696289,230.900665283203,159.905242919922,294.497711181641,96.7557067871094,2.51094305030366
98.4328972573966,39.1979874225553,66.200003027916,-4.81631469726562,-12.7805624008179,-92.5784072875977,974.330139160156,0.763440251350403,-13.0540904998779,13.8175296783447,5.45684242248535,-14.1816711425781,6.63477468490601,-17.3411159515381,228.147689819336,73.6968536376953,0.300000011920929,124.63094329834,168.451675415039,1.5,113.244590759277,1.90000009536743,-0.01426533203125,0.0247661489993334,0.0999924018979073,0.300000011920929,10,2001,3552.41186523438,111.568031311035,148.522674560547,125,139.522674560547,115.522674560547,148.045349121094,186.501113891602,125.226768493652,139.522674560547,130,143.954650878906,124.658737182617,197.501113891602,322.114501953125,226.773239135742,263.2958984375,210.159851074219,294.773223876953,186.727874755859,192.954650878906,193.501113891602,190.295913696289,194.501113891602,187.978439331055,305.278778076172,61.9784355163574,177.911514282227,118.842376708984,229.617828369141,71.4557571411133,303.637176513672,51.3412628173828,220.023788452148,127.568031311035,262.956878662109,72.8185882568359,51.4319686889648,73.5226745605469,79,75.5226745605469,79,75,79,438.682525634766,431.386627197266,428.090698242188,427.386627197266,430.818572998047,435.613372802734,375.112274169922,375.658721923828,377.930847167969,382.317474365234,375.157623291016,376.408172607422,399.701873779297,83.319694519043,218.773239135742,129.976211547852,279.77099609375,84.4081802368164,2.511172224132
98.4418804102378,39.1979874225553,67.100003361702,-6.06528949737549,-11.8780183792114,-82.2240600585938,962.86328125,-0.0135807348415256,-14.4687662124634,14.4551858901978,4.28147602081299,-15.2712669372559,5.41896104812622,-18.2923336029053,242.499801635742,78.0049743652344,0.300000011920929,124.333763122559,178.596176147461,1.54487037658691,120.009887695312,1.90000009536743,-0.0149358703613281,0.0240996163338423,0.0999924018979073,0.350000023841858,10,2001,3893.98852539062,110.048400878906,147.685897827148,125.330238342285,139.016128540039,115.346366882324,146.702026367188,196.984588623047,127.756759643555,141.327789306641,134.293075561523,146.618911743164,126.066474914551,216.240493774414,324.451263427734,232.829376220703,266.20361328125,221.390594482422,294.224639892578,193.466873168945,195.618911743164,203.324127197266,194.524566650391,202.012466430664,200.289413452148,368.04541015625,78.912712097168,217.746704101562,130.560012817383,283.549438476562,89.5570526123047,329.904846191406,52.2451782226562,245.191589355469,126.048400878906,297.816131591797,80.503532409668,54.9330177307129,73.0161361694336,79,75.0161361694336,78.6697616577148,75,79,436.197296142578,420.049407958984,417.148162841797,420.012237548828,427.275512695312,419.871215820312,370.682220458984,384.331665039062,378.874084472656,385.463195800781,371.365661621094,379.83935546875,401.25537109375,106.111427307129,242.662124633789,138.162261962891,284.674346923828,94.1138534545898,2.51140139796035
98.450863563079,39.1979874225553,61.2000003457069,-6.8883376121521,-11.3782968521118,-76.8993530273438,957.688049316406,-0.605978906154633,-15.4051027297974,14.7991237640381,3.49730753898621,-16.0214252471924,4.59733438491821,-18.9603710174561,251.510696411133,80.6432342529297,0.301960796117783,124.27229309082,185.090316772461,1.68053030967712,124.309928894043,1.90196084976196,-0.0156064102172852,0.0234330855309963,0.0941668003797531,0.225000008940697,10,2001,3961.38354492188,109.26732635498,147.163238525391,125.470420837402,138.816833496094,115.287254333496,145.980072021484,190.281951904297,136.314712524414,143.758285522461,139.22932434082,147.901611328125,131.719665527344,223.299865722656,323.52734375,236.158782958984,269.494415283203,225.006301879883,292.18603515625,195.223022460938,199.465957641602,199.454956054688,192.148391723633,195.696670532227,200.20817565918,357.634429931641,82.0762329101562,234.084991455078,122.80583190918,290.118316650391,94.4824142456055,353.259216308594,47.3901100158691,265.436096191406,127.648513793945,314.271606445312,84.7389755249023,58.0205383300781,73.5495071411133,79.1831665039062,75.3663330078125,78.5295791625977,75.3663330078125,79.1831665039062,419.536041259766,400.687927246094,403.224426269531,404.530975341797,413.190246582031,401.544586181641,385.89453125,399.662963867188,397.157379150391,403.320617675781,391.276306152344,398.064056396484,441.579864501953,110.002838134766,267.299072265625,162.299072265625,317.146820068359,114.452545166016,2.5116305717887
98.4598467159202,39.1979874225553,61.599999666214,-6.78274917602539,-11.5986385345459,-79.5882949829102,961.525756835938,-0.675807535648346,-15.2729864120483,14.5971794128418,3.58515405654907,-16.0602169036865,4.69093036651611,-18.9369449615479,251.26692199707,80.1556701660156,0.295881181955338,123.440361022949,184.075805664062,1.59645676612854,123.930816650391,1.87249612808228,-0.0162769485473633,0.0227665528655052,0.0902200564742088,0.25,10,2001,3885.10668945312,107.385818481445,147.072235107422,124.656791687012,138.310333251953,114.075477600098,145.418685913086,172.84375,131.387466430664,141.103515625,136.215118408203,144.486083984375,128.597686767578,213.523529052734,343.038330078125,240.629089355469,283.151580810547,220.940734863281,306.415893554688,196.238265991211,203.105270385742,192.326721191406,185.980255126953,189.995162963867,195.977020263672,316.646057128906,69.8913650512695,217.086898803711,111.278938293457,258.950225830078,84.4333114624023,348.599182128906,43.8045082092285,265.384216308594,132.712646484375,313.294006347656,82.4826812744141,58.6388130187988,75.0328750610352,79.7257843017578,76.4154510498047,79.4154510498047,76.3793258666992,79.7257843017578,409.229675292969,399.005004882812,398.924346923828,399.126342773438,403.103179931641,400.694671630859,394.842376708984,397.236175537109,408.748931884766,414.893402099609,406.865539550781,402.674774169922,446.722747802734,94.0351867675781,265.025939941406,159.809234619141,325.948974609375,102.62654876709,2.51185974561705
98.4688298687614,39.1979874225553,75.5999982357025,-5.62423133850098,-12.5928478240967,-90.9259643554688,977.005187988281,-0.102324783802032,-13.9726161956787,13.8702917098999,4.70294189453125,-15.146520614624,5.83556842803955,-18.1323299407959,239.828765869141,76.1335144042969,0.289243310689926,122.873008728027,175.505035400391,1.47131550312042,118.628387451172,1.85697329044342,-0.0169474868774414,0.0221000202000141,0.0902200564742088,0.300000011920929,10,2001,3571.5556640625,108.170372009277,148.085189819336,124.542594909668,138,115.170372009277,146.627777099609,157.031478881836,118.318519592285,128.605560302734,125.318519592285,132.69075012207,118.403709411621,207.170364379883,347.690734863281,235.31852722168,275.551849365234,220.255554199219,307.148162841797,185.520370483398,195.148147583008,183.031478881836,176.488891601562,175.977783203125,186.403701782227,298.681488037109,59.3722229003906,176.785186767578,106.085182189941,221.722229003906,72.1166687011719,333.9462890625,45.7981452941895,252.233337402344,142.596298217773,294.179626464844,80,53.5740776062012,75.457405090332,80.542594909668,77.542594909668,80.542594909668,77,80.542594909668,412.596282958984,403.627777099609,407.224060058594,405.596282958984,409.394439697266,405.627777099609,401.883331298828,400.766662597656,409.744445800781,417.914825439453,414.085174560547,407.511108398438,410.274078369141,123.12035369873,265.681488037109,157.425918579102,329.968505859375,111.959251403809,2.5120889194454
98.4778130216026,39.1979874225553,65.8999979496002,-5.67921733856201,-12.6792249679565,-91.8488006591797,979.871398925781,-0.21444545686245,-14.0344371795654,13.8199920654297,4.65185213088989,-15.1207113265991,5.79302167892456,-18.2270374298096,242.180999755859,77.2221069335938,0.300000011920929,123.097747802734,177.378005981445,1.50698602199554,119.377212524414,1.90000009536743,-0.0173440902709961,0.0216253753751516,0.0902200564742088,0.324999988079071,10,2001,3741.09545898438,108.022300720215,147.813385009766,123.417846679688,137.208923339844,115.022300720215,146.417846679688,160.701858520508,120.097396850586,129.679550170898,126.701858520508,133.097396850586,121.492935180664,204.253524780273,334.649078369141,225.626770019531,251.69367980957,220.231231689453,289.298126220703,172.231231689453,187.186614990234,180.373229980469,179.30632019043,166.582153320312,185.142013549805,299.67138671875,61.9553909301758,160.910781860352,107.791076660156,212.746475219727,68.3955383300781,307.827514648438,45.8356857299805,242.813385009766,142.671371459961,284.350921630859,81.9776992797852,52.9553909301758,75.3955383300781,80.6044616699219,77.6044616699219,80.6044616699219,77,80.6044616699219,417.813385009766,402.626770019531,413.813385009766,407.649078369141,419.791076660156,408.186614990234,409.955383300781,409.791076660156,405.813385009766,412.649078369141,412.626770019531,407.066925048828,396.821563720703,129.565795898438,252.036422729492,158.04460144043,319.573974609375,115.991821289062,2.51231809327375
98.4867961744438,39.1979874225553,65.8999979496002,-7.31485414505005,-11.7059211730957,-80.453369140625,969.804748535156,-1.30776584148407,-15.8946723937988,14.5869064331055,3.12832450866699,-16.6137084960938,4.20459175109863,-19.5549945831299,259.062286376953,82.0089797973633,0.35942080616951,122.635902404785,188.815948486328,1.68364417552948,127.067024230957,1.95942080020905,-0.0171398391723633,0.0215650759637356,0.0902200564742088,0.375,10,2001,4029.7109375,105.738883972168,145.797225952148,121.640808105469,135.947647094727,112.490379333496,143.895294189453,176.563919067383,135.471817016602,150.807083129883,144.551956176758,151.205368041992,137.125244140625,198.176910400391,334.79443359375,223.085464477539,245.2841796875,216.438034057617,282.382263183594,173.905136108398,196.657928466797,187.636123657227,193.170959472656,174.323303222656,194.95556640625,327.105407714844,85.4085922241211,200.85905456543,132.411804199219,259.577880859375,87.0427780151367,316.792541503906,49.9852676391602,262.665649414062,146.99446105957,313.280609130859,88.9827041625977,54.2916679382324,74.9079055786133,79.8495712280273,76.1040573120117,79.6010665893555,76.0059814453125,79.6010665893555,421.264312744141,405.055572509766,414.53076171875,404.066864013672,420.555328369141,411.4453125,404.58203125,397.633087158203,397.584594726562,402.108734130859,404.369842529297,394.252532958984,424.035095214844,91.2728042602539,232.653182983398,160.684417724609,307.031616210938,96.9508285522461,2.5125472671021
96.4386373266512,39.1890042697141,53.3999986946583,-7.97049808502197,-12.2076768875122,-75.2569961547852,1056.15502929688,-0.980357348918915,-17.2021350860596,16.2217769622803,3.45596694946289,-18.6753406524658,4.47949647903442,-21.4038963317871,187.466232299805,64.0091781616211,0.899999976158142,126.48592376709,129.881698608398,3.70564079284668,86.6015396118164,5.500244140625,-0.0172462997436523,0.0208732113242149,0.0935942605137825,0.25,10,2001,4164.35498046875,117.086036682129,150.543014526367,130.06526184082,143.869476318359,123.456985473633,149.206253051758,261.709167480469,245.080413818359,260.516326904297,246.777526855469,258.557891845703,243.929107666016,271.977874755859,316.744262695312,293.991149902344,291.032409667969,274.001617431641,310.527862548828,238.026245117188,244.157043457031,251.167358398438,260.950805664062,259.201385498047,260.274444580078,295.727020263672,97.0313720703125,182.780487060547,146.357818603516,287.152557373047,108.412628173828,252.998519897461,63.4777565002441,191.66911315918,118.501472473145,224.439147949219,82.5325622558594,37.3710861206055,75.8145294189453,78.3367691040039,76.8145294189453,80,76.8145294189453,78.3367691040039,440.330871582031,426.876434326172,428.028137207031,417.646728515625,426.743377685547,418.409118652344,321.642883300781,329.031799316406,321.467712402344,321.402465820312,314.326721191406,321.653198242188,317.878601074219,191.886596679688,242.439651489258,268.435791015625,238.351928710938,156.062957763672,2.46085959885387
97.4716999033887,39.1890042697141,50.0999987125397,-6.29385423660278,-13.4725522994995,-111.566940307617,973.592163085938,-1.48709714412689,-13.5648059844971,12.077709197998,4.17936658859253,-15.6116600036621,5.36054944992065,-18.6818923950195,199.886413574219,63.786937713623,0.521011769771576,124.980422973633,144.303649902344,2.02101182937622,95.0561294555664,3.22101187705994,-0.0170523956298828,0.0254907179623842,0.107269883155823,0.200000002980232,10,2001,3897.77392578125,121,146.918548583984,129,141.720962524414,126.639518737793,145.639511108398,242.313720703125,184.325790405273,206.639511108398,199.918548583984,216.19758605957,183.162902832031,233.069381713867,297.348419189453,244.790344238281,267.511322021484,227.185516357422,282.266967773438,228.558074951172,229.755661010742,239.837097167969,244.116134643555,225.558074951172,255.232269287109,216.580688476562,73.3951721191406,156.708892822266,143.627456665039,159.790344238281,111.31372833252,222.965316772461,55.0814476013184,136.639511108398,99.4419326782227,163.651580810547,75.7209625244141,24.441930770874,77,79,79,78,79,79.639518737793,414.419311523438,420.256408691406,401.500762939453,402.663665771484,409.582214355469,400.500762939453,357.662139892578,349.987945556641,359.022613525391,353.22021484375,364.859710693359,344.266967773438,243.511306762695,82.9653091430664,148,190.244338989258,266,110.918548583984,2.48722063037249
97.4806830562299,39.1890042697141,50.0999987125397,-6.17449045181274,-13.6953592300415,-115.483695983887,971.354675292969,-1.48717260360718,-13.3479442596436,11.8607711791992,4.29270553588867,-15.4479551315308,5.49121522903442,-18.5283756256104,199.649887084961,63.7046508789062,0.5,124.92179107666,144.132141113281,2,94.9452362060547,3.20000004768372,-0.0170280975341797,0.025423800572753,0.107269883155823,0.200000002980232,10,2001,3879.916015625,121.212440490723,145.600494384766,129.424880981445,142.741302490234,126.341789245605,145.554229736328,234.831817626953,187.686096191406,203.367660522461,196.263671875,210.672622680664,184.736831665039,220.146224975586,285.104431152344,233.099960327148,258.328338623047,210.818344116211,268.280059814453,219.082092285156,220.702972412109,226.366668701172,230.899993896484,214.595031738281,237.934799194336,195.111862182617,66.8064498901367,143.700454711914,128.238754272461,148.94970703125,100.220375061035,225.390563964844,57.4616966247559,135.704483032227,100.42041015625,173.133880615234,77.1661758422852,26.2701568603516,77.2124404907227,79,79.2124404907227,78.2124404907227,79.2124404907227,79.1293487548828,436.950317382812,439.514007568359,427.261779785156,429.361297607422,435.386657714844,425.624450683594,344.096923828125,339.783020019531,347.02978515625,339.951171875,350.230773925781,336.440734863281,235.178070068359,84.1159439086914,148.424880981445,193.986083984375,253.466186523438,103.652236938477,2.48744985673352
97.4896662090711,39.1890042697141,48.700001090765,-6.06197166442871,-13.8935012817383,-121.204559326172,965.70849609375,-1.57376635074615,-13.0390691757202,11.4653024673462,4.36024808883667,-15.2672929763794,5.56248426437378,-18.3356513977051,197.331588745117,63.5976638793945,0.5,126.449691772461,143.987655639648,2.00138473510742,94.9054107666016,3.20138478279114,-0.0170977630615234,0.0253235269337893,0.107269883155823,0.200000002980232,10,2001,3860.5771484375,121.786994934082,145.786987304688,130.509567260742,143.064407348633,126.786994934082,146.509567260742,230.916442871094,182.026748657227,196.670867919922,190.774200439453,202.690643310547,181.426651000977,215.022888183594,281.549102783203,227.972534179688,256.257659912109,206.319458007812,264.019775390625,200.580871582031,208.374938964844,200.207107543945,207.027297973633,192.265167236328,213.156112670898,187.70915222168,61.6842918395996,137.020401000977,119.387725830078,144.445785522461,87.5681762695312,218.130706787109,59.8903198242188,134.103958129883,98.1938629150391,169.284408569336,78.5095748901367,26.4062442779541,77.7225799560547,79.0644149780273,79.7225799560547,78.786994934082,79.7225799560547,79,447.354614257812,448.309997558594,442.070861816406,439.845062255859,446.690734863281,439.031921386719,352.064514160156,343.315063476562,357.999450683594,353.785827636719,361.702270507812,347.747528076172,234.890319824219,74.5037612915039,148.478988647461,191.30615234375,223.818664550781,89.1682815551758,2.48767908309456
97.5615314318006,39.1890042697141,55.5999986827374,-5.45117855072021,-14.8236474990845,-138.731872558594,964.153686523438,-1.10062229633331,-11.7870073318481,10.6863851547241,5.10832023620605,-14.600679397583,6.42686700820923,-17.5776462554932,189.604293823242,60.2976264953613,0.400000005960464,126.192733764648,138.702117919922,1.89999997615814,92.7676162719727,2.09999990463257,-0.016851545715332,0.0255802031606436,0.100315384566784,0.225000008940697,10,2001,3749.3974609375,125.589653015137,147.657821655273,131.779052734375,144.410354614258,128.48779296875,147.657821655273,203.893905639648,146.233169555664,174.774795532227,163.061019897461,178.408218383789,150.745376586914,238.506652832031,304.076934814453,241.909027099609,271.589111328125,233.506652832031,279.203186035156,205.173751831055,186.44189453125,200.330780029297,195.561004638672,184.792053222656,192.646423339844,184.352752685547,58.8379516601562,110.040824890137,108.231048583984,121.156196594238,77.9742965698242,191.758071899414,52.4713745117188,125.448272705078,94.936897277832,147.763931274414,76.9756011962891,28.23317527771,80.854377746582,81.1965484619141,81,81.854377746582,80.854377746582,81.854377746582,462.931823730469,467.357299804688,459.184326171875,460.973480224609,468.236083984375,466.563110351562,331.894439697266,346.200805664062,340.339263916016,343.465515136719,346.971862792969,341.448272705078,220.55012512207,54.2740478515625,138.507217407227,106.060249328613,164.834228515625,60.9562759399414,2.48951289398281
97.5705145846418,39.1890042697141,55.1000013947487,-5.39517402648926,-14.9174175262451,-141.467620849609,964.488891601562,-1.09229004383087,-11.6374015808105,10.5451107025146,5.1944637298584,-14.54714012146,6.53754663467407,-17.4869613647461,190.118301391602,60.2321548461914,0.400000005960464,125.74153137207,138.826766967773,1.89999997615814,93.1050109863281,2.09999990463257,-0.0167236190795898,0.0257403068244457,0.100315384566784,0.225000008940697,10,2001,3748.56225585938,126.876121520996,147.390823364258,131.657775878906,142.929428100586,128.511947631836,147.390823364258,199.912170410156,144.243881225586,172.225799560547,159.784423828125,175.883575439453,148.488876342773,226.513458251953,293.222900390625,234.431564331055,260.613739013672,221.707916259766,269.611785888672,196.020706176758,187.316390991211,196.301055908203,195.343048095703,180.228561401367,187.936889648438,198.629333496094,53.3754997253418,115.260322570801,103.44800567627,135.117385864258,68.7729568481445,203.096542358398,46.8388328552246,130.231735229492,91.5385971069336,151.867553710938,77.1211166381836,25.3202590942383,80.9513854980469,81.7063980102539,80.9513854980469,82,80.9513854980469,82,464.436676025391,462.718811035156,462.14501953125,459.200256347656,463.549102783203,465.833312988281,339.542602539062,349.964782714844,341.6025390625,345.456695556641,356.222351074219,346.572021484375,223.776412963867,50.3661079406738,132.026657104492,104.191688537598,167.747543334961,56.3441505432129,2.48974212034384
97.579497737483,39.1890042697141,57.7000007033348,-5.35026121139526,-15.01194190979,-142.91423034668,965.8251953125,-1.02675652503967,-11.530987739563,10.5042314529419,5.27829456329346,-14.5136623382568,6.65003681182861,-17.4250640869141,190.430068969727,60.1346282958984,0.400000005960464,125.321624755859,138.790313720703,1.89999997615814,93.2294082641602,2.09999990463257,-0.0165960662841797,0.0259385444223881,0.100315384566784,0.333333343267441,10,2001,3752.77563476562,125.20783996582,148.11686706543,131.44157409668,142.55842590332,126.766265869141,148.11686706543,200.467468261719,154.285522460938,175.701187133789,165.376495361328,179.142761230469,157.727081298828,228.843948364258,281.6494140625,238.168655395508,249.766265869141,226.077682495117,262.116851806641,195.818054199219,194.376495361328,200.934921264648,203.051788330078,187.843948364258,192.493362426758,212.025894165039,51.6752967834473,116.88313293457,98.7662658691406,150.259628295898,65.2337341308594,207.532531738281,42.8831329345703,134.55842590332,90.4415664672852,156.11686706543,74.6494064331055,25.6752986907959,80.4415664672852,82,80.4415664672852,82,80.4415664672852,82,461.532531738281,450.389770507812,456.181945800781,451.181945800781,453.181945800781,453.597625732422,342.6494140625,355.233734130859,343.441558837891,345.766265869141,358.97412109375,354.467468261719,198.610900878906,47.0909729003906,132.67529296875,102.090972900391,163.623504638672,53.207836151123,2.48997134670487
97.5884808903242,39.1890042697141,57.5999990105629,-5.33328628540039,-15.0533065795898,-143.363861083984,967.250244140625,-0.990828573703766,-11.4909000396729,10.5000715255737,5.32957649230957,-14.5066070556641,6.72181797027588,-17.3875045776367,192.543212890625,60.3714332580566,0.400000005960464,124.831703186035,139.764556884766,1.89999997615814,94.063720703125,2.09999990463257,-0.0164688873291016,0.0261748116463423,0.100315384566784,0.5,10,2001,3751.06469726562,123.820983886719,147.768524169922,131,142.179016113281,125.820983886719,147.358032226562,207.694412231445,152.095779418945,172.379699707031,161.737731933594,176.611175537109,155.506271362305,243.515396118164,283.104919433594,249.052459716797,245.537063598633,239.641967773438,259.716064453125,197.895095825195,194.432159423828,205.537063598633,207.305587768555,192.253128051758,195.895095825195,202.043319702148,49.7160758972168,109.842643737793,95.7685317993164,142.864303588867,63.7160758972168,205.231475830078,40.358039855957,132.947540283203,91.2314682006836,151.253128051758,72,28.2314720153809,80.4104919433594,82,80.4104919433594,82,80.4104919433594,82,457.179016113281,450.620300292969,447.947540283203,447.052459716797,445.358032226562,446.283935546875,344.925872802734,354.947540283203,347.104919433594,345.641967773438,362.388824462891,358.410491943359,177.925888061523,53.4412803649902,148.777648925781,119.935012817383,165.209808349609,59.6203002929688,2.4902005730659
97.5974640431654,39.1890042697141,55.3000010550022,-5.27720212936401,-15.0988912582397,-144.800155639648,969.309326171875,-0.987534642219543,-11.4151296615601,10.4275951385498,5.39462757110596,-14.4767436981201,6.83015727996826,-17.3378257751465,196.939712524414,62.3325653076172,0.400000005960464,124.218421936035,142.1181640625,1.89999997615814,94.4860610961914,3.0173487663269,-0.0163417068481445,0.0264110807329416,0.101721540093422,0.5,10,2001,3747.35546875,125.365577697754,146.239334106445,131,140.896987915039,127.103012084961,145.581680297852,214.119964599609,140.726974487305,167.976974487305,155.03352355957,174.000213623047,144.384613037109,243.345947265625,285.31396484375,247.137451171875,240.640701293945,237.479797363281,254.325393676758,194.635757446289,187.851867675781,200.115570068359,202.455444335938,184.854339599609,192.110626220703,176.310333251953,45.9007987976074,101.408981323242,91.3510971069336,123.664688110352,59.3756637573242,204.92268371582,40.1570892333984,129.086059570312,93.2857971191406,141.491226196289,73.3128356933594,28.9729614257812,80.9202194213867,82.262565612793,81.1827850341797,82.262565612793,81.1827850341797,82,455.634429931641,455.810729980469,444.086059570312,446.975433349609,442.531402587891,446.160675048828,349.729827880859,356.33740234375,355.878143310547,350.569122314453,372.6142578125,361.808471679688,174.327651977539,60.9640045166016,155.837554931641,134.640869140625,164.114013671875,65.3358612060547,2.49042979942693
97.6064471960066,39.1890042697141,51.5000000596046,-5.2332239151001,-15.1470441818237,-145.62370300293,970.429443359375,-0.908647298812866,-11.3101606369019,10.4015140533447,5.46165132522583,-14.4371728897095,6.92411708831787,-17.2756977081299,196.739486694336,62.6843681335449,0.400000005960464,124.704086303711,142.500457763672,1.89999997615814,94.516716003418,3.19670557975769,-0.0162145263671875,0.0266473479568958,0.1067745834589,0.200000002980232,10,2001,3740.99536132812,127.117866516113,145.77067565918,131.458648681641,140.113067626953,128.230926513672,145.542953491211,218.291259765625,145.039566040039,178.419921875,164.762313842773,185.077529907227,148.267288208008,233.927276611328,282.798248291016,238.871337890625,238.658020019531,230.216934204102,253.890563964844,197.17658996582,189.748306274414,194.590881347656,200.539749145508,182.195755004883,193.402709960938,157.057891845703,47.033576965332,98.9125061035156,85.8489685058594,115.963638305664,57.8837356567383,201.82341003418,44.208568572998,127.399925231934,94.888542175293,136.309234619141,76.0906982421875,27.5685119628906,81,82.7722778320312,81.7722778320312,82.7722778320312,81.7722778320312,82.1146621704102,455.143432617188,448.731506347656,442.514587402344,443.423889160156,442.288482666016,440.363555908203,347.679962158203,361.520172119141,362.779876708984,356.036376953125,375.515777587891,366.233703613281,155.737854003906,53.2676429748535,134.728256225586,114.498924255371,142.989547729492,56.1801452636719,2.49065902578797
97.6154303488478,39.1890042697141,52.6000000536442,-5.22933626174927,-15.1380081176758,-145.414657592773,973.58984375,-0.890278518199921,-11.3005990982056,10.4103202819824,5.51072931289673,-14.475866317749,6.97723531723022,-17.2822608947754,197.964813232422,62.5809516906738,0.400000005960464,123.78288269043,142.751831054688,1.89999997615814,94.8983612060547,3.19990491867065,-0.0160873474121094,0.02688361518085,0.1067745834589,0.200000002980232,10,2001,3749.48779296875,130.121734619141,144.751312255859,133.49739074707,139.37565612793,130.49739074707,144.751312255859,219.37565612793,148,183.37565612793,170,189.751312255859,151,232.994781494141,290.486938476562,235,246.238250732422,229.121734619141,264.984344482422,197.751312255859,191.62434387207,190.50260925293,197.253921508789,177.380874633789,192.50260925293,148.751312255859,52.8678207397461,99.2486953735352,84.8730392456055,115.49739074707,56.1269569396973,201.248687744141,49.3704299926758,131.867813110352,96.8730392456055,138.619125366211,78.2486953735352,26.3756523132324,81,83,82,83,82,82.6243438720703,457.74609375,452.613891601562,447.492156982422,446.243469238281,448.740875244141,444.365203857422,344.502624511719,355.761749267578,361.380889892578,356.502624511719,373.878265380859,363.132171630859,144.253921508789,43.5078315734863,115.761749267578,94.513053894043,129.62956237793,46.7565269470215,2.490888252149
97.624413501689,39.1890042697141,52.6000000536442,-5.19381618499756,-15.1445188522339,-144.478271484375,975.587463378906,-0.800622284412384,-11.2829809188843,10.4823579788208,5.59964561462402,-14.4687910079956,7.06702184677124,-17.2436027526855,199.057312011719,62.4994888305664,0.400000005960464,123.89444732666,143.570785522461,1.90021634101868,96.0384750366211,3.20021605491638,-0.0159601669311523,0.0271198824048042,0.1067745834589,0.200000002980232,10,2001,3750.54809570312,131.523559570312,144,135,139,131.523559570312,143.523559570312,221.858642578125,148.476440429688,183.476440429688,171.429321289062,191.382202148438,151.476440429688,239.811508178711,303.240844726562,236.90576171875,259.193695068359,232.429321289062,273.047119140625,201.287948608398,187.712051391602,193.764389038086,195,179.240829467773,189.570678710938,156.099472045898,49.8534126281738,101.905754089355,90.7643890380859,120.811515808105,54.5235595703125,205.335067749023,52.9528770446777,136.476440429688,96.0942459106445,143.90576171875,79.952880859375,26.9528789520264,81.4764404296875,83,82,83,82,83,457.617797851562,456.141357421875,450.570678710938,448.570678710938,452.09423828125,449.047119140625,341.09423828125,356.146575927734,355.617797851562,356.429321289062,368.664916992188,361.382202148438,140.09423828125,41.382194519043,113.764389038086,95.0994644165039,132.717269897461,44.4293174743652,2.49111747851003
97.6333966545302,39.1890042697141,51.5000000596046,-5.176673412323,-15.1536073684692,-146.050369262695,973.382751464844,-0.800697326660156,-11.1764917373657,10.3757944107056,5.59843444824219,-14.4283514022827,7.06539440155029,-17.1853294372559,199.533355712891,62.4714431762695,0.400000005960464,123.548263549805,143.676345825195,1.90124452114105,96.2049102783203,3.20124435424805,-0.0157409729003906,0.027330981567502,0.1067745834589,0.200000002980232,10,2001,3750.14404296875,131.342514038086,144.657104492188,134.671447753906,139.657104492188,131.67106628418,143.67106628418,222.616348266602,149.314590454102,184.9716796875,173.615203857422,193.601608276367,152.9716796875,230.417694091797,296.361450195312,231.387466430664,256.290466308594,223.444488525391,262.828521728516,205.217193603516,181.154403686523,197.546127319336,192.043045043945,184.517807006836,184.756393432617,167.062408447266,44.1808128356934,105.586883544922,94.5461273193359,122.916961669922,55.9852714538574,208.245132446289,52.6578636169434,140.271545410156,95.0415191650391,149.558181762695,81.3006134033203,27.6435146331787,81.6574859619141,83,81.6714477539062,82.6714477539062,82,83,458.355346679688,454.7265625,451.341766357422,450.655944824219,453.998474121094,449.999237060547,336.427459716797,364.119049072266,352.084197998047,357.300994873047,361.483703613281,365.244354248047,145.283981323242,46.2300186157227,118.531776428223,99.819953918457,139.489486694336,47.6008491516113,2.49134670487106
97.6423798073714,39.1890042697141,54.0999993681908,-5.20114183425903,-15.1508026123047,-147.48698425293,970.922119140625,-0.827752828598022,-11.1005268096924,10.2727737426758,5.55196094512939,-14.4301347732544,7.01070690155029,-17.1634998321533,199.630340576172,62.3687553405762,0.400000005960464,123.364532470703,143.794769287109,1.90086019039154,96.4260101318359,3.20086002349854,-0.0155153503417969,0.0275403242558241,0.1067745834589,0.25,10,2001,3749.47778320312,131.657440185547,146.03759765625,133.981201171875,141.218276977539,132.495559692383,144.856918334961,218.049072265625,150.199478149414,183.081420898438,172.688751220703,189.728942871094,153.791641235352,217.406341552734,282.933227539062,226.589111328125,244.043365478516,214.40739440918,254.133743286133,201.974899291992,179.597412109375,194.202072143555,189.263732910156,183.439147949219,182.148330688477,171.770248413086,47.2094039916992,109.997413635254,93.0088806152344,120.87467956543,58.8480415344238,212.924865722656,50.4668388366699,144.477798461914,98.321174621582,155.942047119141,82.3801651000977,27.3425598144531,80.981201171875,83,81.1618804931641,82.3425598144531,81.8193206787109,83,461.213043212891,457.009918212891,453.24072265625,454.412506103516,457.347229003906,449.234405517578,336.992736816406,363.573364257812,353.376525878906,356.504425048828,359.213623046875,368.617248535156,160.413635253906,52.3963775634766,122.859588623047,99.1823043823242,150.613693237305,53.4428596496582,2.49157593123209
98.3969646460318,39.1890042697141,81.3999995589256,-6.18097496032715,-12.1720304489136,-93.8634033203125,941.140197753906,-0.670860409736633,-13.6532764434814,12.9824161529541,3.99454116821289,-15.217230796814,5.14068746566772,-18.0079822540283,256.515533447266,82.0843505859375,0.402828544378281,122.440971374512,185.731643676758,2.30726480484009,124.284912109375,2.50160789489746,-0.0167887435913086,0.0230281502008438,0.091052882373333,0.574999988079071,10,2001,3811.8212890625,109.094718933105,147.061981201172,124.905281066895,139.218673706055,114.748580932617,144.810562133789,218.419082641602,163.927581787109,169.505096435547,162.827667236328,173.694534301758,157.282897949219,193.922760009766,342.537261962891,221.350921630859,251.208602905273,206.398513793945,297.116912841797,176.727172851562,194.87467956543,170.024032592773,177.852493286133,166.552581787109,184.245742797852,288.445922851562,56.4243316650391,182.89274597168,120.628150939941,227.409652709961,69.850341796875,334.563140869141,57.6917991638184,265.251831054688,154.946731567383,290.653564453125,79.6425247192383,55.4700889587402,74.4644165039062,79.4971694946289,75.8105545043945,78.6538619995117,75.5591430664062,78.7485809326172,424.476654052734,418.332946777344,418.427673339844,414.276641845703,422.860717773438,420.087219238281,398.796173095703,386.792358398438,411.548278808594,407.619445800781,410.335266113281,395.667053222656,457.211944580078,108.295188903809,280.585144042969,185.733352661133,362.610717773438,139.513320922852,2.51083094555874
98.405947798873,39.1890042697141,92.6000028848648,-5.2520809173584,-12.7994441986084,-99.5636215209961,958.278259277344,0.00844066217541695,-12.8495988845825,12.858039855957,4.92655181884766,-14.5061597824097,6.11872720718384,-17.4604415893555,241.728759765625,76.4737167358398,0.400000005960464,122.363304138184,175.746826171875,1.78846704959869,118.959503173828,2.07368421554565,-0.0157567611694336,0.0238111484795809,0.100048311054707,0.450000017881393,10,2001,3589.607421875,109.104370117188,147.758178710938,124.895629882812,140.307632446289,114.241813659668,145.313095092773,200.727447509766,150.52897644043,155.287155151367,149.666076660156,159.18278503418,144.045349121094,201.224426269531,342.390838623047,231.290252685547,261.196807861328,217.844833374023,302.021820068359,180.126190185547,197.560699462891,172.070953369141,177.208740234375,172.752059936523,181.890502929688,273.143585205078,52.7254409790039,177.505783081055,116.033416748047,215.48942565918,65.7363586425781,331.006103515625,55.302848815918,253.375473022461,151.725769042969,279.53955078125,72.9846267700195,56.6483573913574,74.4505462646484,78.7967300415039,76.2087326049805,78.4505462646484,75.5549163818359,78.4505462646484,424.77392578125,424.636138916016,423.383728027344,420.971405029297,422.428070068359,427.597595214844,395.099884033203,377.803161621094,404.440948486328,401.166046142578,404.166046142578,390.511901855469,408.526214599609,98.7540512084961,255.859436035156,159.34407043457,319.224700927734,116.948432922363,2.51106017191977
98.4149309517142,39.1890042697141,67.1999976038933,-4.59024238586426,-13.2096872329712,-102.134666442871,972.176391601562,0.526814877986908,-12.4067668914795,12.9335823059082,5.59367322921753,-13.9726629257202,6.80937051773071,-17.0880737304688,230.52522277832,73.2599411010742,0.307621359825134,122.779373168945,168.380035400391,1.60762131214142,113.729682922363,1.90762138366699,-0.0147247802734375,0.024510633200407,0.100048311054707,0.325000017881393,10,2001,3414.15771484375,109.611114501953,148,124.388885498047,139.777770996094,114,146.833343505859,186.666641235352,144,149,144.611114501953,152.388885498047,138,201.499984741211,329.722198486328,231.277755737305,264.777770996094,221.33332824707,298.888885498047,177.499984741211,187.333297729492,176.055557250977,178.222229003906,175.388885498047,177.111099243164,270,52,171.666641235352,112.555549621582,214.833343505859,69.1111297607422,317.277740478516,48.277759552002,239.222198486328,148.777770996094,267.999969482422,60.166633605957,54.333324432373,75.2222290039062,79.8333358764648,77.2222290039062,79.2222290039062,76.8333358764648,79.2222290039062,446.944519042969,449.777862548828,442.444519042969,442.27783203125,442.111175537109,451.944519042969,375.555480957031,362.888854980469,380.888824462891,379.111053466797,382.111053466797,370.944366455078,404.833404541016,76.7221527099609,238.999969482422,135.333297729492,302.333343505859,87.777717590332,2.5112893982808
98.4239141045554,39.1890042697141,65.8000037074089,-4.20636129379272,-13.4099216461182,-101.484443664551,984.047790527344,0.930806398391724,-12.2898349761963,13.2206411361694,6.02753162384033,-13.6959505081177,7.24805450439453,-16.9420680999756,221.193664550781,71.2320404052734,0.300000011920929,123.932945251465,162.645248413086,1.58795523643494,109.281105041504,1.90000009536743,-0.0136927978515625,0.0251392889767885,0.100048311054707,0.350000023841858,10,2001,3311.00024414062,111.856231689453,148.464065551758,125.856231689453,139.928115844727,115.856231689453,148,176.895355224609,135.646957397461,145.751586914062,139.895355224609,148.751586914062,132.431304931641,199.856231689453,332.065521240234,227.464065551758,267.712463378906,215.751586914062,302.424926757812,180.496810913086,182.640579223633,178.928115844727,179.928115844727,178.712463378906,180.960876464844,295.059143066406,57.1046371459961,162.823471069336,110.071884155273,219.712463378906,71.1437683105469,317.601440429688,49.1046371459961,248.313919067383,160.993621826172,275.385803222656,63.137393951416,52.4640579223633,75.0718841552734,80.0718841552734,77.0718841552734,79.5359420776367,77.0718841552734,79.0718841552734,449.757965087891,451.901733398438,446.398559570312,446.006378173828,443.757965087891,455.686096191406,370.209289550781,365.457672119141,373.67333984375,374.065521240234,377.529571533203,363.353057861328,438.098266601562,72.0655136108398,284.902618408203,139.45768737793,347.837097167969,90.6342086791992,2.51151862464183
98.4328972573966,39.1890042697141,74.1000026464462,-4.92352056503296,-12.8433523178101,-93.0007781982422,979.54248046875,0.568788766860962,-13.2465877532959,13.8153762817383,5.37501096725464,-14.3501653671265,6.54314136505127,-17.548168182373,229.073059082031,73.6796798706055,0.300000011920929,124.872581481934,169.388305664062,1.5,114.162010192871,1.90000009536743,-0.0141802352905273,0.0246344078332186,0.100048311054707,0.450000017881393,10,2001,3597.6142578125,111.663703918457,149.287734985352,126.614768981934,140.307388305664,116.614768981934,148.317016601562,175.126403808594,129.380325317383,142.204986572266,135.273193359375,143.936904907227,128.253555297852,198.395614624023,346.189666748047,223.849426269531,264.791229248047,209.351791381836,307.361206054688,187.59001159668,192.779510498047,187.54997253418,184.745697021484,190.057235717773,191.096908569336,328.125030517578,65.8480911254883,178.553009033203,116.033065795898,243.104095458984,70.7022552490234,348.021148681641,53.7267990112305,274.544281005859,170.741714477539,309.796508789062,77.5163192749023,56.7749862670898,73.7415466308594,79.0585708618164,75.7415466308594,78.7122650146484,75.4245223999023,78.0585708618164,430.756866455078,422.631439208984,425.172515869141,425.162506103516,423.171752929688,430.723815917969,381.989776611328,384.589050292969,386.594543457031,390.091796875,387.088012695312,378.179290771484,442.323791503906,78.5811233520508,308.106079101562,159.223098754883,364.524963378906,97.8403244018555,2.51174785100287
98.4418804102378,39.1890042697141,74.1000026464462,-5.74782180786133,-12.2768220901489,-86.4706039428711,971.3720703125,0.0381215959787369,-14.1638975143433,14.202018737793,4.59779357910156,-15.0615730285645,5.72355556488037,-18.1576347351074,238.480606079102,75.9699401855469,0.303375542163849,124.01668548584,175.543685913086,1.51028645038605,118.646385192871,1.90337562561035,-0.0148765975952148,0.0239785350859165,0.100048311054707,0.433333337306976,10,2001,3834.04907226562,108.404411315918,149.143630981445,125.045387268066,139.522689819336,114.705375671387,148.143630981445,181.733901977539,135.282974243164,144.380081176758,138.511047363281,143.915451049805,132.301986694336,195.489868164062,352.381103515625,221.372619628906,259.999786376953,205.607131958008,306.333557128906,187.489974975586,199.818450927734,195.517608642578,188.843811035156,196.333892822266,195.419250488281,331.515563964844,68.6864700317383,205.273818969727,123.380310058594,268.972839355469,72.7782669067383,370.664520263672,50.828971862793,287.989593505859,163.958786010742,334.815521240234,81.4255828857422,62.2038536071777,73.3463516235352,79,75.3463516235352,78.3463516235352,74.6926956176758,78,424.475250244141,406.120300292969,412.461334228516,414.383239746094,418.097106933594,415.734893798828,387.387451171875,394.231262207031,391.8447265625,396.77294921875,386.052642822266,388.675842285156,430.881286621094,78.5635681152344,258.091522216797,168.688522338867,333.398620605469,86.84130859375,2.5119770773639
98.450863563079,39.1890042697141,52.7999997138977,-6.60732698440552,-11.7156143188477,-80.7057800292969,963.084228515625,-0.571413338184357,-15.1007995605469,14.5293855667114,3.77063369750977,-15.8088464736938,4.86593151092529,-18.804084777832,249.364883422852,79.3429641723633,0.341213405132294,123.385269165039,182.736251831055,1.62426245212555,123.112846374512,1.9412134885788,-0.0155729598999023,0.0233226642012596,0.0942330285906792,0.350000023841858,10,2001,3952.626953125,107.653610229492,147.270523071289,125.261199951172,139.653610229492,113.953979492188,146.270523071289,186.245025634766,142.465789794922,151.426620483398,145.050369262695,149.773010253906,137.389923095703,200.942169189453,364.562194824219,230.91667175293,274.151123046875,206.875625610352,315.231964111328,185.901123046875,198.771133422852,187.10758972168,184.742553710938,183.625640869141,196.001266479492,312.606384277344,62.8507499694824,200.256240844727,116.091423034668,263.817810058594,72.5547332763672,361.357604980469,45.187816619873,284.990051269531,159.878112792969,327.903015136719,81.7618103027344,62.2705230712891,73.6996231079102,78.9769897460938,75.6766128540039,78.6766128540039,75.3532333374023,78,414.098266601562,400.346405029297,412.55908203125,412.568420410156,417.822784423828,408.800994873047,399.023620605469,401.536071777344,400.333312988281,402.712036132812,398.221374511719,394.544128417969,455.886322021484,103.093330383301,244.028625488281,172.454635620117,348.393737792969,100.681625366211,2.51220630372493
98.4598467159202,39.1890042697141,54.4999986886978,-6.89297771453857,-11.600869178772,-79.7387466430664,961.322265625,-0.819752395153046,-15.3903427124023,14.5705909729004,3.49452972412109,-16.0752620697021,4.57215118408203,-19.0428485870361,252.283401489258,80.4987335205078,0.360627353191376,123.496650695801,184.864700317383,1.68226039409637,124.414901733398,1.96062743663788,-0.0162693206787109,0.0226667933166027,0.0902932733297348,0.275000005960464,10,2001,3954.88720703125,107.470405578613,145.470397949219,123.881614685059,139.470397949219,112.940811157227,144.470397949219,184.822418212891,146.529602050781,154.940811157227,147.411209106445,153.470397949219,139.470397949219,201.233642578125,372,231.585662841797,281.233642578125,204.763229370117,322.529602050781,183.411209106445,200.236770629883,179.529602050781,177.822418212891,171.940811157227,188.585662841797,292.115264892578,58,187.881622314453,108.470405578613,249.233642578125,69.8816146850586,350.588775634766,40.9408073425293,275.763244628906,156.881622314453,314.881622314453,83.6479797363281,60.4704055786133,74.5295944213867,78.4704055786133,76,79,76,78,406.940795898438,400.529602050781,411.233642578125,410.822418212891,414.233642578125,411.236755371094,409.177581787109,399.704040527344,409.236755371094,411.884735107422,413.355163574219,399.707183837891,416.859710693359,96.5202026367188,238.467269897461,160.760101318359,327.043548583984,98.0529327392578,2.51243553008596
98.4688298687614,39.1890042697141,69.8999986052513,-5.77281332015991,-12.56236743927,-90.8925399780273,975.002197265625,-0.236182302236557,-14.0796117782593,13.8434295654297,4.56023693084717,-15.1440467834473,5.68103981018066,-18.2411651611328,241.497467041016,76.5541229248047,0.300000011920929,122.940238952637,176.871063232422,1.5,119.627723693848,1.90000009536743,-0.0169656829833984,0.0220109224319458,0.0902932733297348,0.350000023841858,10,2001,3615.85400390625,108.912971496582,146.530380249023,123.530380249023,139.382598876953,113.912971496582,145.14778137207,178.174057006836,139.348114013672,148.261093139648,141.791458129883,148.791458129883,134.026275634766,201.208541870117,367.026275634766,230.356323242188,277,209.034484863281,320.321838378906,179.704437255859,195.965515136719,176.174057006836,175,172.912963867188,183.912963867188,299.773376464844,57.2348098754883,177.200332641602,109.912971496582,226.635482788086,68.3825912475586,353.147796630859,44.9737243652344,271.234802246094,158.443344116211,308.791473388672,83.7044372558594,57.7044334411621,75,78.7651901245117,76.7651901245117,79.7651901245117,76.3825912475586,78.7651901245117,416.330047607422,405.973724365234,416.564849853516,414.504089355469,418.417083740234,418.443359375,403.965515136719,398.060760498047,407.261077880859,411.495910644531,408.669952392578,397.643676757812,403.763519287109,73.3825912475586,252.955657958984,145.556655883789,314.781585693359,84.5303802490234,2.51266475644699
98.4778130216026,39.1890042697141,74.7999995946884,-5.58120536804199,-12.8035583496094,-94.1098098754883,979.149169921875,-0.200819507241249,-13.8107957839966,13.6099758148193,4.73741674423218,-15.0068006515503,5.88519954681396,-18.1254959106445,241.268142700195,76.2515487670898,0.300000011920929,122.51244354248,176.32470703125,1.5,119.193656921387,1.90000009536743,-0.0173456558227539,0.0215415954589844,0.0902932733297348,0.425000011920929,10,2001,3722.7880859375,110.738624572754,147.613922119141,125.320762634277,139.65348815918,115.738624572754,145.489227294922,176.172027587891,133.694763183594,144.669006347656,139.754150390625,146.047317504883,131.447189331055,209.607360839844,350.78173828125,235.091186523438,273.937042236328,219.670944213867,309.001159667969,177.843505859375,190.276901245117,178.648635864258,180.183456420898,177.565963745117,189.979629516602,334.264526367188,64.2326049804688,187.227127075195,119.042587280273,230.596939086914,75.7218246459961,354.196044921875,49.4376983642578,272.577941894531,161.116943359375,317.356658935547,85.1420669555664,57.4927825927734,74.7643890380859,79.7781829833984,77.3069610595703,80.3069610595703,76.4178695678711,79.7781829833984,428.12060546875,405.254241943359,418.389190673828,412.040832519531,422.727294921875,411.692474365234,394.035888671875,404.468841552734,402.7265625,408.540100097656,399.706726074219,398.327880859375,445.588592529297,83.7847747802734,266.852752685547,148.302124023438,344.34619140625,90.0905456542969,2.51289398280802
98.4867961744438,39.1890042697141,84.6000015735626,-6.19203996658325,-12.5435171127319,-90.6915740966797,978.759521484375,-0.67149031162262,-14.5035333633423,13.8320436477661,4.19043684005737,-15.6262016296387,5.30969333648682,-18.6776809692383,248.261474609375,78.3780746459961,0.351613819599152,122.537796020508,181.386322021484,1.65484142303467,122.652252197266,1.95161390304565,-0.017031657409668,0.021477185189724,0.0902932733297348,0.425000011920929,10,2001,3861.40161132812,109.86238861084,145.677062988281,125.080619812012,138.991973876953,114.86238861084,143.023620605469,181.913070678711,141.454238891602,152.501953125,147.283721923828,151.702865600586,139.413299560547,214.334243774414,328.929046630859,230.86994934082,267.175567626953,221.024871826172,291.688446044922,179.710433959961,198.761108398438,192.505706787109,189.90754699707,181.615005493164,196.801574707031,374.179107666016,82.6493148803711,232.247100830078,135.285446166992,289.064422607422,91.3183441162109,353.959075927734,46.7644577026367,277.775451660156,159.215728759766,345.372772216797,93.9223480224609,62.195858001709,74.2579116821289,80.0886459350586,76.5158233642578,79.6044769287109,75.6044769287109,80,427.861145019531,392.05908203125,399.459686279297,391.097045898438,411.720550537109,389.35498046875,392.51708984375,409.091156005859,407.381195068359,419.164672851562,406.664428710938,413.754791259766,427.734191894531,104.281158447266,239.738250732422,162.295501708984,339.891082763672,98.1313018798828,2.51312320916905
98.495779327285,39.1890042697141,84.6000015735626,-6.7884783744812,-12.3397417068481,-87.5240325927734,981.312316894531,-1.09805166721344,-15.2001800537109,14.1021280288696,3.70226383209229,-16.2702217102051,4.7785177230835,-19.2553615570068,256.584716796875,80.713249206543,0.395554810762405,121.975196838379,186.549652099609,2.07423686981201,126.044227600098,2.2829213142395,-0.016717658996582,0.0214054398238659,0.0903107449412346,0.449999988079071,10,2001,3981.22192382812,109.595100402832,142.619598388672,123.809799194336,137.214706420898,114.595100402832,140.214706420898,186.785293579102,148.380401611328,161.95100402832,157.736297607422,159.355895996094,148.355895996094,202.742111206055,320.380401611328,224.239196777344,262.809814453125,215.453903198242,284.190185546875,181,205.190200805664,193.668609619141,187.478408813477,177.858810424805,193.073501586914,397.546112060547,99.521598815918,261.546112060547,151.11669921875,337.2333984375,103.355895996094,355.975494384766,46.9754981994629,282.380401611328,163.736297607422,354.263702392578,97.8097991943359,61.239200592041,74,80.595100402832,76,79.595100402832,75.595100402832,80,430.355895996094,390.141204833984,396.711791992188,384.546112060547,411.331390380859,382.546112060547,389.239196777344,404.073516845703,409.214691162109,427.380401611328,410.809814453125,423.785308837891,446.632476806641,110.049003601074,231.306900024414,166.239196777344,335.975494384766,102,2.51335243553009
98.5047624801261,39.1890042697141,85.5000019073486,-7.60076904296875,-11.9885187149048,-82.6344375610352,981.753967285156,-1.64001381397247,-16.1536483764648,14.5136346817017,3.01344585418701,-17.0948677062988,4.03072738647461,-19.9865283966064,270.286285400391,84.8468246459961,0.463332802057266,120.313941955566,193.920562744141,2.40895533561707,130.116394042969,3.302809715271,-0.0164036590576172,0.0213250275701284,0.0908725187182426,0.574999988079071,10,2001,4099.66845703125,110,141.448135375977,123.896263122559,136,115.448135375977,139.896270751953,203.236480712891,154.929443359375,183.029006958008,175.995819091797,179.58088684082,161.858901977539,191,330.514495849609,225.033187866211,261.103729248047,207.414947509766,285.896270751953,183.68879699707,222.132751464844,211.750991821289,203.854721069336,192.717803955078,205.373413085938,429.336059570312,109.585052490234,275.410766601562,180.406600952148,357.721984863281,116.858901977539,375.925262451172,59.3070335388184,291.170104980469,174.825714111328,344.518676757812,94.3112106323242,55.311206817627,73.5518646240234,80.1037368774414,75.5518646240234,79.1037368774414,75.5518646240234,79.1037368774414,439.377593994141,400.377593994141,410.273834228516,403.788360595703,424.618255615234,398.651428222656,377.485504150391,376.937805175781,377.975158691406,391.805053710938,382.663940429688,395.423309326172,470.278015136719,106,254.236480712891,184.958465576172,343.825714111328,125.302856445312,2.51358166189112
98.5137456329673,39.1890042697141,58.4000013768673,-8.71792125701904,-11.4089107513428,-76.2616806030273,978.374267578125,-2.41367149353027,-17.3807621002197,14.9670906066895,2.03066635131836,-18.1891384124756,2.97574377059937,-20.937915802002,288.879058837891,91.4686889648438,0.486861526966095,119.490280151367,205.098907470703,2.89934253692627,135.558334350586,3.9052095413208,-0.0160896606445312,0.0212342794984579,0.0908725187182426,0.375,10,2001,4563.54736328125,110.30118560791,142.255676269531,124.306625366211,135.39762878418,115.653312683105,140.607803344727,219.786010742188,160.283706665039,201.525543212891,190.111602783203,197.59065246582,172.567413330078,191,339.762756347656,229.413940429688,260.130249023438,203.520935058594,286.869750976562,186.609298706055,239.655776977539,237.548782348633,228.679016113281,214.134841918945,225.330184936523,459.02783203125,113.479064941406,285.632537841797,204.744140625,365.023254394531,127.567420959473,395.395294189453,70.5023040771484,298.958129882812,181.153472900391,339.651184082031,91.3907012939453,52.3907051086426,73.0651168823242,79.1302337646484,75.0651168823242,78.1302337646484,75.0651168823242,78.1302337646484,445.218597412109,406.218597412109,417.088348388672,419.851135253906,432.893005371094,411.306945800781,368.237243652344,354.060516357422,345.362854003906,351.404724121094,352.97216796875,363.297729492188,477.440551757812,113.228393554688,290.427368164062,212.480895996094,347.998962402344,149.224273681641,2.51381088825215
97.5974640431654,39.1800211168729,47.800000756979,-5.21247482299805,-15.1421632766724,-144.167083740234,968.745300292969,-0.899999976158142,-11.4032564163208,10.5032567977905,5.43469715118408,-14.3937406539917,6.82924890518188,-17.3148136138916,194.950637817383,62.1420936584473,0.400000005960464,125.027236938477,141.546905517578,1.89999997615814,94.0950317382812,2.83685731887817,-0.0167676895141602,0.0262205880135298,0.101721540093422,0.400000005960464,10,2001,3710.634765625,129.532592773438,143.904876708984,132.122116088867,139.80973815918,130.684661865234,144.80973815918,218.414154052734,147.026977539062,184.282424926758,167.586547851562,191.692886352539,153.548355102539,225.07112121582,304.160308837891,234.135589599609,274.364044189453,219.098098754883,272.418701171875,203.093551635742,194.796936035156,197.256820678711,200.123504638672,186.378936767578,197.769958496094,143.361068725586,47.8831520080566,94.6846542358398,82.9887847900391,110.950592041016,59.3041343688965,191.846343994141,42.7116355895996,119.863700866699,91.687629699707,132.247192382812,71.8367233276367,26.2584095001221,80.752799987793,82.0951309204102,81.752799987793,82.3423309326172,81.752799987793,82.0951309204102,454.874908447266,460.247192382812,453.863708496094,453.543792724609,450.072692871094,455.274169921875,341.784332275391,345.050994873047,348.879486083984,346.427825927734,363.548370361328,346.955871582031,154.447082519531,46.5767288208008,124.04711151123,112.347564697266,156.230529785156,55.690601348877,2.49100080247621
97.6064471960066,39.1800211168729,48.3000017702579,-5.19649267196655,-15.1714296340942,-145.499328613281,970.622863769531,-0.899999976158142,-11.3273229598999,10.4273233413696,5.46669340133667,-14.4113798141479,6.90968465805054,-17.2920150756836,195.444274902344,62.067741394043,0.400000005960464,124.65544128418,141.601425170898,1.89999997615814,94.2336807250977,2.98903489112854,-0.0165953186035156,0.0265103783458471,0.1067745834589,0.225000008940697,10,2001,3715.06811523438,130.814788818359,143.395065307617,133.419708251953,138.790145874023,131.209854125977,143.790145874023,223.419708251953,147.814788818359,188.654205322266,170.444351196289,196.049285888672,154.62956237793,221.950714111328,307.234497070312,225.716217041016,268.740875244141,216.765502929688,276.234497070312,201.950714111328,191.135940551758,196.345794677734,196.926071166992,186.765502929688,193.321151733398,140.580291748047,53.2591361999512,95.2098541259766,82,108.185218811035,57.7901420593262,190.950714111328,44.0246391296387,120.419715881348,89.3704299926758,132,71.6049270629883,27,81,82.6049270629883,82,82.6049270629883,82,82.6049270629883,456.419708251953,460,454.419708251953,455.814788818359,448.604919433594,455.814788818359,341.629577636719,349.468994140625,349.234497070312,347.864074707031,364.629577636719,350.864074707031,154.555648803711,43.9507179260254,117.296508789062,99.06201171875,142.173309326172,50.531005859375,2.49123008139402
97.6154303488478,39.1800211168729,51.8999993801117,-5.19029331207275,-15.2136287689209,-145.863784790039,973.850158691406,-0.88965630531311,-11.3199253082275,10.430269241333,5.52424287796021,-14.4263219833374,6.98712635040283,-17.3012256622314,196.258102416992,62.4679260253906,0.400000005960464,124.547058105469,142.164184570312,1.89999997615814,94.3962554931641,3.19392061233521,-0.0164229476928711,0.0268001668155193,0.1067745834589,0.25,10,2001,3722.57739257812,132.457077026367,144.371215820312,135,139.371215820312,132.457077026367,144.371215820312,227.742431640625,151.285369873047,194.371215820312,175.371215820312,200.914138793945,157,223.484878540039,313.656585693359,229.055603027344,268.113647460938,223.141448974609,284.027801513672,190.68684387207,186.914138793945,190.628784179688,193.285369873047,181.257568359375,188.371215820312,139.457077026367,59.3712196350098,95.0858535766602,83.3712158203125,109.285362243652,58.3712196350098,198.883880615234,45.0858535766602,127.484870910645,89.2853622436523,137.484878540039,72.4570693969727,26.5429267883301,81,83,82,83,82,83,460.742431640625,459.085845947266,451.429260253906,451.972198486328,446.714630126953,453.800506591797,348.570739746094,354.542938232422,357.941955566406,355.285369873047,372.027801513672,357.828277587891,150.542922973633,45.4848709106445,119.969741821289,95.7702331542969,146.396560668945,49.5707244873047,2.49145936031182
97.624413501689,39.1800211168729,49.100000411272,-5.16337060928345,-15.2156286239624,-144.879425048828,976.518432617188,-0.800000011920929,-11.3025407791138,10.5025405883789,5.60679578781128,-14.4208965301514,7.07651376724243,-17.277961730957,196.65852355957,62.4626922607422,0.400000005960464,124.438934326172,142.506378173828,1.89999997615814,94.7958450317383,3.19999980926514,-0.0162505783081055,0.0270899552851915,0.1067745834589,0.233333334326744,10,2001,3723.87890625,132.34831237793,146.209579467773,135.618469238281,141.518814086914,132.966781616211,145.900344848633,229.563735961914,151.669250488281,194.354156494141,175.663391113281,200.38737487793,156.072296142578,232.384490966797,313.404937744141,236.867568969727,270.536376953125,233.0263671875,283.140625,185.623870849609,186.38737487793,188.171951293945,193.360015869141,176.653137207031,188.663391113281,143.368377685547,56.2617988586426,99.6326904296875,87.9927062988281,113.380081176758,59.5911064147949,208.42546081543,46.5403289794922,131.745941162109,91.5246658325195,142.67366027832,73.5852508544922,26.3424549102783,81,83,82,83,81.6907653808594,83,464.419158935547,458.066436767578,448.806091308594,447.911590576172,447.567687988281,451.469482421875,349.956970214844,355.888641357422,363.02197265625,358.761596679688,375.779174804688,360.176361083984,150.34245300293,51.9106025695801,134.985855102539,105.981452941895,174.464614868164,54.9770431518555,2.49168863922962
97.6333966545302,39.1800211168729,49.100000411272,-5.12507009506226,-15.2310514450073,-146.448516845703,976.075866699219,-0.795192003250122,-11.1957950592041,10.4006023406982,5.62893295288086,-14.3853149414062,7.12571239471436,-17.2237873077393,196.830520629883,62.3559455871582,0.400000005960464,124.139915466309,142.411285400391,1.91923213005066,95.0553436279297,3.21923184394836,-0.0159590393066406,0.0273908711969852,0.1067745834589,0.266666680574417,10,2001,3722.83935546875,131.523574829102,147.141754150391,136.637847900391,142.799255371094,133.161422729492,146.322845458984,225.948699951172,148.106140136719,190.775466918945,173.078643798828,196.936874389648,153.736145019531,237.37028503418,305.566589355469,232.637542724609,266.46044921875,232.535400390625,272.479827880859,190.996307373047,184.228240966797,185.090469360352,188.964370727539,175.03532409668,186.724319458008,151.752258300781,48.7161903381348,109.709091186523,93.0277862548828,116.740280151367,59.181079864502,204.625732421875,51.0356216430664,129.570739746094,92.4724349975586,142.350341796875,75.2835159301758,26.980339050293,81,83,82,83,81.3424987792969,83,465.476409912109,458.161407470703,453.358459472656,451.708801269531,453.008117675781,453.598510742188,343.527282714844,358.106414794922,361.551086425781,359.488250732422,371.95654296875,360.334655761719,152.110275268555,52.1732444763184,139.240356445312,109.417442321777,174.571014404297,56.3031768798828,2.49191791814743
97.6423798073714,39.1800211168729,56.6000007092953,-5.10731363296509,-15.239800453186,-147.481826782227,974.895812988281,-0.780074775218964,-11.1137733459473,10.3336982727051,5.64145135879517,-14.3631200790405,7.12810611724854,-17.1720161437988,197.350204467773,62.2800750732422,0.400000005960464,123.955261230469,142.616989135742,1.95509243011475,95.3430633544922,3.25509214401245,-0.0156591766357422,0.027692561969161,0.1067745834589,0.200000002980232,10,2001,3721.79565429688,131.684707641602,148.328536987305,136.986373901367,143.684707641602,133.684707641602,147.342163085938,219.413803100586,146.328918457031,186.016387939453,170.138595581055,192.63298034668,150.57649230957,239.081726074219,300.123352050781,232.956756591797,262.767181396484,230.411026000977,267.903015136719,195.20556640625,184.35578918457,180.00114440918,186.014007568359,177.602203369141,186,162.421981811523,46,116.053726196289,94.2880554199219,119.711563110352,59.0136222839355,207.121444702148,53.9178886413574,130.040481567383,96.3277740478516,144.328155517578,77.7251815795898,27.6847019195557,80.9863815307617,83,81.9863815307617,82.9863815307617,81.6574554443359,83,465.083740234375,458.412261962891,457.096588134766,457.438385009766,454.768432617188,454.933502197266,339.710693359375,356.903411865234,362.902252197266,357.205078125,367.629364013672,359.395416259766,156.750045776367,50.4791374206543,137.493133544922,111.383026123047,155.785385131836,58.1358337402344,2.49214719706523
98.3969646460318,39.1800211168729,60.6000013649464,-6.53837823867798,-11.8564910888672,-88.0373916625977,944.438781738281,-0.825402498245239,-14.2985677719116,13.473165512085,3.69725847244263,-15.5905294418335,4.81240844726562,-18.406925201416,261.134796142578,83.6782989501953,0.417238980531693,122.816947937012,189.417709350586,2.27353882789612,126.549026489258,2.43906092643738,-0.0167010925292969,0.0227088741958141,0.091052882373333,0.425000011920929,10,2001,3865.51391601562,108.909294128418,144.852020263672,126.307762145996,138.016723632812,116.398475646973,141.890365600586,192.559005737305,145.436828613281,154.303604125977,152.611358642578,159.814422607422,142.74951171875,203.761306762695,334.334838867188,225.563171386719,255.366073608398,215.489181518555,293.931457519531,179.897491455078,189.295959472656,176.032913208008,175.174545288086,170.725158691406,180.836059570312,294.114135742188,60.6344451904297,190.609405517578,113.981079101562,247.033676147461,67.212890625,364.935333251953,48.9183731079102,284.110107421875,164.903854370117,321.523101806641,78.8256988525391,55.5749702453613,74.6538848876953,79.2554092407227,76.2554092407227,79.1647033691406,75.909294128418,79.2554092407227,421.432434082031,419.751983642578,414.174285888672,410.023590087891,419.126861572266,414.408599853516,399.016204833984,390.952056884766,409.883483886719,414.801849365234,410.147979736328,404.755340576172,447.598205566406,129.013793945312,278.6689453125,166.988952636719,322.498504638672,122.036636352539,2.51140662616073
98.405947798873,39.1800211168729,81.3999995589256,-5.32840156555176,-12.7496643066406,-96.3869781494141,967.003784179688,-0.0267242938280106,-13.2562894821167,13.2295656204224,4.89932584762573,-14.6530857086182,6.07710695266724,-17.6800994873047,243.675048828125,76.6350708007812,0.383020281791687,121.992416381836,176.625564575195,1.75698971748352,119.853050231934,2.04220676422119,-0.0156626556396484,0.0234954953193665,0.100048311054707,0.375,10,2001,3613.52197265625,108.40242767334,147.390274047852,125.804862976074,139.792709350586,116.40242767334,145.182983398438,187.207290649414,146.19514465332,149.207290649414,147.012161254883,154.207290649414,140.207290649414,205.792709350586,338.365966796875,224.80485534668,268.524627685547,216,300.756225585938,174.817016601562,184.219451904297,171.231597900391,168.817016601562,166.426742553711,174.207290649414,302.914916992188,55.829174041748,174.841323852539,117.780548095703,234.841323852539,61.6097259521484,352.255920410156,50.2072944641113,249.328857421875,158.841323852539,294.097259521484,69.4388961791992,59.3902740478516,74.4024276733398,79,76,78.4024276733398,75.4024276733398,79,433.341644287109,435.73193359375,423.561096191406,419.170837402344,425.963531494141,432.914916992188,392.438903808594,380.048614501953,405.804870605469,412.012145996094,407.609710693359,392.877807617188,419.012145996094,87.3166961669922,237.682662963867,155.024307250977,309.060791015625,96.877799987793,2.51163590507853
98.4239141045554,39.1800211168729,71.2999999523163,-4.75460433959961,-13.0648746490479,-95.2768783569336,989.791381835938,0.569725751876831,-13.1682558059692,13.7379817962646,5.56452178955078,-14.3192310333252,6.72945928573608,-17.5489559173584,233.236831665039,74.2222747802734,0.319671273231506,122.598175048828,170.109848022461,1.61242640018463,114.60750579834,1.91967129707336,-0.0135857803344727,0.0249833930283785,0.100048311054707,1.25,10,2001,3450.27514648438,110.918601989746,146.431564331055,126.961265563965,141.653747558594,115.089256286621,146.085327148438,185.625793457031,140.228012084961,151.104965209961,144.92936706543,153.886703491211,136.057357788086,224.232055664062,329.174041748047,241.442459106445,273.248138427734,233.72200012207,300.015167236328,185.052536010742,189.826431274414,182.321319580078,185.100143432617,182.454238891602,182.994171142578,309.667449951172,70.86962890625,167.416870117188,115.419792175293,232.507141113281,76.9044418334961,337.911224365234,47.6924896240234,231.130493164062,154.149108886719,288.228607177734,76.2389068603516,53.2481231689453,74.6537551879883,79.3501739501953,76.6537551879883,78.6537551879883,76.3075103759766,79.3501739501953,427.774291992188,439.993560791016,433.688079833984,430.303100585938,428.776336669922,440.297149658203,387.519409179688,370.833740234375,384.033264160156,384.596740722656,388.769439697266,376.708679199219,400.492309570312,77.0593872070312,250.689697265625,116.746276855469,331.571990966797,75.89794921875,2.51209446291414
98.4328972573966,39.1800211168729,63.6000037193298,-5.51758527755737,-12.5134515762329,-87.8073806762695,985.254028320312,0.120138049125671,-14.1597242355347,14.2798624038696,4.84535121917725,-15.0290412902832,5.96619367599487,-18.1932144165039,238.459197998047,76.3280715942383,0.319925278425217,124.102355957031,175.403244018555,1.5597757101059,118.065086364746,1.9199253320694,-0.0140951400756836,0.0245026648044586,0.100048311054707,0.450000017881393,10,2001,3677.08203125,109.569007873535,146.497100830078,125.412391662598,140.876434326172,113.882247924805,145.37353515625,183.019241333008,136.733245849609,148.543579101562,142.516326904297,150.263397216797,132.263397216797,223.433822631836,338.454742431641,243.949523925781,273.042877197266,228.146667480469,305.631652832031,183.331695556641,192.575988769531,180.942535400391,186.17805480957,181.596252441406,189.404907226562,310.259521484375,63.1600952148438,181.413833618164,122.295936584473,248.163864135742,70.6125183105469,359.919067382812,49.7169799804688,255.657470703125,167.068572998047,314.677886962891,75.1856689453125,56.9582977294922,74.0330505371094,78.5359573364258,76.0330505371094,78.3462905883789,75.3793411254883,78.5359573364258,411.118896484375,417.869842529297,420.73193359375,415.334014892578,415.348602294922,421.18603515625,406.046508789062,389.900482177734,398.325500488281,398.487945556641,403.055145263672,389.409057617188,408.094635009766,72.8908920288086,257.388519287109,122.900978088379,318.25732421875,79.6392517089844,2.51232374183194
98.4418804102378,39.1800211168729,49.4000017642975,-6.20945453643799,-12.0673046112061,-82.5190505981445,981.073852539062,-0.28348571062088,-14.9207067489624,14.6372213363647,4.21154737472534,-15.6610975265503,5.30957937240601,-18.7471828460693,245.423812866211,77.4941253662109,0.340497970581055,122.965385437012,179.275665283203,1.62149381637573,121.268936157227,1.94049799442291,-0.0148173248291016,0.0238574557006359,0.100048311054707,0.300000011920929,10,2001,3867.54150390625,108.990325927734,145.663650512695,124.375343322754,139.65397644043,114.326683044434,143.336959838867,198.572647094727,148.96794128418,160.948608398438,157.236297607422,160.958572387695,142.977920532227,218.366577148438,328.359039306641,239.635543823242,265.059844970703,222.9619140625,295.455444335938,173.301940917969,190.462997436523,178.462692260742,182.741622924805,178.712310791016,189.116668701172,342.373718261719,71.7458038330078,202.725555419922,131.180389404297,272.599212646484,75.9014587402344,375.178253173828,53.740104675293,271.40283203125,171.787231445312,342.098449707031,83.8237838745117,61.6240463256836,73.3269882202148,78.6536712646484,75.3173141479492,78.6439971923828,74.9806594848633,78.6439971923828,425.194549560547,406.288909912109,423.1220703125,416.497406005859,426.955505371094,417.815338134766,401.196166992188,403.901763916016,398.424926757812,400.760955810547,394.322509765625,393.067993164062,414.976226806641,70.1397018432617,236.839065551758,138.596893310547,302.731781005859,82.5337753295898,2.51255302074974
98.4598467159202,39.1800211168729,54.0000014007092,-7.16266012191772,-11.5456628799438,-77.2198638916016,973.705444335938,-1.00810039043427,-15.9796199798584,14.9715194702148,3.3032283782959,-16.5080108642578,4.36166763305664,-19.496524810791,256.005432128906,81.7473220825195,0.368623971939087,123.372764587402,187.335906982422,1.70587182044983,125.622871398926,1.96862399578094,-0.0162616943359375,0.0225670337677002,0.0902932733297348,0.300000011920929,10,2001,4007.7021484375,107.630577087402,144,126.152885437012,137.369415283203,114.261154174805,141.738845825195,206.980972290039,161.566925048828,170.089248657227,164.350402832031,169.45866394043,153.828079223633,211.675201416016,317.757873535156,228.630584716797,257.152893066406,212.414047241211,288.261169433594,185.566925048828,199.738845825195,184.197509765625,182.044616699219,175.93635559082,191.828079223633,315.178497314453,61.044620513916,193.089248657227,117.611549377441,251.872711181641,71.7198181152344,344.127288818359,62.3057746887207,285.414031982422,148.152893066406,315.063659667969,84.0636444091797,61.6305770874023,72.7388458251953,78,73.7388458251953,77.3694229125977,73.7388458251953,77.3694229125977,405.044616699219,398.847106933594,409.305786132812,406.305786132812,409.936340332031,405,410.019012451172,401.044616699219,406.757873535156,411.280181884766,413.496704101562,403.171905517578,456.937042236328,124.50984954834,287.013122558594,204.33137512207,385.777587890625,150.573501586914,2.51301157858535
98.4688298687614,39.1800211168729,67.5999969244003,-6.28025722503662,-12.2955551147461,-85.2148818969727,985.942932128906,-0.486458867788315,-14.945291519165,14.4588327407837,4.17162799835205,-15.7946367263794,5.26670837402344,-18.8787021636963,248.800827026367,79.2496109008789,0.319925278425217,123.09300994873,182.093994140625,1.5597757101059,122.472526550293,1.9199253320694,-0.0169838790893555,0.0219218228012323,0.0902932733297348,0.474999994039536,10,2001,3718.99682617188,108.68140411377,145.334945678711,124.954772949219,138.766006469727,114.360389709473,143.864532470703,199.135269165039,153.707656860352,160.870986938477,154.563903808594,160.747024536133,145.845550537109,204.445785522461,326.394287109375,226.789016723633,257.957183837891,208.645263671875,290.585296630859,179.710083007812,196.747222900391,180.503936767578,180.216644287109,175.925903320312,187.627899169922,298.076934814453,54.7668113708496,180.088638305664,107.701805114746,230.492630004883,64.4423599243164,346.150604248047,57.017162322998,279.420349121094,150.514633178711,315.964050292969,88.0789413452148,60.4564895629883,73.9745635986328,78.4449844360352,75.4195404052734,78.0985260009766,75.1970520019531,78.0985260009766,412.338775634766,410.502319335938,410.914398193359,407.469421386719,412.373321533203,411.674743652344,408.075103759766,391.874420166016,408.052093505859,411.660400390625,411.576812744141,400.697357177734,397.190216064453,89.5536193847656,256.646697998047,176.242080688477,328.951354980469,116.295188903809,2.51324085750315
98.4778130216026,39.1800211168729,74.1999968886375,-5.80933284759521,-12.7412729263306,-90.3147048950195,994.141235351562,-0.238410785794258,-14.3639974594116,14.1255865097046,4.65383815765381,-15.4353666305542,5.77231645584106,-18.5589771270752,244.554611206055,77.8413467407227,0.30942964553833,122.95539855957,179.054702758789,1.52828884124756,120.519020080566,1.90942966938019,-0.0173472213745117,0.0214595198631287,0.0902932733297348,0.525000035762787,10,2001,3691.60864257812,111.650085449219,148.298904418945,127.147743225098,140.765167236328,116.267501831055,146.56982421875,201.588439941406,148.167358398438,156.732498168945,151.341812133789,156.959228515625,142.310424804688,196.646408081055,324.362701416016,221.962768554688,262.744415283203,205.986068725586,295.971130371094,179.484878540039,188.481185913086,186.384994506836,185.877975463867,187.302581787109,193.007095336914,292.159271240234,48.7847785949707,167.8671875,106.711608886719,205.822738647461,65.1477432250977,327.95654296875,54.9686012268066,271.770843505859,160.737442016602,307.596282958984,85.4429626464844,58.5860214233398,74.7290802001953,79.4581604003906,77.1116638183594,78.7290802001953,76.3825836181641,78.8046569824219,437.787719726562,431.816711425781,424.418914794922,419.431701660156,429.171295166016,426.947998046875,382.727386474609,378.777679443359,388.925140380859,394.419403076172,383.601684570312,380.044921875,432.376800537109,81.4534759521484,276.252075195312,151.663482666016,319.793151855469,98.338134765625,2.51347013642096
98.4867961744438,39.1800211168729,86.9999974966049,-5.81632852554321,-12.913462638855,-92.0048675537109,1000.07952880859,-0.326553404331207,-14.3741159439087,14.0475616455078,4.71354866027832,-15.5220155715942,5.81576490402222,-18.6448230743408,244.561218261719,77.4988632202148,0.300000011920929,122.894508361816,179.083877563477,1.5,120.955390930176,1.90000009536743,-0.0169234741210938,0.0213969275355339,0.0902932733297348,0.474999994039536,10,2001,3712.26245117188,110.507133483887,149.417861938477,127.253562927246,140.835708618164,115.089279174805,147.417861938477,208.821441650391,146,157.910720825195,154.075012207031,159.657165527344,142.746429443359,189.342834472656,321.417846679688,209.192810058594,252.117797851562,197.103530883789,286.864227294922,184.821441650391,187.657165527344,195.985733032227,199.225036621094,194.582138061523,200.075012207031,291.582153320312,46.582145690918,167.985733032227,113.567886352539,202.478607177734,65.2535629272461,315.835723876953,52.6714210510254,260.685668945312,164.671417236328,307.985748291016,80.5071334838867,56.2535667419434,75,80,77.417854309082,79,76.417854309082,79.582145690918,455.657165527344,442.417846679688,429.507141113281,420.43212890625,438.417846679688,435.582153320312,359.521392822266,369.507141113281,374.507141113281,380.342834472656,367.582153320312,364.342834472656,451.610656738281,84.4928665161133,256.010559082031,148.896469116211,321.253570556641,94.9107208251953,2.51369941533876
98.5047624801261,39.1800211168729,80.8999985456467,-7.27040386199951,-12.2256011962891,-83.8332214355469,995.788269042969,-1.33085680007935,-15.9264106750488,14.5955543518066,3.44020485877991,-16.9556255340576,4.45527076721191,-19.88743019104,258.840118408203,82.0096130371094,0.400000005960464,122.439292907715,188.677886962891,2.09192180633545,126.895126342773,2.29192185401917,-0.0160759811401367,0.0212645344436169,0.0908725187182426,0.425000011920929,10,2001,3974.20922851562,108.57666015625,144.079849243164,125.058296203613,138.270004272461,114.153327941895,141.791519165039,232.96891784668,171.36784362793,204.453262329102,196.898147583008,207.299835205078,174.557815551758,184.309692382812,309.892639160156,207.708236694336,241.404632568359,194.901626586914,263.720794677734,195.285095214844,232.974670410156,226.928649902344,224.799926757812,210.069946289062,221.990188598633,427.187652587891,95.5692672729492,250.264831542969,168.204132080078,324.761108398438,103.824104309082,370.393981933594,65.9535446166992,276.317901611328,165.481246948242,345.560272216797,96.1833877563477,62.3802185058594,73.7699661254883,79.1350021362305,74.828254699707,78.1350021362305,75.42333984375,78.1932983398438,429.365386962891,406.868560791016,403.917633056641,393.052459716797,408.23046875,400.656951904297,375.349517822266,360.156768798828,368.500335693359,382.800994873047,382.411254882812,378.006225585938,442.137573242188,98.7422180175781,251.86750793457,182.195816040039,338.990173339844,123.119102478027,2.51415797317437
97.624413501689,39.1710379640317,50.9999990463257,-5.11811780929565,-15.2425098419189,-143.972122192383,977.017150878906,-0.795363366603851,-11.3826150894165,10.587251663208,5.61588954925537,-14.38454246521,7.07303619384766,-17.2994251251221,195.328231811523,61.6358261108398,0.400000005960464,123.989776611328,141.163314819336,1.89999997615814,94.2924041748047,3.19999980926514,-0.0162775436401367,0.0273087993264198,0.1067745834589,0.200000002980232,10,2001,3697.775390625,129.342437744141,144.225280761719,133.14192199707,139.882843017578,129.684875488281,144.225280761719,219.364669799805,143.968734741211,183.648529052734,167.423248291016,188.506607055664,149.567718505859,235.087310791016,307.369750976562,240.487213134766,265.519592285156,234.998886108398,272.630249023438,197.113204956055,190.344970703125,191.906188964844,195.761734008789,182.369750976562,194.595031738281,139.934921264648,56.6392860412598,100.614730834961,86.2227478027344,113.141929626465,57,199.102828979492,48.9687309265137,131.143356323242,88.9726867675781,136.632797241211,71.7409133911133,25.7994918823242,81,83,82,83,82,82.7994918823242,465.393402099609,460.065063476562,452.630249023438,454.809936523438,451.225280761719,451.947906494141,337.635314941406,349.589965820312,355.463562011719,349.428314208984,366.404968261719,353.457061767578,126.124977111816,41.7462043762207,120.575759887695,100.259300231934,128.475555419922,46.2643737792969,2.49226006191951
97.6333966545302,39.1710379640317,50.9999990463257,-5.07265472412109,-15.2837352752686,-145.281219482422,978.048767089844,-0.755634427070618,-11.2758693695068,10.5202350616455,5.66972827911377,-14.346360206604,7.16083812713623,-17.2394313812256,195.435195922852,61.535514831543,0.400000005960464,123.741981506348,141.037063598633,1.97077810764313,94.4289016723633,3.27077794075012,-0.0160007766723633,0.0276169665157795,0.1067745834589,0.200000002980232,10,2001,3695.91577148438,129.651702880859,145.955108642578,133.651702880859,141.303405761719,130.303405761719,145.955108642578,222.606811523438,145.606811523438,187.910232543945,169.955108642578,192.258529663086,151.606811523438,233.741470336914,308.606811523438,238.179550170898,262.134643554688,234.438064575195,271.393188476562,198.258529663086,189.651702880859,196.820449829102,201.168746948242,183.606811523438,197.561935424805,144.213638305664,50.8312492370605,107.517044067383,88.9551162719727,113.651702880859,57,189.617614746094,50.606819152832,130.089767456055,88.0448837280273,134.393188476562,72.6517028808594,26,81,83,82,83,82,83,468,455.786376953125,451.393188476562,448.876129150391,452.955108642578,449.089782714844,334.393188476562,354.561920166016,351.786376953125,349.955108642578,363.438079833984,353.348297119141,136.337493896484,55.2926139831543,148.888641357422,113.989204406738,148.506256103516,57.9892044067383,2.49248939341819
98.361032034667,39.1710379640317,58.6999990046024,-6.91928386688232,-12.0184669494629,-85.7149887084961,967.363586425781,-1.17915654182434,-15.2194976806641,14.040340423584,3.4929633140564,-16.2562980651855,4.57068729400635,-19.1511898040771,262.167297363281,84.5188140869141,0.400000005960464,123.604377746582,190.984283447266,2.42667102813721,127.489868164062,2.5,-0.0179721145629883,0.02113888412714,0.0893125534057617,0.449999988079071,10,2001,3891.35400390625,108.446830749512,149,123.482276916504,139.964553833008,111.964553833008,146.517715454102,202.070892333984,155.070892333984,177.517715454102,172.553161621094,180.517715454102,158.517715454102,209.602554321289,307.929107666016,223.212661743164,247.283554077148,228.531661987305,267.482269287109,179.858215332031,197.056945800781,194.893661499023,195.34049987793,174.375946044922,196.092391967773,383.582214355469,75.1278305053711,219.773391723633,136.986053466797,294.680999755859,86.0569458007812,340.120269775391,53.5392189025879,258.425323486328,169.751892089844,322.084838867188,89.7873306274414,54.553165435791,73,80,75.0354461669922,78.5177230834961,74.5177230834961,80,436.340484619141,399,396.751892089844,391.751892089844,413.787322998047,396.411376953125,383.80126953125,403.943054199219,408.354431152344,412.907623291016,411.836730957031,407.460784912109,440.319000244141,101.389892578125,236.425338745117,200.070892333984,328.744323730469,128.262054443359,2.51106524481138
98.3789983403494,39.1710379640317,65.8999979496002,-6.35868263244629,-12.1319274902344,-89.0404891967773,957.95703125,-0.742250919342041,-14.3762159347534,13.6339645385742,3.90730690956116,-15.5679588317871,5.03209066390991,-18.4789848327637,257.028442382812,82.185432434082,0.400000005960464,123.050369262695,186.954299926758,2.2666449546814,125.283149719238,2.36664485931396,-0.0186696060180664,0.0212657731026411,0.0893125534057617,0.400000005960464,10,2001,3938.47875976562,108.531745910645,148.346008300781,124.755516052246,139,113.633270263672,146.12223815918,210.31608581543,155.950454711914,183.679428100586,175.53173828125,188.211181640625,156.177612304688,202.112930297852,304.175170898438,213.097885131836,227.652389526367,216.255874633789,253.403427124023,193.038299560547,202.227416992188,201.06916809082,204.027740478516,188.881393432617,204.000259399414,367.029083251953,73.2433929443359,226.383209228516,145.906845092773,303.175415039062,89.0243530273438,352.611206054688,42.7728424072266,259.277801513672,158.765670776367,335.280090332031,78.0794677734375,50.7854385375977,74.5317459106445,80,76,79.2237701416016,75.6539840698242,80,420.967376708984,388.432250976562,387.607818603516,383.227142333984,403.180999755859,387.8037109375,385.770538330078,409.994323730469,411.546783447266,412.7451171875,407.937591552734,408.503997802734,416.986358642578,96.61474609375,235.366333007812,167.354568481445,318.174530029297,112.186172485352,2.51152390780874
98.3879814931906,39.1710379640317,72.4999979138374,-6.73071146011353,-11.701210975647,-84.9881362915039,945.368225097656,-0.890679478645325,-14.6673097610474,13.7766304016113,3.52678179740906,-15.7802515029907,4.63818597793579,-18.6005115509033,261.501953125,83.7763900756836,0.400000005960464,123.243034362793,190.340560913086,2.19491910934448,127.208198547363,2.36664485931396,-0.0177628082275391,0.021858112886548,0.0893125534057617,0.400000005960464,10,2001,4083.79443359375,108.269233703613,148.500289916992,125.153648376465,139,114.153648376465,145.69270324707,205.884719848633,160.731155395508,180.309371948242,174.2705078125,184.655426025391,158.577606201172,223.234756469727,299.45751953125,222.578369140625,233.42236328125,236.273513793945,255.22721862793,186.846176147461,192.88444519043,186.384353637695,190.000823974609,179.000030517578,196.192916870117,352.426849365234,63.385326385498,210.040374755859,132.963348388672,285.733673095703,77.5010147094727,352.076812744141,45.3840217590332,262.575042724609,150.500701904297,324.846862792969,78.4990158081055,55.6923942565918,74.3460540771484,79.9231719970703,76,79.6539459228516,75.3460540771484,79.9231719970703,414.152099609375,386.534118652344,392.112213134766,384.457214355469,405.382141113281,384.841522216797,398.270965576172,420.773834228516,422.157379150391,425.541961669922,415.541015625,418.657653808594,400.103881835938,114.809028625488,221.651504516602,164.46272277832,308.914825439453,112.077796936035,2.51175323930742
98.3969646460318,39.1710379640317,66.8999999761581,-6.02911615371704,-12.1998767852783,-90.1968536376953,955.984741210938,-0.447719544172287,-13.9799947738647,13.5322761535645,4.20167255401611,-15.2138576507568,5.34892463684082,-18.1487674713135,252.439865112305,80.8661041259766,0.400000005960464,123.152282714844,183.994842529297,1.85800433158875,123.387336730957,2.07893347740173,-0.0168560104370117,0.022450452670455,0.091052882373333,0.450000017881393,10,2001,3787.09594726562,108,147.248611450195,126.167594909668,139,115.167594909668,143.664810180664,202.416198730469,161.664810180664,170.075439453125,167.410629272461,174.659225463867,156.91340637207,218.06428527832,315.935729980469,222.243026733398,242.08659362793,229.312881469727,274.016723632812,182,187.167602539062,178.751388549805,177.329620361328,172,187.497207641602,324.815673828125,53.9134140014648,189.907836914062,115.491638183594,261.069854736328,65.1620178222656,352.583801269531,49.5027885437012,274.092163085938,142.91340637207,315.913421630859,83.8379821777344,58.416202545166,74.5838012695312,79.4161987304688,76,79.4161987304688,75.5838012695312,79.4161987304688,419.508361816406,406.687103271484,409.681549072266,405.687103271484,418.594940185547,405.438507080078,397.491638183594,405.561492919922,411.983276367188,416.983276367188,408.821258544922,407.231872558594,447.304382324219,119.82682800293,226.011154174805,159.994430541992,345.039031982422,110.745819091797,2.5119825708061
98.405947798873,39.1710379640317,66.8999999761581,-4.82839298248291,-13.1112957000732,-98.5553359985352,982.061645507812,0.361750483512878,-12.9438858032227,13.3056364059448,5.43640899658203,-14.3232612609863,6.62637948989868,-17.4697093963623,238.124114990234,75.67236328125,0.314782828092575,122.457832336426,173.287658691406,1.62562298774719,116.739349365234,1.91478288173676,-0.0159492126464844,0.0230427924543619,0.100048311054707,0.400000005960464,10,2001,3604.240234375,109.310539245605,146,126.126304626465,139,116,143.74739074707,198.068374633789,155.194686889648,160.378921508789,158.505218505859,164.505218505859,150.942077636719,196.631530761719,332.563140869141,214.689453125,250.679016113281,206.631530761719,292.057922363281,184.621078491211,189.310546875,179.56315612793,175.74739074707,174.621078491211,183.25260925293,305.068389892578,55.3684692382812,176.757843017578,112.368469238281,242.447296142578,60.1263046264648,335.962982177734,50.252613067627,255.352340698242,133.447296142578,294.215576171875,81.0104522705078,54.0683784484863,75.4368438720703,79.8736953735352,76.8736953735352,79.4368438720703,76.4368438720703,79.8736953735352,434.863250732422,434.173797607422,426.494781494141,424.436859130859,431.62109375,434.610626220703,379.952514648438,375.515686035156,393.942077636719,399.815765380859,393.194671630859,382.263061523438,458.868011474609,90.410270690918,222.020904541016,140.147201538086,332.383697509766,95.6419830322266,2.51221190230478
98.4149309517142,39.1710379640317,58.4999993443489,-4.63159322738647,-13.2423076629639,-97.4173355102539,994.821594238281,0.593957722187042,-13.006983757019,13.60094165802,5.69987916946411,-14.2749118804932,6.87271308898926,-17.5121974945068,233.764663696289,73.3942337036133,0.303792864084244,121.84489440918,169.716201782227,1.6037929058075,115.242393493652,1.90379297733307,-0.015042414855957,0.0236351322382689,0.100048311054707,0.300000011920929,10,2001,3565.43090820312,110.541282653809,146.869750976562,125.112533569336,139.869750976562,115.710083007812,146.354751586914,187.128295898438,142.37109375,151.249404907227,146.912368774414,154.65185546875,140.146011352539,201.709701538086,335.245330810547,224.185562133789,264.226470947266,212.579437255859,300.244750976562,185.63298034668,190.541275024414,180.795761108398,180.384155273438,178.242218017578,181.514984130859,297.897186279297,59.2776565551758,172.41471862793,116.857482910156,239.192749023438,61.4318542480469,324.601989746094,49.0948181152344,236.318878173828,126.713775634766,282.566558837891,75.5095291137695,52.115650177002,75.363899230957,80.3076324462891,77.5975494384766,79.6538162231445,76.6538162231445,80.3076324462891,437.029205322266,441.049468994141,428.230529785156,422.914337158203,430.023742675781,441.413360595703,377.281524658203,367.699157714844,390.973724365234,396.701507568359,391.677764892578,376.474090576172,414.9130859375,70.2863693237305,224.934967041016,128.421508789062,293.658416748047,86.2318725585938,2.51244123380346
98.4239141045554,39.1710379640317,52.6000000536442,-5.96935319900513,-12.2748022079468,-84.7239761352539,986.058166503906,-0.185868829488754,-14.6828479766846,14.4969787597656,4.4534740447998,-15.5053939819336,5.5624737739563,-18.6067924499512,248.978958129883,78.06982421875,0.375606626272202,121.734840393066,180.444519042969,1.68765139579773,122.298385620117,1.97560667991638,-0.0141356170654297,0.0242274701595306,0.100048311054707,0.25,10,2001,3774.46142578125,109.917221069336,148.390335083008,125,141.533325195312,115.060218811035,147.593551635742,178.759963989258,131.797637939453,143.41374206543,136.715866088867,147.067520141602,130.083633422852,213.882110595703,336.760498046875,237.271423339844,269.543548583984,224.556411743164,304.458374023438,181.707565307617,190.06022644043,184.495666503906,185.027984619141,180.59455871582,183.655792236328,300.408111572266,59.6719169616699,180.214721679688,119.266479492188,249.669677734375,67.2332305908203,335.390472412109,51.1053352355957,254.668823242188,133.825393676758,297.315155029297,77.8839721679688,56.1709823608398,74.549446105957,79.549446105957,77.0602188110352,79.3462219238281,76.2032241821289,79.549446105957,426.449371337891,430.9228515625,423.767791748047,418.564544677734,421.679565429688,432.045318603516,391.843048095703,378.956695556641,391.736541748047,396.407470703125,397.725860595703,384.238647460938,414.186737060547,78.0603790283203,250.867156982422,135.852737426758,315.129211425781,89.6420669555664,2.51267056530215
98.4688298687614,39.1710379640317,55.1000013947487,-7.74149370193481,-11.4036121368408,-74.0908432006836,985.372131347656,-1.36139404773712,-16.7809658050537,15.4195728302002,2.88531875610352,-17.2542686462402,3.91921782493591,-20.1795330047607,260.990081787109,83.0801467895508,0.400000005960464,123.333015441895,191.052124023438,1.82884240150452,128.437484741211,2,-0.017307470703125,0.0218130368739367,0.0902932733297348,0.333333343267441,10,2001,3950.01538085938,107.471008300781,146.232803344727,126.062286376953,138.209823608398,114.284156799316,142.925674438477,204.597915649414,155.444961547852,163.052581787109,158.223098754883,163.660202026367,148.137832641602,201.15071105957,340.967315673828,221.913619995117,263.122222900391,206.924560546875,303.910461425781,183.221862792969,191.080963134766,182.591278076172,181.244842529297,175.856750488281,188.6142578125,283.744781494141,59.595573425293,181.818557739258,117.813148498535,218.672134399414,70.1595840454102,319.708099365234,56.3114204406738,272.277526855469,164.742004394531,295.533294677734,83.5169525146484,57.5060234069824,74.0622863769531,79,75.4087219238281,78.346435546875,75.0622863769531,78.346435546875,417.223815917969,419.171356201172,422.070861816406,413.92333984375,424.355010986328,415.564849853516,399.776184082031,389.094116210938,395.622009277344,404.831817626953,399.788208007812,395.883178710938,420.768035888672,109.145477294922,256.694091796875,169.929122924805,346.736755371094,113.797927856445,2.51381722279555
98.4867961744438,39.1710379640317,73.8999992609024,-6.88893699645996,-12.2301425933838,-82.571907043457,1000.88928222656,-0.897028863430023,-15.7235326766968,14.8265037536621,3.79788541793823,-16.6329288482666,4.84311676025391,-19.6172714233398,253.271011352539,80.1012954711914,0.326671063899994,123.06420135498,185.542785644531,1.58001315593719,125.373023986816,1.9266711473465,-0.0171941177368164,0.0213550310581923,0.0902932733297348,0.449999988079071,10,2001,3827.56494140625,110.422096252441,147.422103881836,127.844200134277,140.422103881836,115.68839263916,145.422103881836,203.220993041992,153.909378051758,159.954696655273,155.798889160156,161.532592773438,147.487274169922,203.713836669922,332.467407226562,222.779006958008,271.201110839844,207.668518066406,295.467407226562,179.045303344727,182.467407226562,179.733703613281,180.266296386719,178.045303344727,187.688400268555,336.065185546875,63.1558036804199,185.909378051758,120.065185546875,224.929260253906,68.8442001342773,326.467407226562,63.5325927734375,274.733703613281,172.889511108398,298.155792236328,89.4872817993164,56,75.4220962524414,79.4220962524414,77.4220962524414,79.4220962524414,76.8442001342773,79.4220962524414,442.974548339844,445.065185546875,436.688385009766,428.110504150391,444.175689697266,432.532592773438,376.980133056641,372.467407226562,383.577911376953,391.201110839844,378.201110839844,380.779022216797,448.597778320312,87.6685180664062,253,154.889511108398,323.668518066406,97.5127182006836,2.51427588579291
98.495779327285,39.1710379640317,95.100000500679,-7.07557344436646,-12.234655380249,-82.7846832275391,1003.4833984375,-1.07953488826752,-15.8887023925781,14.8091669082642,3.67735910415649,-16.8565883636475,4.70005464553833,-19.8136405944824,254.654144287109,80.514045715332,0.375190317630768,122.93968963623,186.420913696289,1.72557091712952,126.054443359375,1.97519028186798,-0.0167560089111328,0.0212956946343184,0.0903107449412346,0.625,10,2001,3861.41943359375,109.552421569824,147.653442382812,127.756362915039,140.102935791016,116.338493347168,145.102935791016,207.461135864258,162.928421020508,167.354370117188,163.110733032227,167.049407958984,155.999725341797,187.889541625977,327.225830078125,212.208053588867,252.879150390625,197.317138671875,281.417755126953,184.032012939453,183.831909179688,182.617980957031,183.712844848633,182.481506347656,189.990005493164,360.861480712891,64.0693893432617,205.112777709961,131.098815917969,255.959884643555,72.3346557617188,330.859710693359,65.4711227416992,272.938690185547,169.530792236328,306.776489257812,93.8709335327148,57.9267692565918,75.653434753418,79.9286880493164,77.3781814575195,79.653434753418,77.3068695068359,79.653434753418,447.337829589844,440.684661865234,429.631408691406,420.734344482422,440.126068115234,427.314544677734,367.630157470703,375.483428955078,387.475372314453,394.624145507812,378.045837402344,383.420196533203,463.77197265625,90.2540283203125,247.219680786133,163.917175292969,322.400482177734,100.010391235352,2.5145052172916
98.5047624801261,39.1710379640317,85.7999995350838,-6.88934803009033,-12.4907121658325,-85.2266235351562,1010.86083984375,-0.982116520404816,-15.6636924743652,14.6815757751465,3.93343114852905,-16.7672100067139,4.94331359863281,-19.747875213623,252.954528808594,79.9211349487305,0.400000005960464,122.596351623535,184.923873901367,1.79999995231628,125.184440612793,2,-0.0163178985595703,0.0212363582104445,0.0908725187182426,0.625,10,2001,3838.35083007812,107.219329833984,146.319198608398,125.744293212891,138.269256591797,114.090896606445,143.012405395508,208.580932617188,167.344314575195,176.615020751953,171.25830078125,175.118606567383,161.114868164062,179.635452270508,323.901275634766,202.904708862305,230.890213012695,192.722915649414,263.424163818359,195.640487670898,191.894393920898,191.536529541016,188.371719360352,194.104248046875,190.396545410156,395.650054931641,72.0960845947266,231.353881835938,143.769714355469,295.956146240234,80.7607421875,344.109130859375,62.4600296020508,271.447631835938,165.985000610352,326.932220458984,89.8464584350586,60.3169021606445,74.9613265991211,80,76.3079299926758,79.2181777954102,76.3079299926758,79.3466033935547,431.954345703125,420.107604980469,411.401977539062,401.184936523438,417.137298583984,409.848449707031,371.533599853516,387.998016357422,396.279663085938,409.57177734375,388.848205566406,399.973205566406,474.145233154297,107.285209655762,241.205123901367,181.754211425781,335.421966552734,115.157928466797,2.51473454879028
98.5137456329673,39.1710379640317,85.7999995350838,-7.12858867645264,-12.4371566772461,-84.3434906005859,1011.791015625,-1.16168069839478,-15.9132204055786,14.751540184021,3.75362539291382,-17.0415191650391,4.74193096160889,-19.9704494476318,255.74104309082,80.5257797241211,0.400000005960464,122.270072937012,186.567901611328,1.79999995231628,126.313652038574,2,-0.0158797897338867,0.0211770236492157,0.0908725187182426,0.550000011920929,10,2001,4157.12841796875,106.634971618652,142.555206298828,124.365028381348,136.095092773438,113,139.825149536133,215.524551391602,168.365036010742,186.254608154297,183.064437866211,189.239288330078,165.174850463867,183.524551391602,326.714721679688,204.619644165039,235.684066772461,196.619644165039,265.334381103516,188.220840454102,196.904907226562,199.07975769043,193.444793701172,190.300598144531,189.095092773438,408.460113525391,91.8589248657227,252.604309082031,158.334365844727,351.877380371094,97.4141311645508,350,56.0153274536133,268.190185546875,158.745391845703,344.699401855469,84.5552062988281,57.285270690918,73.7300567626953,80,75.3650283813477,79,75.3650283813477,79.6349716186523,420.920227050781,403.205505371094,397.110412597656,386.745391845703,403.555206298828,392.665618896484,390.493896484375,399.889587402344,402.809814453125,419.444793701172,405.509216308594,418.239288330078,470.840484619141,112.825149536133,254.858917236328,178.760711669922,350.064422607422,119.825149536133,2.51496388028896
98.5227287858085,39.1710379640317,93.4000015258789,-8.14136409759521,-11.8524732589722,-77.7894821166992,1004.24993896484,-1.79599416255951,-17.0425662994385,15.2465715408325,2.81741762161255,-17.9402961730957,3.7546706199646,-20.7614707946777,263.060455322266,82.1674346923828,0.400000005960464,121.895668029785,191.544464111328,2.23201966285706,129.99382019043,2.43201971054077,-0.0154416809082031,0.0211176872253418,0.0908725187182426,0.649999976158142,10,2001,4335.38916015625,107.488136291504,140.976272583008,123.023719787598,134.023727416992,113,138.976272583008,225.393249511719,166.047439575195,200.762786865234,193.416976928711,205.81022644043,171.393249511719,193.393249511719,324.142333984375,209.976272583008,244.071166992188,205.393249511719,267.630462646484,185.81022644043,223.871383666992,222.013702392578,217.966262817383,203.501846313477,214.359512329102,433.359527587891,117.691619873047,276.13232421875,183.084869384766,382.047454833984,127.03742980957,386.122314453125,60.786506652832,294.800201416016,166.691619873047,354.928833007812,90.786506652832,52.5355834960938,72.5118637084961,78.5355834960938,74.0237197875977,77.5355834960938,74.0237197875977,78.0474395751953,413.606750488281,395.047454833984,389.071166992188,384.928833007812,396.606750488281,383.535583496094,400.583038330078,381.081176757812,388.403259277344,397.104888916016,399.379547119141,402.104888916016,445.962585449219,107.094886779785,266.535583496094,165.606750488281,340.403259277344,115.071166992188,2.51519321178764
97.4986493619123,39.1620548111905,52.9999993741512,-6.0932993888855,-13.4948101043701,-113.444923400879,965.519897460938,-1.26788067817688,-13.1663608551025,11.8984804153442,4.29915857315063,-15.3226413726807,5.51366376876831,-18.3690166473389,203.528610229492,65.0737838745117,0.5,125.292816162109,147.224258422852,2.03858733177185,97.1416091918945,2.86583185195923,-0.0181760452270508,0.0237592495977879,0.10354395955801,0.200000002980232,10,2001,3865.7421875,118.347114562988,148.06413269043,129.208267211914,140.791732788086,126.074714660645,147.133544921875,223.270385742188,163.012847900391,186.512023925781,175.692840576172,194.041961669922,156.053161621094,242.11767578125,300.786437988281,244.173873901367,258.738830566406,238.346099853516,280.35302734375,239.305160522461,244.690948486328,241.577545166016,245.487976074219,222.672424316406,255.716400146484,212.905746459961,54.4700736999512,138.411865234375,114.349746704102,150.330230712891,68.3275756835938,226.048248291016,53.6178665161133,160.156341552734,100.607276916504,176.130889892578,75.113395690918,27.4313983917236,77.7276077270508,79.0694198608398,79.7276077270508,78.7970275878906,79.7276077270508,79.0694198608398,389.445648193359,403.174896240234,391.401672363281,382.898834228516,404.2119140625,380.377868652344,371.318634033203,352.134185791016,367.020782470703,370.885589599609,373.115661621094,363.90576171875,250.460510253906,82.1229629516602,147.10710144043,183.188354492188,258.092224121094,102.951362609863,2.48962036930841
97.5076325147535,39.1620548111905,48.3999997377396,-5.98813629150391,-13.6450128555298,-116.302742004395,964.743896484375,-1.26658320426941,-13.0010213851929,11.7344379425049,4.40518712997437,-15.1976757049561,5.60788679122925,-18.2551784515381,202.069396972656,63.9506988525391,0.5,124.831359863281,145.951751708984,2.03341674804688,96.9010620117188,2.91995978355408,-0.0180706848144531,0.0241255015134811,0.0966136604547501,0.200000002980232,10,2001,3849.0205078125,120.898735046387,146.260757446289,130.739242553711,139.260757446289,128.898742675781,145.84049987793,219.318984985352,155.420257568359,179.260757446289,165.579742431641,190.15950012207,145.260757446289,233.883529663086,296.941772460938,239.681015014648,252.101257324219,230.043029785156,273.680999755859,245.739242553711,251.15950012207,247.739242553711,252.739242553711,230.058227539062,262.898742675781,200.144287109375,51.101261138916,127.622779846191,109.043029785156,153.116470336914,60.9417686462402,217.303787231445,56.5797462463379,149.405044555664,98.941764831543,164.665802001953,75.4202499389648,26.5797481536865,78,79.5797500610352,80,79.5797500610352,80,79.5797500610352,396.217712402344,409.536712646484,398.377227783203,386.536712646484,408.739227294922,385.956970214844,358.622772216797,339.303802490234,353.883544921875,359.724029541016,361.202514648438,351.144287109375,253.318984985352,76.202522277832,152.275955200195,170.420257568359,249.144287109375,89.3037872314453,2.48984975341209
97.5345819732771,39.1620548111905,47.8999987244606,-5.76403188705444,-14.0734624862671,-124.360885620117,962.259704589844,-1.20000004768372,-12.5182228088379,11.3182229995728,4.65251541137695,-14.9399013519287,5.88635158538818,-17.9767742156982,199.797988891602,62.9878234863281,0.5,123.981224060059,143.664810180664,2.26633286476135,95.4772415161133,3.46633267402649,-0.0176775787353516,0.0251184087246656,0.0966136604547501,0.200000002980232,10,2001,3798.88452148438,126.110321044922,145.272583007812,133.136291503906,140.272583007812,131.45231628418,145.478286743164,209.064361572266,146.959091186523,174.915649414062,162.327041625977,183.985046386719,138.985046386719,232.83268737793,295.166809082031,233.551132202148,264.623077392578,225.47575378418,265.578216552734,217.307235717773,223.927337646484,229.519393920898,221.015151977539,215.342178344727,230.704177856445,175.72004699707,60.6125335693359,118.556671142578,114.33650970459,141.762359619141,79.6449584960938,209.672958374023,54.3854293823242,132.979995727539,93.1362915039062,148.038391113281,77.2466125488281,25.1362915039062,78,80.205696105957,80,80,80,80.205696105957,441.106689453125,438.915435791016,429.688842773438,419.920501708984,440.909484863281,420.915435791016,341.449798583984,337.157196044922,340.928070068359,359.064361572266,343.748321533203,347.858673095703,239.878662109375,69.8386611938477,144.884628295898,159.83317565918,223.816818237305,72.5476837158203,2.49053790572313
97.5435651261183,39.1620548111905,52.6000000536442,-5.68932962417603,-14.2229919433594,-127.449996948242,961.915649414062,-1.20000004768372,-12.3614845275879,11.1614847183228,4.74147033691406,-14.8498201370239,5.99309730529785,-17.8831539154053,199.460586547852,62.9234046936035,0.5,123.845985412598,143.356170654297,2.26633286476135,95.2330093383789,3.46633267402649,-0.0175000076293945,0.0253854319453239,0.0966136604547501,0.200000002980232,10,2001,3786.9921875,125.707046508789,146.292953491211,133.646484375,141.292953491211,131.353515625,146.292953491211,212.232391357422,146.646484375,176.232391357422,163.232391357422,184.585906982422,139.585906982422,235.292953491211,302.161956787109,240.990127563477,269.404235839844,228.232391357422,272.161956787109,211.646484375,206.25212097168,219.595779418945,209.363388061523,204.595779418945,215.777465820312,169.474655151367,54.4239501953125,112.656341552734,99.7873382568359,135.656341552734,70.3126907348633,208.767608642578,53.0605659484863,137.464782714844,93.6464767456055,150.292953491211,77.3535232543945,25.6464786529541,78,80,80,80,80,80,444.414093017578,451.283081054688,437.464782714844,428.404235839844,447.878875732422,433.283081054688,343.29296875,342.464782714844,343.585906982422,362.232391357422,347.525360107422,351.232391357422,238.767608642578,77.6971817016602,149.171829223633,152.838043212891,217.595779418945,72.6464767456055,2.49076728982682
97.5525482789594,39.1620548111905,54.9999997019768,-5.61954498291016,-14.3775682449341,-130.319213867188,961.756225585938,-1.1667572259903,-12.2002229690552,11.033465385437,4.82210397720337,-14.7695465087891,6.08598184585571,-17.7973384857178,199.183547973633,62.8333396911621,0.53324282169342,123.598419189453,143.033660888672,2.3663113117218,95.0005798339844,3.56631112098694,-0.0173224365234375,0.0256524533033371,0.0995146036148071,0.200000002980232,10,2001,3773.77099609375,125,147,133.002655029297,141.501327514648,130.501327514648,147,211.007949829102,148.994705200195,178,165.498672485352,185.501327514648,144.989395141602,216.551696777344,293.047729492188,227.551696777344,260.037109375,210.053024291992,271.525177001953,204.519882202148,196.498672485352,206.522537231445,197.514587402344,191.023864746094,201.0185546875,163.50927734375,46.5013236999512,104.506629943848,86,129.501327514648,60.4960250854492,203.010604858398,52.9973487854004,135.015899658203,91.5066299438477,150.002655029297,76.5013275146484,26.4986743927002,78.4986724853516,80,80,80,80,80,444.496032714844,454.010589599609,442.496032714844,436.989410400391,451.496032714844,443.989410400391,350.482757568359,349.49072265625,351.482757568359,365.496032714844,356.9814453125,355.992034912109,223.037109375,70.5331344604492,159.480117797852,142.503982543945,197.541091918945,79.4827651977539,2.4909966739305
97.624413501689,39.1620548111905,46.7000007629395,-5.11563205718994,-15.2165746688843,-142.668350219727,977.622375488281,-0.782615482807159,-11.4494485855103,10.6668338775635,5.57747888565063,-14.3792839050293,7.02117395401001,-17.3643627166748,192.361968994141,59.5550079345703,0.400000005960464,122.610328674316,138.192459106445,1.89999997615814,93.4374618530273,3.13609671592712,-0.0159706405639648,0.0278429109603167,0.1067745834589,0.200000002980232,10,2001,3677.38037109375,131.264205932617,144,137.160507202148,139,134.528396606445,145,196.264205932617,139,165,157.264205932617,170,144.632095336914,188.886383056641,268.471588134766,198.254287719727,219.94319152832,185.990081787109,250.622192382812,209.678985595703,186.311096191406,194.046890258789,185.207397460938,187.414794921875,183.839492797852,145.678985595703,56.1036987304688,99.2542877197266,82.3678970336914,110.41478729248,56.3679008483887,178.745712280273,55.7357978820801,124.05680847168,91.2073974609375,141.160507202148,72,26.36789894104,82,83,82,83,82,83,449.688903808594,464.735809326172,454.321014404297,449.896301269531,451.160491943359,459.735809326172,341.264190673828,348.953094482422,352.264190673828,364.896301269531,361.424713134766,356.424713134766,131.77278137207,34.8394966125488,104.632102966309,86.2073974609375,117.886390686035,42.4715957641602,2.49283174675995
97.6333966545302,39.1620548111905,49.100000411272,-5.05409812927246,-15.2881479263306,-143.666946411133,979.4306640625,-0.691936373710632,-11.3346395492554,10.6427040100098,5.68234586715698,-14.3253211975098,7.15035676956177,-17.282642364502,191.785446166992,59.4919357299805,0.400000005960464,122.913436889648,138.016189575195,1.89999997615814,93.2760620117188,2.83241486549377,-0.0158190521240234,0.0280537027865648,0.1067745834589,0.200000002980232,10,2001,3673.46484375,132.968765258789,144.968765258789,139.484390258789,140.937530517578,136.484390258789,145.484390258789,201.359466552734,138.031234741211,166.453155517578,158,172.421920776367,143.062469482422,203.344146728516,279.109619140625,212.828521728516,234.437835693359,200.797302246094,250.781387329102,206.484390258789,186.875076293945,193.390686035156,194.140838623047,187.359466552734,189.265762329102,147.328231811523,48.7030029296875,97.8438415527344,85.3906936645508,106,56.4843826293945,181.124923706055,50.1561584472656,124.578079223633,86.0936965942383,139.609313964844,64.2498474121094,25.5156154632568,82,82.5156173706055,82,83,82,83,460.265777587891,459.156158447266,456.062469482422,447.124938964844,455.906311035156,454.640533447266,333.765472412109,353.968780517578,351.062469482422,358.734222412109,356.734222412109,356.093688964844,123.390693664551,34.4531517028809,104.515617370605,87.8750762939453,109.578079223633,41.9687690734863,2.49306113086363
97.6423798073714,39.1620548111905,49.100000411272,-4.97821855545044,-15.3574991226196,-145.349044799805,981.49951171875,-0.635707080364227,-11.202540397644,10.5668334960938,5.79927492141724,-14.2879886627197,7.28008365631104,-17.1986484527588,191.943237304688,59.4357070922852,0.400000005960464,122.980171203613,138.282150268555,1.98223316669464,93.5083694458008,2.91464805603027,-0.0156684066772461,0.0282598771154881,0.1067745834589,0.200000002980232,10,2001,3668.32373046875,132.978302001953,145.988372802734,139.320816040039,142.640045166016,136.657501220703,145.994186401367,208.977844238281,140.378509521484,172.022796630859,161.703552246094,179.011169433594,144.726821899414,227.112548828125,299.935089111328,238.790161132812,260.19775390625,226.768478393555,264.989013671875,204.974060058594,190.616790771484,194.602478027344,201.152618408203,187.234039306641,193.882583618164,157.986328125,42.0756072998047,102.941841125488,87.6125411987305,108.020126342773,56.3208084106445,179.403335571289,45.0581588745117,122.702453613281,83.0348968505859,136.377395629883,56.4297409057617,25.0058155059814,82,82.3425064086914,82,83,82,83,467.912750244141,457.088348388672,455.706695556641,446.750091552734,461.321929931641,453.08251953125,327.118988037109,352.294860839844,349.696624755859,352.097290039062,351.444061279297,353.034881591797,125.61254119873,39.0127372741699,104.342506408691,88.9232864379883,109.049201965332,44.671802520752,2.49329051496731
98.3700151875082,39.1620548111905,69.3999975919724,-6.85220050811768,-11.851767539978,-84.9363555908203,958.45654296875,-1.06804549694061,-15.052453994751,13.9844093322754,3.47337651252747,-16.0546550750732,4.58578538894653,-18.9414882659912,265.818206787109,86.1708450317383,0.400000005960464,123.977729797363,193.845947265625,2.15059590339661,128.809631347656,2.20882987976074,-0.0184286224365234,0.0219003688544035,0.0893125534057617,0.574999988079071,10,2001,3862.33764648438,106.247467041016,144.209609985352,123.62882232666,138.136337280273,113.492477416992,140.482299804688,199.951995849609,162.79524230957,172.74479675293,166.227096557617,175.918991088867,157.350799560547,182.640975952148,331.924285888672,212.173721313477,240.648284912109,198.525009155273,282.396392822266,163.527450561523,177.512420654297,174.164047241211,176.770065307617,169.398880004883,178.131057739258,359.132354736328,63.3838081359863,204.965072631836,135.560897827148,268.018005371094,76.0330047607422,368.063079833984,57.3532524108887,264.363006591797,163.656936645508,341.222686767578,81.0354080200195,58.2096061706543,73.7273101806641,79.7273101806641,74.5909652709961,78.5909652709961,74.7273101806641,78.9369201660156,436.737487792969,390.204284667969,397.133453369141,392.216918945312,409.509979248047,390.237274169922,399.871398925781,432.283294677734,428.702484130859,431.803436279297,420.954803466797,431.422058105469,432.612457275391,121.022338867188,254.010589599609,196.037887573242,345.265502929688,131.860778808594,2.51187062736552
98.3789983403494,39.1620548111905,71.4000016450882,-5.84486484527588,-12.4440126419067,-92.0084838867188,965.5576171875,-0.365427553653717,-13.904242515564,13.5388154983521,4.41509342193604,-15.1473188400269,5.56645345687866,-18.1347465515137,253.301406860352,81.8579711914062,0.400000005960464,123.67073059082,184.7978515625,1.90000009536743,123.285362243652,2,-0.0185186309814453,0.0218693856149912,0.0893125534057617,0.550000011920929,10,2001,3714.67651367188,107.804161071777,144.654006958008,125.024726867676,138,115.024726867676,140.779434204102,204.564788818359,157.361389160156,171.095138549805,165.062713623047,175.245300292969,153.045684814453,180.342590332031,328.884429931641,205.635711669922,233.311050415039,198.707763671875,278.982971191406,163.096405029297,179.393310546875,181.42951965332,181.442764282227,175.091217041016,180.11003112793,367.037109375,64.4906005859375,217.27507019043,140.970092773438,283.956329345703,81.3822021484375,366.907012939453,54.503849029541,262.44580078125,166.863464355469,346.416778564453,81.1309814453125,58.8421440124512,73.9372863769531,80,75,79,74.9372863769531,79.6540069580078,436.552062988281,386.117340087891,393.357086181641,390.695404052734,409.433441162109,391.562255859375,400.288848876953,434.489349365234,425.276092529297,428.207824707031,415.412628173828,427.736419677734,482.562225341797,114.424102783203,249.215530395508,201.664596557617,367.212219238281,125.096031188965,2.51210001146921
98.3879814931906,39.1620548111905,61.7999993264675,-5.75721263885498,-12.3722324371338,-91.4708786010742,960.804138183594,-0.214231535792351,-13.7432336807251,13.5290021896362,4.48364114761353,-15.0009994506836,5.63281393051147,-17.9818496704102,250.522964477539,80.0196151733398,0.376031577587128,122.998649597168,182.297668457031,1.78033757209778,122.37776184082,1.97603166103363,-0.0179184829711914,0.0220374930649996,0.0893125534057617,0.325000017881393,10,2001,3824.44311523438,108.430198669434,144.430206298828,124.860397338867,138,114.860397338867,141.569793701172,202.162399291992,153.290603637695,169.290603637695,165.569793701172,174.290603637695,151.569793701172,211.037017822266,320.592590332031,228.76921081543,247.943008422852,226.478607177734,277,174.535598754883,184.418807983398,185.290603637695,186.139602661133,176.581192016602,185.418807983398,347.498596191406,62.5811996459961,230.546997070312,131.185195922852,284.743591308594,80.4415969848633,363.581207275391,53.4301986694336,282.222198486328,159.883193969727,338.034210205078,85.1282043457031,60.1395988464355,73.4301986694336,80,75,79,74.4301986694336,79.4301986694336,421.906005859375,396.244995117188,399.546997070312,399.256408691406,410,401.256408691406,402.988586425781,419.336181640625,415.732208251953,415.173797607422,412.848999023438,413.464385986328,460.031372070312,110.860397338867,234.034194946289,180.23078918457,345.834777832031,104.917388916016,2.51232939557289
98.3969646460318,39.1620548111905,61.2000003457069,-5.40420198440552,-12.6325654983521,-92.9356842041016,970.358947753906,0.0549435801804066,-13.5378618240356,13.5928058624268,4.85650777816772,-14.7549962997437,6.0053505897522,-17.8220691680908,244.161895751953,77.7765731811523,0.366583168506622,123.061592102051,177.993255615234,1.68091762065887,119.923431396484,1.96658325195312,-0.0173183334350586,0.0222056023776531,0.091052882373333,0.275000005960464,10,2001,3672.20068359375,107.577102661133,144.845794677734,124,138,113.577102661133,143.268707275391,190.656494140625,149.462600708008,162.925186157227,159.233581542969,166.233581542969,148.616790771484,221.238174438477,320.920623779297,239.312973022461,258.77099609375,232.81526184082,281.22900390625,181.462600708008,188.691604614258,178.925186157227,181.079391479492,171.039688110352,183.348098754883,311.661071777344,57.4625968933105,212.471755981445,117.039695739746,264.31298828125,70.6564865112305,355.925201416016,52.5770988464355,287.581665039062,157.651901245117,319.696197509766,85.6167907714844,61.4229011535645,74.6916046142578,80,75.8458023071289,79.4228973388672,75.2686996459961,79.4228973388672,421.68701171875,421.801513671875,414.880920410156,414.189300537109,420.149627685547,420.841217041016,396.273284912109,389.506866455078,406.77099609375,405.308410644531,408.233581542969,396.387786865234,413.577087402344,95.6213760375977,223.731292724609,149.387786865234,311.462585449219,86.0396957397461,2.51255877967657
98.405947798873,39.1620548111905,79.4000029563904,-4.65461206436157,-13.2200708389282,-97.0247192382812,993.809509277344,0.587840139865875,-13.0408506393433,13.6286907196045,5.67838954925537,-14.2849988937378,6.84730911254883,-17.5072803497314,235.147491455078,74.3656692504883,0.309842884540558,122.418746948242,171.121139526367,1.60984289646149,115.759010314941,1.90984296798706,-0.0167181854248047,0.0223737116903067,0.100048311054707,0.550000011920929,10,2001,3567.37573242188,107.898162841797,146.411834716797,124.276023864746,137.723983764648,114.174179077148,145.341735839844,182.223449707031,140.072143554688,151.872848510742,146.429275512695,154.25732421875,138.764389038086,200.496276855469,329.674713134766,225.483123779297,260.049468994141,213.498519897461,292.095428466797,174.004287719727,184.647155761719,172.013153076172,171.221206665039,165.28254699707,178.047134399414,296.670562744141,58.0088691711426,175.613311767578,113.214683532715,244.686706542969,66.3637542724609,343.492736816406,52.622142791748,272.788635253906,163.78092956543,306.886108398438,80.7327499389648,59.4457168579102,76.1675567626953,80,76.8597946166992,79.9299011230469,76.7896957397461,79.9299011230469,435.516876220703,437.338317871094,425.251861572266,423.084289550781,431.765533447266,434.209106445312,390.408752441406,378.014556884766,403.081115722656,405.764587402344,402.881805419922,387.537841796875,406.169586181641,100.189033508301,235.735290527344,135.29345703125,306.212432861328,87.1830520629883,2.51278816378025
98.4149309517142,39.1620548111905,79.4000029563904,-5.15886116027832,-12.9326324462891,-92.2781143188477,997.957824707031,0.294725924730301,-13.7397089004517,14.0344352722168,5.2642388343811,-14.8425855636597,6.40334224700928,-18.0341033935547,239.156555175781,75.448974609375,0.300000011920929,122.746963500977,174.456466674805,1.60172843933105,118.518974304199,1.90000009536743,-0.0161180358886719,0.0225418210029602,0.100048311054707,0.525000035762787,10,2001,3573.39599609375,108.96150970459,147.565994262695,124.782997131348,137.604476928711,115.744506835938,146.436828613281,180.813446044922,129.541015625,143.714309692383,138.368148803711,147.587966918945,129.623641967773,198.565994262695,332.148071289062,224.881698608398,265.71337890625,213.367889404297,299.697296142578,165.601226806641,176.486434936523,173.138305664062,169.173965454102,163.448379516602,179.591217041016,312.709075927734,65.4705276489258,167.416885375977,116.995880126953,242.09245300293,73.3333282470703,336.803253173828,53.9534683227539,267.834747314453,164.661880493164,306.435119628906,78.392692565918,55.8571548461914,75.3048477172852,80,76.8708419799805,79.8708419799805,76.7416839599609,79.8708419799805,434.0517578125,430.569671630859,424.021301269531,422.328979492188,430.625793457031,431.551208496094,400.217864990234,392.943878173828,403.494232177734,408.497039794922,405.925842285156,388.203735351562,408.536712646484,130.10710144043,258.687713623047,130.330749511719,307.935668945312,95.4400787353516,2.51301754788393
98.4239141045554,39.1620548111905,60.199998319149,-6.25984954833984,-12.2195692062378,-83.1662216186523,993.520874023438,-0.393869549036026,-15.1002101898193,14.7063398361206,4.25631380081177,-15.9191398620605,5.34662532806396,-18.9732990264893,250.42692565918,79.0366592407227,0.31204479932785,122.634346008301,182.488418579102,1.65305542945862,123.547294616699,1.91204488277435,-0.0155178863525391,0.0227099284529686,0.100048311054707,0.325000017881393,10,2001,3931.1689453125,108.091667175293,148,125,138.908325195312,115.091667175293,146.363891601562,184.724990844727,130.633331298828,146.905548095703,141.269439697266,150.633331298828,133.177764892578,199,327.366668701172,221.911117553711,249.919464111328,208.730560302734,289.552795410156,162.636108398438,182.358322143555,186.174987792969,182.719421386719,172.358322143555,186.905548095703,349.711090087891,73.3611068725586,199.072174072266,135.536087036133,268.530517578125,83.5416564941406,354.624969482422,55.908332824707,262.911102294922,161.547225952148,321.355529785156,76.7277755737305,57.4527740478516,74.3638916015625,80,76.3638916015625,79.3638916015625,75.7277755737305,79.3638916015625,428.911102294922,408.555572509766,415.186126708984,412.913909912109,423.094451904297,418.733337402344,407.816650390625,409.086090087891,399.002777099609,404.366668701172,404.547241210938,393.997222900391,462.424926757812,116.833366394043,262.730560302734,147.716644287109,330.533294677734,99.6361083984375,2.51324693198761
98.4778130216026,39.1620548111905,45.6999987363815,-7.59370470046997,-11.7418451309204,-75.7813262939453,1005.71850585938,-1.19313943386078,-16.7040004730225,15.5108604431152,3.22612476348877,-17.4028549194336,4.24013376235962,-20.3177127838135,260.083038330078,82.1966247558594,0.400000005960464,122.716812133789,189.766906738281,1.79999995231628,128.212890625,2,-0.0182764373779297,0.0214143674820662,0.0902932733297348,0.275000005960464,10,2001,4004.88232421875,109,145.408737182617,124.817481994629,137.591262817383,114.408744812012,142,211.817489624023,152.861190795898,166.226226806641,153.861190795898,171,146.269927978516,227.606628417969,301.08740234375,237.789138793945,241.956298828125,233.154174804688,264.226226806641,181.730072021484,192.095108032227,192.912582397461,186.773773193359,189.547546386719,189.591262817383,306.686370849609,80.0513916015625,201.007690429688,125.503845214844,264.927947998047,85.3650360107422,344.066772460938,64.7300643920898,276.694030761719,157.948608398438,313.154174804688,87.4087448120117,59.9125823974609,72.2262268066406,77.2262268066406,73.6349639892578,76.8174819946289,73.6349639892578,76.8174819946289,442.766082763672,419.992309570312,431.174835205078,427.539855957031,432.539855957031,419.401062011719,375.91259765625,387.91259765625,375.91259765625,385.686370849609,377.91259765625,390.007690429688,448.809783935547,128.650329589844,267.722381591797,181.861190795898,377.138793945312,133.277618408203,2.5146232366097
98.5047624801261,39.1620548111905,72.0999985933304,-8.17924118041992,-11.5697069168091,-74.0188827514648,1005.71557617188,-1.64226830005646,-17.2999172210693,15.6576490402222,2.75080633163452,-17.9828033447266,3.71291661262512,-20.8353576660156,264.443359375,83.6992340087891,0.400000005960464,123.178276062012,193.541839599609,1.83341681957245,130.784942626953,2,-0.0172816696166992,0.0212363582104445,0.0908725187182426,0.400000005960464,10,2001,4021.93408203125,108.62183380127,146.378173828125,124.62183380127,138.378173828125,114.62183380127,142.756332397461,212.512680053711,154.512680053711,169.512680053711,159.890853881836,174.269012451172,150.134506225586,207.294372558594,340.520385742188,231.890853881836,266.75634765625,217.538040161133,300.058441162109,165.672546386719,180.538040161133,175.025360107422,176.756332397461,164.403533935547,184.487319946289,327.571105957031,69.5380401611328,212.017654418945,126.62183380127,240.555694580078,83.5380401611328,345.177520751953,60.7309799194336,272.933868408203,160.840133666992,320.504974365234,89.6218338012695,60.0253601074219,74.6218338012695,80,76.6218338012695,79,76.6218338012695,79.3781661987305,445.436614990234,429.007720947266,434.192932128906,424.352813720703,441.192932128906,426.923919677734,388.512664794922,391.076080322266,390.538024902344,398.890838623047,394.403533935547,388.210601806641,464.444305419922,126.18522644043,274.898559570312,209.352813720703,383.218292236328,133.730987548828,2.51531138892075
98.5137456329673,39.1620548111905,102.899998426437,-7.60832405090332,-12.0511074066162,-78.6263275146484,1014.07855224609,-1.29494333267212,-16.649923324585,15.3549795150757,3.3516309261322,-17.5256576538086,4.31825590133667,-20.4243221282959,259.267395019531,81.0125503540039,0.400000005960464,122.185150146484,189.055099487305,1.83341681957245,128.690734863281,2,-0.016950080871582,0.0211770236492157,0.0908725187182426,0.675000011920929,10,2001,4027.97045898438,108.524948120117,146,125,138.475051879883,114.524948120117,142.475051879883,216.700607299805,160.125762939453,179.401214599609,172.726577758789,186.251525878906,160.401214599609,195.34928894043,349.199584960938,220.974029541016,261.724548339844,204.449081420898,308,169.501007080078,185.976058959961,174.850311279297,175.049896240234,170.976058959961,187.425155639648,362.027984619141,66.9001998901367,211.151718139648,133.175659179688,249.403244018555,80.9001998901367,342.051940917969,63.9500999450684,251.950103759766,158.824340820312,313.550903320312,91.9001998901367,57,75,80.4750518798828,77,79,76.5249481201172,79.9501037597656,451.099792480469,430.173645019531,433.874237060547,422.249481201172,439.924133300781,423.648681640625,379.399200439453,384.375244140625,391.225555419922,402.700622558594,389.099792480469,388.926177978516,499.301422119141,130.876266479492,291.750518798828,228.151718139648,387.475036621094,147.401214599609,2.51554077302443
98.5227287858085,39.1620548111905,102.899998426437,-7.54905128479004,-12.1961994171143,-80.051155090332,1017.20294189453,-1.29101538658142,-16.5338039398193,15.242787361145,3.45126438140869,-17.5023498535156,4.41311311721802,-20.4126796722412,257.622100830078,79.7246398925781,0.400000005960464,121.502082824707,187.430160522461,2.09219574928284,128.219650268555,2.28765249252319,-0.0166184906005859,0.0211176872253418,0.0908725187182426,0.699999988079071,10,2001,4090.5439453125,108.346672058105,145.015121459961,123.686836242676,137.99674987793,114.018379211426,141.99674987793,218.511657714844,166.4111328125,187.947662353516,185.14729309082,194.554473876953,168.947662353516,184.646133422852,346.460205078125,207.738037109375,260.776611328125,195.987426757812,306.030242919922,178.647521972656,199.240325927734,183.798950195312,178.632827758789,180.629135131836,186.975112915039,400.122802734375,83.3712539672852,240.193511962891,158.801895141602,304.475677490234,98.3561248779297,387.236480712891,65.2915267944336,285.463989257812,161.102783203125,336.78564453125,91.9567337036133,57.3282890319824,74.3434219360352,80.3250350952148,76.3434219360352,78.6717071533203,75.6900939941406,79.9783706665039,437.583343505859,405.990997314453,414.785552978516,407.991668701172,421.463745117188,400.300903320312,383.769134521484,394.458770751953,402.050445556641,413.37548828125,397.907104492188,412.723999023438,495.757659912109,132.378601074219,285.326019287109,222.394729614258,385.68359375,150.038436889648,2.51577015712811
98.5317119386497,39.1620548111905,97.900003194809,-8.00454521179199,-11.9043712615967,-76.9654312133789,1013.85467529297,-1.58034718036652,-17.0506362915039,15.4702892303467,3.04470109939575,-17.9259033203125,3.9715313911438,-20.7688179016113,262.343109130859,81.1653137207031,0.404146581888199,121.456001281738,190.768142700195,2.29964137077332,130.223403930664,2.54317283630371,-0.0168391021728516,0.0211026836186647,0.0908725187182426,0.600000023841858,10,2001,4220.517578125,108.653289794922,143.858596801758,122.568405151367,136.858596801758,114.181549072266,140.858596801758,215.05192565918,165.931503295898,184.813842773438,181.1962890625,188.462524414062,163.998352050781,187.349609375,344.345275878906,208.171020507812,267.635589599609,204.113189697266,302.627899169922,179.310989379883,206.946563720703,195.205627441406,190.226425170898,181.129440307617,187.985061645508,411.5107421875,100.649398803711,251.247482299805,178.435272216797,337.154235839844,114.975318908691,413.428100585938,61.2961082458496,316.586090087891,171.091125488281,358.89794921875,87.7201385498047,58.3794822692871,73.3303298950195,79.3303298950195,75.3303298950195,78.1651611328125,75.1651611328125,78.495491027832,421.596252441406,392.37158203125,400.956390380859,396.347839355469,409.041259765625,388.295715332031,399.0927734375,400.028564453125,403.821594238281,413.425750732422,409.829315185547,423.537658691406,478.540985107422,117.61262512207,275.587371826172,190.647827148438,371.989410400391,137.968353271484,2.51599954123179
98.5406950914909,39.1620548111905,99.7999981045723,-8.7189826965332,-11.4521436691284,-72.6515808105469,1008.80456542969,-2.065593957901,-17.8360824584961,15.7704887390137,2.38968563079834,-18.5756759643555,3.2660596370697,-21.3244037628174,272.607849121094,84.2443237304688,0.470982521772385,119.465858459473,195.473861694336,2.47087812423706,132.262252807617,3.42277312278748,-0.0172465682983398,0.0211026836186647,0.0908725187182426,0.600000023841858,10,2001,4311.67041015625,108.416412353516,144.41096496582,124.405532836914,137.306488037109,114.792549133301,141.41096496582,220.869827270508,168.537887573242,188.359817504883,180.681121826172,195.928604125977,162.444290161133,207.77214050293,333.479339599609,222.550109863281,272.912506103516,223.887496948242,299.683532714844,184.159332275391,217.420104980469,204.256851196289,205.132125854492,185.262298583984,198.242050170898,411.040191650391,94.8484649658203,236.771179199219,162.141204833984,338.926635742188,103.870223999023,388.392181396484,50.0171585083008,282.921752929688,166.971450805664,366.034820556641,83.5665969848633,59.890079498291,73.0348281860352,78.9651718139648,75.0348281860352,77.9651718139648,75.0348281860352,77.9651718139648,420.741394042969,395.523071289062,406.686340332031,399.530029296875,412.627563476562,395.173919677734,395.099273681641,386.744873046875,388.403564453125,395.337860107422,402.075317382812,405.895965576172,494.447814941406,116.523979187012,288.870574951172,186.756881713867,342.084930419922,138.072738647461,2.51622892533547
98.5496782443321,39.1620548111905,99.3999987840652,-8.78832817077637,-11.4130344390869,-72.2805862426758,1010.22344970703,-2.0865159034729,-17.8795890808105,15.7930727005005,2.36474704742432,-18.6697940826416,3.22810006141663,-21.4009075164795,275.900146484375,84.9393310546875,0.5,118.59391784668,196.705825805664,2.5,132.860061645508,3.81340527534485,-0.0176540344238281,0.0211026836186647,0.0908725187182426,0.600000023841858,10,2001,4266.857421875,109.623977661133,145.541320800781,125.458671569824,136.917343139648,116.623977661133,142.541320800781,223.834701538086,166.669403076172,188.752044677734,176.045425415039,199.752044677734,159.210723876953,199.640350341797,321.04541015625,211.181671142578,266.797454833984,217.429626464844,285.384216308594,191.330596923828,223.541320800781,208,211.917343139648,189.082656860352,206.623977661133,435.855560302734,102.322418212891,243.111694335938,173.855560302734,333,111.653022766113,398.892791748047,59.9463958740234,296.260620117188,176.239761352539,366.541320800781,86.9545822143555,58.2933731079102,73.5413284301758,78.4586715698242,75.5413284301758,77.4586715698242,75.5413284301758,77.4586715698242,421.834686279297,398.293365478516,411.834686279297,407.247955322266,416.917358398438,407.413269042969,386.834686279297,378.165313720703,379.706634521484,380.834686279297,393.458679199219,384.962768554688,481.603118896484,104.760231018066,262.776611328125,178.384216308594,319.04541015625,124.594932556152,2.51645830943916
97.5345819732771,39.1530716583493,51.6000017523766,-5.8536491394043,-13.9093685150146,-121.160163879395,962.445373535156,-1.20000004768372,-12.6819257736206,11.4819259643555,4.56112146377563,-15.0276613235474,5.78386068344116,-18.0697727203369,201.378387451172,63.6126937866211,0.5,124.652519226074,145.312698364258,2.04016256332397,96.6999969482422,3.20000004768372,-0.0174642364501953,0.025573218241334,0.0983394756913185,0.200000002980232,10,2001,3817.40771484375,119.626052856445,146.373947143555,130.373947143555,138.747894287109,126.373947143555,146.373947143555,213,154.869750976562,180,166.747894287109,190.747894287109,144.747894287109,235.008392333984,301.113464355469,238.252105712891,260.113464355469,231.130249023438,283.609252929688,222.235305786133,223.861358642578,228.617645263672,224.861358642578,213.373947143555,233.487396240234,182.878143310547,48.373950958252,111.36555480957,103.121849060059,146.373947143555,62.1218490600586,218.756301879883,53.7479019165039,152.88655090332,99,173.642852783203,71.2520980834961,25,78.3739471435547,80,80,79.3739471435547,80,80,410.138641357422,415.260498046875,406.382354736328,402.008392333984,416.130249023438,399.756286621094,367.626037597656,360.878143310547,364.373962402344,372.756286621094,369.495788574219,366.756286621094,266.798278808594,65.7479019165039,146.121856689453,153.983200073242,252.894943237305,71.2436981201172,2.49110932660319
97.5435651261183,39.1530716583493,51.6000017523766,-5.77214479446411,-14.0680704116821,-124.298095703125,961.808776855469,-1.20000004768372,-12.5198011398315,11.3198013305664,4.64871215820312,-14.936484336853,5.88635158538818,-17.9736213684082,200.038650512695,62.8339996337891,0.5,124.018188476562,144.015838623047,2.02281999588013,96.1818237304688,3.20000004768372,-0.0172382461547852,0.0258941892534494,0.0983394756913185,0.200000002980232,10,2001,3805.01806640625,121.434898376465,146.478302001953,131.43489074707,138.478302001953,127.913192749023,146.478302001953,214.43489074707,156.348083496094,181.913192749023,168.86979675293,191.43489074707,147.348083496094,238.956604003906,296.521697998047,239,259.826385498047,231.56510925293,274.173614501953,211.26042175293,218.043395996094,223.608505249023,221.43489074707,208.6953125,228.521697998047,189.261276245117,55.1744766235352,109.434898376465,102.956596374512,142.651916503906,66.2612838745117,224.348083496094,52.5217018127441,160.348083496094,101.869789123535,175.217010498047,74.8697891235352,25,78.4783020019531,80,80,79,80,80,414.521697998047,415.173614501953,407.086791992188,398.303833007812,419.434906005859,396.738708496094,374.217864990234,366.782989501953,368.782989501953,380.261291503906,371.348083496094,374.739593505859,276.825531005859,65.9565963745117,150.261276245117,145.608505249023,248.520843505859,71.8697891235352,2.49133876333601
97.5525482789594,39.1530716583493,50.5999997258186,-5.69183778762817,-14.2296352386475,-127.753120422363,961.272094726562,-1.20000004768372,-12.3403091430664,11.1403093338013,4.73649120330811,-14.8385210037231,5.98811817169189,-17.8718547821045,199.469833374023,62.7799491882324,0.5,123.51895904541,143.27995300293,2.11949944496155,95.5,3.31949949264526,-0.0170122573852539,0.0262151602655649,0.101887226104736,0.200000002980232,10,2001,3789.677734375,123.957229614258,146.657943725586,132.634963989258,138.988510131836,130.615173339844,146.657943725586,214.643264770508,163.886367797852,186.929138183594,174.906158447266,192.634963989258,154.886367797852,241.629852294922,294.028106689453,242.966796875,259.941284179688,232.348434448242,267.447387695312,207.45182800293,214.378448486328,222.37971496582,223.296096801758,201.458877563477,227.350357055664,186.609466552734,57.2080345153809,109.973831176758,104.638153076172,141.063827514648,67.9068222045898,221.638824462891,52.0114898681641,154.663726806641,98.6503067016602,163.834136962891,77.2699356079102,25.6611328125,79.3190765380859,80.33056640625,79.66943359375,79.6611328125,80,80.33056640625,414.672607421875,418.694946289062,410.665588378906,396.780487060547,425.262878417969,400.051666259766,377.875549316406,366.926605224609,366.943206787109,379.923431396484,373.266754150391,372.597961425781,261.569305419922,66.3158874511719,154.220794677734,146.03254699707,226.689315795898,80.5506896972656,2.49156820006883
97.5705145846418,39.1530716583493,53.1999990344048,-5.52904224395752,-14.509241104126,-132.969818115234,961.218322753906,-1.10000002384186,-12.0133256912231,10.9133253097534,4.92607355117798,-14.6497421264648,6.21143102645874,-17.6794261932373,199.731628417969,62.6218872070312,0.5,122.848220825195,142.780654907227,2.34123134613037,95.1587753295898,3.64123106002808,-0.0165602798461914,0.026857104152441,0.102866560220718,0.266666680574417,10,2001,3736.1943359375,126.728179931641,146,133.456359863281,140.421203613281,132.657852172852,146.693023681641,207.043395996094,160.630432128906,183.814956665039,170.569564819336,189.052124023438,153.297744750977,240.048034667969,295.805084228516,248.197418212891,260.637298583984,231.601135253906,269.613037109375,217.19255065918,201.577590942383,217.261154174805,210.752166748047,198.867385864258,210.708267211914,152.780014038086,46.6226997375488,105.709991455078,92.9029693603516,130.200500488281,57.2630844116211,207.920227050781,56.1229515075684,131.525451660156,84.7897644042969,147.429428100586,75.3421401977539,25.543643951416,80,81,79.6930160522461,81,80.03515625,81,419.299468994141,437.605743408203,427.097259521484,415.974792480469,434.833648681641,424.623931884766,363.507995605469,360.816680908203,355.6767578125,373.273040771484,366.956817626953,365.32568359375,230.964553833008,65.03515625,149.674118041992,126.840385437012,192.095016479492,76.2363739013672,2.49202707353447
97.579497737483,39.1530716583493,50.9000010788441,-5.44764423370361,-14.6419992446899,-135.0771484375,961.943725585938,-1.02983593940735,-11.8699979782104,10.8401622772217,5.03371953964233,-14.5683336257935,6.33602046966553,-17.594669342041,199.556503295898,62.5718193054199,0.541984379291534,122.72582244873,142.671813964844,2.44198441505432,94.9740447998047,4.02378129959106,-0.0163761047363281,0.0271411277353764,0.102866560220718,0.25,10,2001,3723.755859375,127.545303344727,146,135.090606689453,141.545303344727,132.454696655273,147,203.36408996582,151.637588500977,177.273498535156,165.454696655273,185.273498535156,149,207.191329956055,282.550354003906,217.281936645508,239.734954833984,202.008438110352,263.093994140625,214.546997070312,191.365783691406,202.458084106445,194.003372192383,191.729888916016,193.548675537109,146.63591003418,45.9093971252441,101.72819519043,88.0905990600586,120.182891845703,56.5452995300293,202.001693725586,57.4547004699707,125.092292785645,86.7265014648438,144.36408996582,75.5453033447266,23.9093971252441,80,81,80,81,80.5453033447266,81,428.179504394531,441.181213378906,432.817108154297,424.453002929688,437.181213378906,432.998321533203,357.273498535156,367.453002929688,365.270111083984,381.543609619141,371.543609619141,373.90771484375,227.27180480957,65.5453033447266,140.184585571289,112.72819519043,180.546997070312,71.7265014648438,2.49225651026729
97.5884808903242,39.1530716583493,49.100000411272,-5.38191080093384,-14.7618417739868,-136.77326965332,964.141845703125,-1,-11.7941417694092,10.7941417694092,5.13577079772949,-14.5201082229614,6.4493465423584,-17.5486164093018,199.078918457031,62.4829292297363,0.559837400913239,122.921936035156,142.536911010742,2.45983743667603,95.0434188842773,3.85257339477539,-0.0162336318969727,0.0273883063346148,0.102866560220718,0.225000008940697,10,2001,3711.994140625,129.192810058594,146.795211791992,136,142.397598266602,132.795211791992,147,198.819183349609,144.421569824219,171.421569824219,161.421569824219,179.023971557617,145.819183349609,192.916107177734,280.723297119141,204.313705444336,227.337677001953,190.916107177734,264.735290527344,210.397598266602,186.988021850586,192.397598266602,181.614379882812,187.578430175781,181.216781616211,150.385620117188,45,97.4095916748047,86.6143798828125,115.409591674805,56.6023979187012,190.63835144043,55.0119857788086,122.192810058594,88.2047958374023,141.409591674805,75.6023941040039,24.9880142211914,80.3976058959961,81.3976058959961,80.3976058959961,81.3976058959961,81,81.3976058959961,428.240753173828,443.397613525391,431.626373291016,426.216766357422,430.650329589844,438.397613525391,361.361633300781,369.614379882812,376.578430175781,392.168823242188,381.771240234375,380.385620117188,231.590408325195,64.4095916748047,133.988021850586,108.409591674805,172.023971557617,71.6143798828125,2.49248594700012
98.3879814931906,39.1530716583493,57.9000003635883,-5.37296104431152,-12.5959825515747,-92.5788192749023,969.494445800781,0.130936786532402,-13.4771299362183,13.6080675125122,4.87436676025391,-15.6320781707764,6.04301452636719,-17.78125,243.513412475586,78.0866851806641,0.241853788495064,123.927459716797,178.272262573242,1.40284991264343,119.922538757324,1.58259201049805,-0.0180741577148438,0.0222168751060963,0.0909442529082298,0.300000011920929,10,2001,3659.3720703125,108,145.773818969727,125,137.365097045898,113.591270446777,143.591278076172,181.686538696289,131.503997802734,153.365097045898,145.365097045898,159.503997802734,133.547637939453,195.496002197266,329.146911621094,221.051635742188,259.869079589844,209.408721923828,286.738159179688,176.861099243164,181.861099243164,176.182540893555,184.32145690918,177.591278076172,191.007995605469,302.119262695312,57.6865425109863,177.869079589844,120.13890838623,234.96435546875,68.6865386962891,327.174560546875,51.5039978027344,256.146911621094,160.547637939453,298.190551757812,71.5912704467773,55.9563636779785,76,80,77,79,77,80,442.642913818359,441.956359863281,436.234161376953,426.912719726562,437.460357666016,430.956359863281,380.496002197266,375.773803710938,387.583282470703,388.765838623047,384.948364257812,378.03564453125,459.424713134766,114.96435546875,258.103271484375,158.432708740234,328.781799316406,113.658889770508,2.51290581622118
98.3969646460318,39.1530716583493,65.0999993085861,-4.96417999267578,-12.9072065353394,-94.1531143188477,983.551574707031,0.441040754318237,-13.272141456604,13.7131824493408,5.32687473297119,-15.7369403839111,6.50280809402466,-17.6380939483643,237.679122924805,76.599967956543,0.179512187838554,124.674530029297,174.772705078125,1.23853659629822,117.438407897949,1.41804873943329,-0.0177806579589844,0.0219607539474964,0.0915198847651482,0.375,10,2001,3520.62475585938,109.047592163086,145.038177490234,125.785697937012,136.384231567383,114.655555725098,144.131759643555,171.689392089844,124.354370117188,146.622467041016,139.408157348633,149.997283935547,127.624076843262,204.217025756836,316.012054443359,217.144897460938,257.500396728516,214.89192199707,275.19140625,180.410873413086,187.244171142578,177.525405883789,181.066940307617,177.869857788086,182.732421875,281.683135986328,56.0701637268066,167.38151550293,114.755828857422,221.010437011719,65.4987716674805,339.935791015625,48.544750213623,241.964447021484,161.957244873047,292.305419921875,73.1793518066406,53.1589012145996,76,79.7380981445312,77,79,77,79.7380981445312,434.300567626953,438.111297607422,429.218048095703,425.508178710938,431.441741943359,429.206512451172,385.288543701172,373.990570068359,392.994659423828,393.424865722656,390.688385009766,388.061096191406,422.428771972656,111.224487304688,247.147018432617,126.779914855957,309.294647216797,89.0273132324219,2.513135252954
98.405947798873,39.1530716583493,69.300003349781,-5.22321128845215,-12.8279819488525,-90.9851303100586,993.713317871094,0.308384984731674,-13.8105936050415,14.1189785003662,5.17561674118042,-15.0369434356689,6.31814622879028,-18.0312004089355,240.193099975586,77.2000961303711,0.282188504934311,124.326805114746,176.487747192383,1.54656553268433,118.71070098877,1.82875406742096,-0.0174871566772461,0.0217046309262514,0.0944952145218849,0.450000017881393,10,2001,3539.20288085938,110.730682373047,146.537139892578,127.191871643066,138.191040039062,117.383750915527,145.960861206055,164.118255615234,119.925720214844,136.697860717773,131.235000610352,141.004821777344,121.310958862305,208.580795288086,316.72900390625,223.690887451172,263.502532958984,221.733535766602,280.111083984375,180.654739379883,189.196212768555,181.000183105469,181.4638671875,178.616424560547,185.538146972656,307.647613525391,63.5749626159668,161.922210693359,110.732177734375,218.231018066406,70.7666625976562,343.582458496094,53.1502342224121,243.530288696289,168.461547851562,300.959533691406,76.2311859130859,52.6913681030273,76,79.3460998535156,77,79.1150894165039,76.8849105834961,79.2310104370117,432.695709228516,434.234344482422,430.733367919922,430.154571533203,432.310485839844,429.271148681641,386.649566650391,376.338409423828,387.612579345703,388.381561279297,389.188171386719,385.190673828125,400.217102050781,120.625648498535,256.225524902344,124.65055847168,295.1572265625,94.1164474487305,2.51336468968682
98.4149309517142,39.1530716583493,50.7999993860722,-5.83694982528687,-12.5102128982544,-86.0908279418945,997.849548339844,-0.0578209795057774,-14.5933885574341,14.5355672836304,4.67513513565063,-15.5482378005981,5.78506803512573,-18.6462860107422,246.849639892578,79.0982437133789,0.300000011920929,123.762924194336,180.762268066406,1.60517239570618,121.527191162109,1.90000009536743,-0.0171936569213867,0.0214485097676516,0.0944952145218849,0.349999994039536,10,2001,3655.39233398438,110.13353729248,148.24430847168,127.37784576416,139.622161865234,117.75569152832,146.377838134766,161.622161865234,116.511383056641,130.511383056641,126.75569152832,135.511383056641,117.75569152832,199.690444946289,318.622161865234,222.778457641602,255.446136474609,213.446136474609,284.866455078125,179.133529663086,181.179061889648,179.022766113281,176.534149169922,176.267074584961,184.022766113281,304.735961914062,63.4006080627441,165.465850830078,109.62215423584,218,72.7556915283203,332.201812744141,57.4886169433594,257.176025390625,165.289840698242,299.911987304688,74.0227661132812,54.4886169433594,76,79.6221542358398,77,79.6221542358398,76.3778457641602,79,426.289825439453,429.022766113281,424.423370361328,426.289825439453,426.045532226562,425.400604248047,394.576629638672,389.798187255859,396.176025390625,397.176025390625,398.3095703125,390.576629638672,434.482543945312,95.9377975463867,260.755676269531,129.355087280273,294.221557617188,87.4461364746094,2.51359412641964
98.4688298687614,39.1530716583493,60.199998319149,-8.60934829711914,-11.089789390564,-68.273681640625,1008.77478027344,-1.69854354858398,-17.9635047912598,16.2649612426758,2.38964700698853,-18.4776382446289,3.34614968299866,-21.2698860168457,272.457672119141,86.8033447265625,0.400000005960464,123.028526306152,198.390808105469,2.17849540710449,133.183227539062,2.2703537940979,-0.0187287185668945,0.0213785152882338,0.0902932733297348,0.400000005960464,10,2001,4142.873046875,109.604843139648,139.975784301758,121.185470581055,135.185470581055,114,138.185470581055,205.072631835938,155.911376953125,170.701690673828,161.306533813477,177.09684753418,152.516220092773,214.701690673828,301.185485839844,232.395156860352,246.048416137695,219.121063232422,270.814514160156,174.467788696289,188.653259277344,189.233901977539,189.419372558594,174.790313720703,192.443588256836,369.855163574219,102.871170043945,253.435806274414,156.798538208008,306.460021972656,114.661483764648,345.29052734375,71.5404281616211,270.072631835938,151.370941162109,324.564636230469,92.0726318359375,57.6048431396484,73.1854705810547,78.3951568603516,74.1854705810547,76.7903137207031,73.5806274414062,77.7903137207031,426.645050048828,411.548187255859,415.040191650391,405.806304931641,425.249877929688,406.991790771484,399.096832275391,399.403381347656,395.725891113281,404.774322509766,399.959808349609,400.564636230469,558.41162109375,133.370941162109,321.338958740234,195.064422607422,438.806762695312,139.693466186523,2.51497074681657
98.5227287858085,39.1530716583493,103.200003504753,-8.43909168243408,-11.4857158660889,-72.296875,1013.08911132812,-1.76147091388702,-17.6882400512695,15.9267692565918,2.61742234230042,-19.4186496734619,3.55085897445679,-21.1471557617188,269.489074707031,84.3914489746094,0.440162599086761,121.569961547852,195.27717590332,2.12943625450134,132.244522094727,2.24097561836243,-0.0177953018188477,0.0211176872253418,0.0908725187182426,0.724999964237213,10,2001,4015.70678710938,109.158363342285,143.168334960938,125.178314208984,135.831665039062,114.821685791016,140.009979248047,212.159866333008,157.684875488281,172.873168945312,164.051513671875,178.704864501953,152.853210449219,197.469253540039,345.295318603516,223.874435424805,271.684722900391,206.667556762695,310.148345947266,178.841598510742,194.000137329102,184.91162109375,187.198318481445,171.911529541016,199.405197143555,345.469604492188,76.3551254272461,203.088653564453,144.503646850586,231.369689941406,92.9586334228516,349.957214355469,71.2409591674805,247.436630249023,166.950073242188,327.542144775391,89.0185470581055,56.238224029541,74.2967224121094,79.8117065429688,76.2867431640625,78.8216857910156,75.4650573730469,78.9900207519531,435.910125732422,408.406463623047,413.811676025391,409.910125732422,423.326690673828,407.336578369141,385.248291015625,397.593383789062,401.276733398438,402.059906005859,405.415130615234,392.4365234375,495.843200683594,134.940185546875,274.403778076172,222.870254516602,362.566345214844,158.961456298828,2.51634736721349
98.5317119386497,39.1530716583493,103.200003504753,-8.07198047637939,-11.8157329559326,-75.3928680419922,1017.71173095703,-1.5574723482132,-17.2489185333252,15.6914463043213,3.00466775894165,-18.0865364074707,3.93941712379456,-20.8856353759766,266.936645507812,82.9337387084961,0.440162599086761,120.782173156738,192.839340209961,2.36741280555725,130.817428588867,2.52094388008118,-0.0179560195922852,0.0211026836186647,0.0908725187182426,0.75,10,2001,4038.12719726562,110.414947509766,143.718307495117,125,135.411697387695,115.043334960938,139.433364868164,219.802810668945,169.570922851562,183.657623291016,178.339096069336,192.685791015625,165.072570800781,191.15495300293,346.776763916016,222.443115234375,272.418151855469,202.421478271484,308.711761474609,174.510238647461,205.434417724609,190.727996826172,190.024856567383,170.278381347656,204.331497192383,367.979400634766,69.4821319580078,220.292510986328,150.638137817383,250.98371887207,92.7768325805664,351.206909179688,60.8635330200195,256.261138916016,166.84504699707,332.130004882812,88.3868103027344,55.7399711608887,74.3250274658203,80.6533050537109,76.9783325195312,78.9783325195312,75.9783325195312,79.6533050537109,434.365142822266,400.878662109375,410.646850585938,408.408477783203,424.743255615234,400.856994628906,391.124633789062,393.665252685547,398.625183105469,401.241638183594,405.28173828125,393.833160400391,504.373687744141,142.189651489258,279.591583251953,227.183181762695,363.591461181641,156.610000610352,2.51657680394631
98.5406950914909,39.1530716583493,115.99999666214,-8.17929744720459,-11.8044271469116,-75.3837738037109,1017.40106201172,-1.66680526733398,-17.3301086425781,15.6633033752441,2.9310028553009,-18.1226844787598,3.83772778511047,-20.9713745117188,269.516662597656,82.1672286987305,0.448164731264114,118.535003662109,192.166351318359,2.44810223579407,130.949966430664,2.64419007301331,-0.018247282409668,0.0211026836186647,0.0908725187182426,0.675000011920929,10,2001,4135.27978515625,112.584838867188,145.056564331055,125,137.11311340332,116.05655670166,141.641387939453,225.471725463867,186.452453613281,194.641387939453,190.584838867188,205.11311340332,178.226226806641,187.245498657227,356.622131347656,226.056564331055,282.980743408203,197.604095458984,317.037292480469,185.263519287109,218.339340209961,209.320083618164,206.848358154297,184.320083618164,212.867630004883,378.169677734375,62.9434432983398,231.056564331055,150.88688659668,272.33935546875,86.7737731933594,354.867614746094,48.962703704834,257.188934326172,170.754501342773,335.169677734375,81.1889343261719,57.5848350524902,74,80.4717178344727,76.4717178344727,78.4717178344727,75.4717178344727,79.4717178344727,426.66064453125,396.471710205078,401.604095458984,401.717224121094,419.132385253906,395.943450927734,388.075805664062,384.66064453125,389.075805664062,391.434417724609,396.019256591797,390.717224121094,519.074584960938,132.736480712891,270.434417724609,208.868850708008,386.131134033203,147.490982055664,2.51680624067913
98.5496782443321,39.1530716583493,96.2999984622002,-8.60912990570068,-11.5437107086182,-73.2828674316406,1013.48065185547,-1.96524810791016,-17.7303924560547,15.7651453018188,2.52071571350098,-18.5170021057129,3.42135882377625,-21.2942237854004,276.699798583984,84.7727661132812,0.5,118.053421020508,196.440246582031,2.55660104751587,132.82112121582,3.44742274284363,-0.0185385452270508,0.0211026836186647,0.0908725187182426,0.575000047683716,10,2001,4183.17529296875,114,146.763214111328,125.763206481934,138.618392944336,118.526412963867,144,231.105651855469,192.855194091797,197,190.091979980469,208.908020019531,180.855194091797,187.197647094727,344.867004394531,227.763214111328,279.170288085938,195.197647094727,309.591033935547,201.052825927734,225.908020019531,220.32878112793,219.473587036133,201.052825927734,218.236785888672,379.091979980469,63.9080200195312,230.091979980469,154.724060058594,276.091979980469,84.1448135375977,357.565582275391,50.6849021911621,244.749526977539,174.618392944336,331.512725830078,83.2504653930664,58.6183967590332,74.3816070556641,79.6183929443359,76.3816070556641,78,75.3816070556641,79,418.710388183594,397.526428222656,400.724060058594,400.434417724609,413.763214111328,397.671234130859,380.236785888672,375.947174072266,379.328765869141,380.091979980469,384.183959960938,384.091979980469,535.091979980469,117.328773498535,253.367919921875,185.802352905273,386.683013916016,135.947174072266,2.51703567741195
97.5076325147535,39.1440885055082,50.7000014185905,-6.22213554382324,-13.2084369659424,-106.954498291016,966.585510253906,-1.20000004768372,-13.5552377700806,12.3552379608154,4.17813777923584,-15.4662380218506,5.37031984329224,-18.5100879669189,204.912002563477,65.5122985839844,0.5,125.653953552246,148.533203125,2.09999990463257,98.2678146362305,2.20000004768372,-0.0186084930419922,0.0233632791787386,0.107532076537609,0.25,10,2001,3893.00903320312,115.955635070801,147.812118530273,127.514656066895,140.128463745117,123.415504455566,146.856475830078,233.966049194336,165.356109619141,191.976470947266,184.40625,204.033172607422,162.324081420898,240.841812133789,309.166656494141,243.495361328125,261.440551757812,236.826766967773,290.809783935547,224.739974975586,232.636199951172,237.919387817383,238.615356445312,215.849548339844,254.145065307617,206.704483032227,56.1435203552246,147.543975830078,113.738426208496,167.585647583008,67.7488479614258,229.712966918945,58.6959800720215,169.875381469727,111.890426635742,185.514663696289,78.2615737915039,29.856481552124,77.0443649291992,79,79.0443649291992,78.6581802368164,79.0443649291992,79,422.486511230469,437.250366210938,416.944427490234,410.296691894531,427.484558105469,406.631927490234,353.431701660156,330.212585449219,345.650848388672,351.087951660156,356.423217773438,339.881164550781,248.061721801758,87.3904113769531,145.823669433594,194.634994506836,224.346832275391,103.790870666504,2.49099254159495
97.5255988204359,39.1440885055082,48.9999987185001,-6.03185558319092,-13.5280532836914,-113.472564697266,965.034362792969,-1.20000004768372,-13.1282548904419,11.9282550811768,4.36451768875122,-15.2363538742065,5.5788631439209,-18.2993640899658,202.863143920898,64.6155166625977,0.5,125.600646972656,147.081237792969,2.09999990463257,97.6810989379883,2.49689364433289,-0.0175253005981445,0.0256531070917845,0.107532076537609,0.200000002980232,10,2001,3850.77880859375,115,144.183822631836,126,135.789215087891,122,144.183822631836,227.367645263672,157.394607543945,189.421569824219,171.605392456055,199.026962280273,148.789215087891,227.950988769531,281.421569824219,226.977966308594,247.583358764648,218.134811401367,266.897064208984,240.340682983398,242.946075439453,244.654403686523,251.129898071289,229.340682983398,269.1298828125,195.524505615234,55.1838226318359,140.578430175781,109.762252807617,150.762252807617,63.5784301757812,231.632354736328,51.7622528076172,163.156860351562,108.551467895508,185.816177368164,72.5514678955078,29,78,79,80,78.6053924560547,80,79,411.210784912109,423.762237548828,411.843139648438,400.210784912109,418.605407714844,394.816192626953,348.448547363281,333.291687011719,343.107849121094,348.659332275391,351.659332275391,336.053924560547,247.188751220703,66.6593170166016,134.448532104492,166,220.529418945312,75.8431396484375,2.49145152036718
97.5345819732771,39.1440885055082,48.3000017702579,-5.95397567749023,-13.6852607727051,-116.850570678711,964.075012207031,-1.20000004768372,-12.9170160293579,11.7170162200928,4.45574569702148,-15.1456241607666,5.67066669464111,-18.1999397277832,202.993560791016,64.5329055786133,0.5,124.699325561523,146.437637329102,2.09999990463257,97.0454483032227,3.20000004768372,-0.0172508941650391,0.0260280277580023,0.107532076537609,0.225000008940697,10,2001,3838.19262695312,116.830772399902,144.830780029297,127.830772399902,136.830780029297,123.830772399902,145.288467407227,220.880752563477,157,190.084609985352,172.45768737793,199.626922607422,148,237.169219970703,283.457702636719,236.338455200195,257.796142578125,227.54231262207,270.796142578125,239.661544799805,241.288467407227,237.661544799805,250.119247436523,228.203857421875,266.746154785156,192.288467407227,53.5423049926758,127.557655334473,98.3038177490234,144.796142578125,62,232.626922607422,48.5423049926758,159.084609985352,104.542304992676,186.54231262207,68.0846099853516,27.6269187927246,78.4576950073242,79.4576950073242,80,79,80,79.4576950073242,405.59228515625,415.965362548828,410.423065185547,395.965362548828,414.880767822266,390.965362548828,355.203857421875,343.203857421875,351.915374755859,353.915374755859,356.915374755859,342.288482666016,264.661560058594,68.2538375854492,137.084609985352,166.45768737793,238.238494873047,75.796142578125,2.4916810097533
97.5435651261183,39.1440885055082,48.0000004172325,-5.86366081237793,-13.8591394424438,-120.259338378906,962.872619628906,-1.20000004768372,-12.727710723877,11.5277109146118,4.54289674758911,-15.0442934036255,5.76841163635254,-18.0938491821289,200.729476928711,62.7530899047852,0.5,123.778778076172,144.331512451172,2.07707452774048,96.7191390991211,3.20000004768372,-0.0169764862060547,0.0264029484242201,0.107532076537609,0.200000002980232,10,2001,3823.6533203125,120.422157287598,146.252059936523,130.182098388672,138.562072753906,126.492111206055,146.910064697266,217.217849731445,157.620025634766,188.443923950195,173.278030395508,198.405944824219,148,232.957824707031,282.727966308594,232.255828857422,251.743743896484,225.481903076172,264.123718261719,245.294235229492,249.420364379883,246.704391479492,260.602447509766,232.396179199219,274.148315429688,188.949829101562,51.7919235229492,115.109497070312,88.2975921630859,139.983795166016,61.3799705505371,227.995803833008,48.0319786071777,155.893859863281,102.791923522949,177.351577758789,68.9240417480469,25.7859230041504,78.968017578125,79.968017578125,80,79.3100128173828,80,80.2780380249023,396.897644042969,406.941619873047,401.599609375,386.941619873047,409.977813720703,383.181671142578,358.466125488281,344.296020507812,351.385955810547,352.455932617188,357.93603515625,342.670013427734,270.604248046875,64.261833190918,134.513885498047,166.347991943359,250.834533691406,77.18408203125,2.49191049913941
97.5525482789594,39.1440885055082,48.0000004172325,-5.76968574523926,-14.0220775604248,-123.44352722168,962.24560546875,-1.17658019065857,-12.5408716201782,11.3642921447754,4.64468574523926,-14.9381332397461,5.87852191925049,-17.9832000732422,200.133209228516,62.7031631469727,0.5,123.635108947754,143.78955078125,2.04690837860107,96.2271118164062,3.20000004768372,-0.0167020782470703,0.0267778672277927,0.114525087177753,0.25,10,2001,3801.51171875,123.263938903809,145.359359741211,130.8203125,138.1796875,128.127700805664,145.539047241211,218.136245727539,158.640640258789,186.060531616211,173.008544921875,197.683837890625,148.487060546875,229.257781982422,286.076416015625,232.162353515625,249.872772216797,222.898406982422,262.043884277344,246.153335571289,250.16096496582,250.579177856445,262.305999755859,232.179458618164,273.204406738281,176.166900634766,49.5563774108887,114.65796661377,88.316162109375,136.095199584961,60.3593635559082,224.258010864258,48.97412109375,151.446014404297,100.718727111816,164.654647827148,73.0583801269531,25.5043907165527,79,80,80,79.8203201293945,80,80.8203201293945,394.223114013672,405.035339355469,397.429138183594,385.197692871094,409.1796875,383.641326904297,359.80322265625,344.983367919922,351.333709716797,352.496307373047,359.298828125,343.154266357422,271.324249267578,64.1625823974609,135.957260131836,161.625228881836,249.717575073242,86.4239120483398,2.49213998852553
97.5615314318006,39.1440885055082,52.6000000536442,-5.68013954162598,-14.1844110488892,-126.298889160156,961.808837890625,-1.12300324440002,-12.3574686050415,11.2344646453857,4.74205446243286,-14.8319711685181,5.9842357635498,-17.8775539398193,200.467071533203,62.5964202880859,0.5,123.181762695312,143.685913085938,2.12666082382202,96.2302093505859,3.33642506599426,-0.0164276718139648,0.0271527878940105,0.11645545065403,0.275000005960464,10,2001,3762.70532226562,124.672630310059,145.014709472656,131.029418945312,138.029418945312,130.032608032227,145.014709472656,217.610595703125,158.897018432617,181.530654907227,170.533843994141,194.188583374023,149.900207519531,227.823455810547,302.16748046875,232.407806396484,256.045349121094,221.823455810547,270.511505126953,240.751846313477,226.379852294922,239.195693969727,239.622131347656,227.784454345703,249.578002929688,162.488479614258,48.3420791625977,114.283226013184,91.6790084838867,130.303085327148,59.9852867126465,226.950714111328,52.0946502685547,147.666259765625,99.8675842285156,164.652770996094,77.6495819091797,26.4041175842285,79.0147094726562,80.0147094726562,80,80.0147094726562,80.0147094726562,81,394.418823242188,415.639282226562,402.313873291016,396.311920166016,409.058837890625,396.072814941406,364.829315185547,357.980865478516,358.163055419922,364.065948486328,363.484069824219,354.349182128906,263.914184570312,68.696907043457,147.668716430664,149.617706298828,228.599090576172,93.1015319824219,2.49236947791165
97.5705145846418,39.1440885055082,54.0999993681908,-5.591148853302,-14.3444576263428,-129.648742675781,961.249145507812,-1.10000002384186,-12.1669797897339,11.0669794082642,4.83641338348389,-14.7250185012817,6.1003885269165,-17.7690296173096,200.72395324707,62.5530891418457,0.5,122.327018737793,143.05224609375,2.32231283187866,95.6398773193359,3.60515260696411,-0.0161532638549805,0.0275277085602283,0.11645545065403,0.300000011920929,10,2001,3748.65454101562,125,145.524963378906,132.049942016602,139.049942016602,131.524963378906,145.524963378906,215.425094604492,155.325225830078,175.850189208984,165.325225830078,188.325225830078,146.800247192383,221.700378417969,311.950073242188,223.550567626953,259.425079345703,215.700378417969,279.099884033203,230.700378417969,210.049942016602,231.049942016602,220.375152587891,219.225341796875,228.800247192383,153.900131225586,48.5249671936035,112.425094604492,92.950065612793,128.049942016602,59.4750328063965,226.325225830078,56.0998725891113,147.049942016602,95.2752838134766,165.375152587891,77.9001235961914,29.09987449646,79.5249710083008,80.5249710083008,80,80.5249710083008,80.5249710083008,81,397.624847412109,417.700378417969,403.325225830078,398.700378417969,411.099884033203,401.850189208984,371.674774169922,372.249694824219,365.624847412109,380.924468994141,369.674774169922,369.349548339844,247.45068359375,70.950065612793,150.75032043457,145.149810791016,209.275283813477,86.0255966186523,2.49259896729776
97.579497737483,39.1440885055082,53.1000010669231,-5.51361322402954,-14.4846782684326,-131.770874023438,961.481628417969,-1.02983593940735,-12.0236530303955,10.9938163757324,4.94540786743164,-14.6420068740845,6.215744972229,-17.6831588745117,200.385559082031,62.4829292297363,0.5,122.011787414551,142.596923828125,2.40000009536743,95.1888961791992,4.07251214981079,-0.0159562271118164,0.0278237946331501,0.11645545065403,0.25,10,2001,3735.71850585938,125.377319335938,145.622680664062,133.377319335938,140,131.622680664062,146,213.622680664062,152,177.905197143555,165.395904541016,185,147.15055847168,204.680313110352,299.302978515625,214.622680664062,250.076217651367,203.585510253906,268.54833984375,216.69889831543,206.472122192383,224.830856323242,210.076217651367,208.340148925781,218.208190917969,148.981414794922,48.2453536987305,110.24535369873,91.6226806640625,126.736061096191,58.6226768493652,214.69889831543,58.3773231506348,141.208190917969,92.5092926025391,156.962829589844,77.5092926025391,29.1133842468262,80.3773193359375,81,80.3773193359375,80.6226806640625,81.3773193359375,81,407.169128417969,418.414489746094,405.282531738281,399.414489746094,416.395904541016,406.546447753906,376.131958007812,375.113372802734,369.886627197266,390.50927734375,375.263946533203,374.868041992188,245.30110168457,66.9814147949219,146.754638671875,134.416366577148,203.490707397461,72.4721221923828,2.49282845668388
97.5884808903242,39.1440885055082,51.6999997198582,-5.44916582107544,-14.6115474700928,-133.354690551758,964.05859375,-1,-11.9577398300171,10.9577398300171,5.04246044158936,-14.5907745361328,6.33579444885254,-17.6447448730469,200.331298828125,62.3761825561523,0.536077201366425,121.839347839355,142.476181030273,2.58038592338562,95.1877365112305,4.36374664306641,-0.0158363494873047,0.0280412621796131,0.11645545065403,0.200000002980232,10,2001,3721.5517578125,126.346885681152,145.801605224609,133.887481689453,140.459396362305,131.342208862305,146.689086914062,209.207672119141,151.081207275391,180.173126220703,167.001342773438,182.013946533203,150.235717773438,186.848663330078,279.123596191406,209.288879394531,235.457885742188,191.696929931641,249.645599365234,205.934631347656,197.593765258789,211.232864379883,195.457885742188,197.012512207031,203.282775878906,144.900085449219,46.0765380859375,107.846839904785,90.1937255859375,122.756278991699,57.4234199523926,201.178268432617,59.1171875,131.795501708984,94.3202590942383,148.111083984375,79.5499572753906,26.7922515869141,80.6577911376953,81,80.8874893188477,80.3422088623047,81.6577911376953,81,415.713806152344,427.317016601562,414.492126464844,410.38427734375,422.365570068359,418.587341308594,378.3515625,375.089202880859,374.275024414062,394.157836914062,380.621887207031,377.472076416016,251.471435546875,63.5891761779785,149.382858276367,115.131607055664,196.626419067383,68.1877059936523,2.49305794606999
97.5974640431654,39.1440885055082,49.600001424551,-5.39528846740723,-14.7053604125977,-134.340133666992,967.129699707031,-0.955585896968842,-11.902494430542,10.9469089508057,5.13165330886841,-14.5533866882324,6.44662618637085,-17.6251487731934,199.78938293457,62.3530921936035,0.591322541236877,121.307411193848,141.742462158203,2.69964647293091,94.3561325073242,4.52045631408691,-0.0157164703369141,0.0282587315887213,0.116593293845654,0.200000002980232,10,2001,3705.17724609375,127.397590637207,147.137420654297,134.082092285156,141.315505981445,131.657745361328,148.05534362793,201.818252563477,149.369003295898,172.763946533203,162.120895385742,176.531341552734,146.600570678711,178.600570678711,265.532623291016,199.120101928711,224.504821777344,183.381057739258,241.505630493164,205.546844482422,190.614471435547,200.997360229492,185.243637084961,188.393920898438,188.996566772461,143.75373840332,44.6142349243164,104.068428039551,87.87646484375,119.630195617676,55.8625717163086,193.026977539062,59.5756607055664,128.603439331055,94.5064315795898,144.370040893555,79.1791076660156,26.6577491760254,80.2601623535156,81,81,80.7398376464844,81.2601623535156,81,416.778411865234,432.202514648438,422.628692626953,419.368530273438,427.506195068359,427.545562744141,377.674743652344,377.183013916016,376.373931884766,395.387817382812,384.099884033203,383.197692871094,242.723541259766,63.9732475280762,151.783355712891,108.794372558594,184.560394287109,70.3440856933594,2.49328743545611
97.6064471960066,39.1440885055082,49.600001424551,-5.36165285110474,-14.7769460678101,-134.457824707031,970.58837890625,-0.902344405651093,-11.893816947937,10.991473197937,5.21418237686157,-14.5479001998901,6.54207706451416,-17.6221122741699,197.629470825195,62.2603416442871,0.418477833271027,122.93758392334,141.703628540039,2.33106732368469,94.5225982666016,3.68011808395386,-0.0155965927124023,0.0284761991351843,0.117088630795479,0.200000002980232,10,2001,3699.03833007812,127.407791137695,147.407791137695,134.592208862305,140.815582275391,131.407791137695,147.815582275391,206.067535400391,150.368835449219,172.922088623047,163.329879760742,180.290924072266,148.329879760742,180.329879760742,258.038970947266,197.737670898438,220.592208862305,184.329879760742,240.184417724609,212.698715209961,190.553253173828,200.145462036133,185.922088623047,191.883117675781,185.553253173828,142.223373413086,51.4753341674805,99.4467468261719,85.8155822753906,116.038955688477,55.5922088623047,186.854537963867,58.8155822753906,124.262336730957,95.7766265869141,141.038955688477,74.0779190063477,26.4077911376953,80,81,81,81,81,81,424.659759521484,447.766235351562,437.213012695312,434.213012695312,435.698699951172,445.950653076172,362.641540527344,361.680511474609,362.641540527344,379.864929199219,372.418151855469,368.49609375,237,63.2233734130859,144.932464599609,106.223373413086,173.485702514648,68.8545379638672,2.49351692484223
97.6154303488478,39.1440885055082,52.0000010728836,-5.34862852096558,-14.8271636962891,-134.245025634766,973.119567871094,-0.848380982875824,-11.893816947937,11.0454359054565,5.23637437820435,-14.5469369888306,6.62096548080444,-17.6375980377197,196.232223510742,62.0483474731445,0.400000005960464,123.772895812988,141.566802978516,2.09560418128967,94.4800720214844,3.3422315120697,-0.0154767135620117,0.0286936666816473,0.117088630795479,0.275000005960464,10,2001,3694.13549804688,127.889190673828,147.444595336914,135,140.889190673828,131.444595336914,147.444595336914,213.444595336914,152.889190673828,170.775650024414,162.109436035156,177.108062744141,151.110809326172,191.113555908203,260.001373291016,203.22297668457,219.666213989258,193.779754638672,240.555404663086,214.887817382812,193,203,192.667587280273,196.666213989258,190.22297668457,144.556777954102,57.1108055114746,98.3337936401367,86.3337936401367,111.332420349121,56,184,54.4432258605957,124.556777954102,97.4445953369141,143.890563964844,70,28.2229843139648,80.4445953369141,81,81,81,81,81,438.6689453125,462.667572021484,446.555389404297,445.333801269531,445.001373291016,459.889190673828,346.443237304688,344.332427978516,350.444610595703,361.554046630859,358.332427978516,349.887817382812,244.558151245117,62,133.998626708984,102.777015686035,186.339279174805,66.8891906738281,2.49374641422834
98.405947798873,39.1440885055082,60.199998319149,-6.24339866638184,-12.1560087203979,-83.7154769897461,983.429077148438,-0.374496579170227,-14.8996686935425,14.5251722335815,4.18428230285645,-16.0003986358643,5.29821062088013,-18.8125,249.866333007812,80.0264205932617,0.323363065719604,124.2587890625,183.442916870117,1.61624646186829,123.56763458252,1.85272717475891,-0.0182561294555664,0.0210355501621962,0.0649164691567421,0.300000011920929,10,2001,3660.11840820312,110,147.607971191406,126.784057617188,139.215942382812,116.784057617188,146.607971191406,174.86376953125,122,140.823913574219,134.215942382812,144.823913574219,122.215942382812,226.471740722656,328.159423828125,247.471740722656,269.744201660156,241.295654296875,292.551452636719,180.13623046875,191.13623046875,184.13623046875,182.568115234375,181.312316894531,188.392028808594,291.152893066406,65.3920288085938,161.687683105469,110.647827148438,222.784057617188,71.6876831054688,315.584777832031,53.8239135742188,255.551452636719,170.448547363281,285.568115234375,78.3920288085938,53.0797157287598,76,80,77.3920288085938,80,77,79.3920288085938,423.784057617188,412.840576171875,421.568115234375,420.352172851562,420.352172851562,415.920288085938,395.471740722656,396.023193359375,393.295654296875,397.079711914062,397.7275390625,396.079711914062,349.255798339844,91,200.551452636719,115.328964233398,240.408676147461,79.1195755004883,2.51394148020654
98.4149309517142,39.1440885055082,50.9000010788441,-6.45547485351562,-12.1645946502686,-82.2703475952148,994.224304199219,-0.491993516683578,-15.2887630462646,14.7967691421509,4.0996298789978,-16.1247272491455,5.18367767333984,-19.1582908630371,250.911056518555,80.0895004272461,0.346908390522003,123.922691345215,183.915313720703,1.6965628862381,124.01668548584,1.94690847396851,-0.0182692779541016,0.0203551966696978,0.0649164691567421,0.325000017881393,10,2001,3808.45922851562,107.693954467773,146.61637878418,125.538787841797,140,115.077583312988,145.155166625977,181.689666748047,127.534507751465,144.76725769043,137.76725769043,149.228469848633,128.073303222656,222.620651245117,330.465484619141,241.314605712891,254.547348022461,235.853393554688,287.086151123047,180.228469848633,185.693954467773,184.689666748047,188.840560913086,177.922424316406,188,316.819152832031,73.7629776000977,190.444091796875,129.603530883789,254.284637451172,80.6120910644531,328.982879638672,56.3836288452148,273.607818603516,164.38362121582,314.439819335938,83.5345077514648,60.6896743774414,75.5387878417969,80,76.5387878417969,79.5387878417969,76.5387878417969,79.4612121582031,421.155151367188,401.771545410156,415.387908935547,412.004272460938,416.616363525391,411.077575683594,398.538787841797,412.534515380859,399.383636474609,399.155151367188,404.922424316406,400.922424316406,395.814880371094,98.8405532836914,214.456924438477,140.280364990234,271.125213623047,94.6853942871094,2.51417096959266
96.8518623573462,39.135105352667,54.6999983489513,-6.25600242614746,-11.8725299835205,-79.0367431640625,990.20654296875,0.114607438445091,-14.9098224639893,15.0244302749634,4.48519515991211,-16.7050914764404,5.7306022644043,-18.8900871276855,176.26252746582,59.924144744873,0.5,132.342056274414,129.50715637207,2.03068685531616,85.9676132202148,2.09999990463257,-0.021358561706543,0.0248268358409405,0.104241751134396,0.300000011920929,10,2001,3944.02685546875,112.017501831055,149.69482421875,125.017501831055,142.015975952148,118.035003662109,148.017501831055,220.171981811523,174.917785644531,178.404083251953,171.027359008789,182.136978149414,163.437561035156,200.646087646484,281.056243896484,211.700119018555,247.637756347656,204.773193359375,257.129333496094,171.86833190918,182.596633911133,195.079879760742,193.502990722656,172.620239257812,194.485488891602,222.145324707031,64.283088684082,148.32421875,96.996940612793,175.855407714844,79.6042404174805,282.333221435547,49.3432464599609,217.99235534668,123.735946655273,265.176544189453,76.4292373657227,53.5327262878418,72.6613388061523,77.6788482666016,74.3401870727539,78.3401870727539,74.3401870727539,77.6788482666016,433.824157714844,450.015960693359,431.707733154297,440.67578125,437.704681396484,441.089050292969,394.307525634766,366.726043701172,373.21240234375,365.821228027344,389.371429443359,364.425476074219,244.548065185547,65.6346893310547,152.695587158203,110.6826171875,171.418609619141,77.1667098999023,2.47480775852175
97.4806830562299,39.135105352667,44.1000014543533,-7.01467037200928,-12.3658857345581,-90.1384353637695,979.929870605469,-1.3436518907547,-15.0726413726807,13.7289896011353,3.55433201789856,-16.4933528900146,4.67287921905518,-19.4261302947998,214.222793579102,67.84765625,0.5,126.045791625977,155.252395629883,2.16177916526794,103.093925476074,2.20000004768372,-0.0211979934692383,0.0182599611580372,0.0658157765865326,0.200000002980232,10,2001,3979.0361328125,113.966079711914,145.966079711914,126.483039855957,137.41520690918,120.483039855957,143.966079711914,246.864334106445,198.966079711914,205.381286621094,196.966079711914,206.898239135742,184.966079711914,249.58479309082,345.550872802734,264.203521728516,303.618713378906,256.067840576172,335.203521728516,211.101760864258,216.864334106445,216.932159423828,211.796493530273,200.898239135742,222.313446044922,228.728652954102,56,151.796493530273,133.483047485352,207.974273681641,91.3134536743164,250.796493530273,48.5847930908203,179.143859863281,102.101753234863,212.728652954102,75.3473663330078,33.4491233825684,73.516960144043,78.516960144043,76.0339202880859,78.516960144043,75.516960144043,78.516960144043,443.516967773438,435.923980712891,424.203521728516,425.305267333984,440.169586181641,424.339172363281,345.381286621094,347.211700439453,358.864318847656,362.898254394531,359.449127197266,352.864318847656,249.998840332031,90.0339202880859,218.856140136719,180.381286621094,201.38948059082,113.067832946777,2.49087570297257
97.5255988204359,39.135105352667,49.4000017642975,-6.17434692382812,-13.2460193634033,-107.129188537598,970.092895507812,-1.18407046794891,-13.5552377700806,12.3711671829224,4.23641443252563,-15.449257850647,5.42661571502686,-18.5352458953857,204.745101928711,65.086555480957,0.5,125.718879699707,148.619537353516,2.09999990463257,98.946159362793,2.33759784698486,-0.0173603759765625,0.0260539669543505,0.107532076537609,0.225000008940697,10,2001,3873.986328125,118,147.310577392578,128.436859130859,141,123.873718261719,147.310577392578,225.563140869141,161.757675170898,186,174.126281738281,197.873718261719,153.378829956055,233.262786865234,295.583587646484,234.078475952148,269.583587646484,224.078475952148,289.020446777344,245.252563476562,237.252563476562,243.010223388672,237.068252563477,223.815689086914,251.252563476562,185.252563476562,61.3208122253418,130.194534301758,96.1945343017578,153.505111694336,69.1945343017578,240.194534301758,50.5051155090332,177.252563476562,107.068252563477,191.447082519531,69.5631408691406,29.436861038208,76.8737182617188,80,79.4368591308594,79.4368591308594,79.4368591308594,80,419.563140869141,426.873718261719,417.058013916016,418.563140869141,430.436859130859,411,335.747436523438,336.310577392578,339.931732177734,344.368621826172,345.747436523438,337.747436523438,231.979537963867,62.873722076416,152.194534301758,142.252563476562,194.610931396484,72.5051116943359,2.49202341329049
97.5345819732771,39.135105352667,49.600001424551,-6.05377626419067,-13.4192543029785,-110.457054138184,968.425659179688,-1.14634585380554,-13.3053112030029,12.1589651107788,4.34663343429565,-15.3049697875977,5.54702138900757,-18.3916168212891,203.491500854492,64.0526962280273,0.5,124.76439666748,147.028045654297,2.09999990463257,98.2753524780273,2.66345834732056,-0.0170375503540039,0.0264828372746706,0.107532076537609,0.25,10,2001,3860.82250976562,118.28923034668,148.841903686523,128.947296142578,141,124.894607543945,149.131134033203,225.341934204102,155.632369995117,188.024627685547,174.262329101562,200.919235229492,150.316192626953,223.632415771484,279.606719970703,223.052841186523,250.425155639648,211.606674194336,271.240173339844,241.475387573242,237.235427856445,233.975463867188,234.209686279297,220.395782470703,251.813888549805,184.078491210938,53.8173675537109,119.373466491699,89.422737121582,146.818481445312,63.0012092590332,230.530410766602,47.5785179138184,170.293823242188,100.16040802002,182.055068969727,70.2096328735352,28.5011348724365,78.183837890625,80.2892303466797,80.2365341186523,79.9473037719727,80.2365341186523,80.2892303466797,415.292663574219,422.688385009766,416.581848144531,412.268035888672,427.187255859375,404.636871337891,343.573883056641,340.734252929688,349.442687988281,353.8115234375,352.416961669922,343.549255371094,260.750732421875,61.5807342529297,144.555038452148,142.524658203125,222.037734985352,72.7600860595703,2.49225295535407
97.5525482789594,39.135105352667,50.0000007450581,-5.84416627883911,-13.766357421875,-117.331878662109,965.685363769531,-1.12320685386658,-12.8611087799072,11.7379016876221,4.55582475662231,-15.0582056045532,5.77187013626099,-18.1389007568359,200.823043823242,62.5964202880859,0.5,123.859329223633,144.534240722656,2.09999990463257,97.3184204101562,2.93133592605591,-0.0163918991088867,0.0273405741900206,0.114525087177753,0.25,10,2001,3813.90063476562,122.260101318359,146.39192199707,129.65202331543,139.695953369141,128.260101318359,146.739898681641,220.783843994141,156.9560546875,189.087875366211,175.695953369141,200.131820678711,151.304046630859,218.131820678711,283.260101318359,220.131820678711,243,209.0439453125,259.479797363281,238.304046630859,242,238.824234008789,243.216156005859,221.912124633789,262.564147949219,189.260101318359,50.3479804992676,111.216163635254,87.9560623168945,137.39192199707,62.9560585021973,216.739898681641,48.0439414978027,152.131820678711,93.3479766845703,156.787384033203,76.9121170043945,23.6959590911865,79,81,81,80.6520233154297,80.3479766845703,81.6520233154297,406.652008056641,414.564147949219,412.216156005859,397.347991943359,418.652008056641,389.652008056641,355.391906738281,343.435852050781,349.611633300781,359.783843994141,358.783843994141,348.435852050781,274.091430664062,65.1282806396484,145.520202636719,169.516662597656,238.223236083984,91.4762573242188,2.49271203948124
97.5615314318006,39.135105352667,50.0000007450581,-5.7659068107605,-13.9302635192871,-120.681549072266,964.26513671875,-1.10000002384186,-12.6476173400879,11.5476169586182,4.63800191879272,-14.9527397155762,5.86239290237427,-18.0288772583008,201.41780090332,62.5200805664062,0.5,123.200584411621,144.460968017578,2.17879605293274,97.2712860107422,3.30506134033203,-0.0160690734863281,0.0277694445103407,0.11645545065403,0.275000005960464,10,2001,3781.26635742188,124,144.495590209961,130.504409790039,139,129.495590209961,144.495590209961,216.486770629883,155.982376098633,185.991180419922,171.469146728516,197,147.460327148438,213.486770629883,285.50439453125,216.495590209961,244.008819580078,204.973556518555,257.008819580078,230.929473876953,226.867767333984,232.911849975586,229.354537963867,215.425064086914,243.310470581055,178.89421081543,47.9823684692383,109.460327148438,86.4779586791992,138.017623901367,61.4779624938965,217.017623901367,48.5132217407227,149.504409790039,95.0176315307617,149.530853271484,76.9823684692383,23.5044078826904,79,81,81,81,80,81.4955902099609,412.548492431641,425.574920654297,419.539672851562,408.096984863281,425.557312011719,404.123413085938,356.522033691406,347.557312011719,348.044067382812,362.548492431641,358.522033691406,353.061706542969,259.460327148438,68.4867782592773,150.513229370117,153.257568359375,218.44270324707,82.8853988647461,2.49294158154482
97.5705145846418,39.135105352667,53.1999990344048,-5.69874858856201,-14.0975885391235,-124.433639526367,962.512084960938,-1.10000002384186,-12.4341259002686,11.3341255187988,4.70941734313965,-14.8552951812744,5.94437837600708,-17.9260063171387,201.366256713867,62.4659729003906,0.5,122.628562927246,143.820571899414,2.23903751373291,96.7082443237305,3.44880151748657,-0.0157462478637695,0.0281983129680157,0.11645545065403,0.425000011920929,10,2001,3767.14697265625,124.71363067627,144.713623046875,132.070449829102,139.713623046875,129.713623046875,144.356811523438,216.070449829102,155.784072875977,183.929550170898,168.713623046875,196.643188476562,146.211334228516,213.427261352539,289.568145751953,220.638595581055,249.638595581055,205.924957275391,262.281768798828,219.788665771484,208.788665771484,221.929550170898,211.572738647461,205.572738647461,220.929550170898,159.15007019043,46.7136306762695,103.929557800293,85.4272613525391,134.290969848633,58.2863693237305,213.64778137207,52.1408882141113,143.220520019531,94.5022964477539,147.64778137207,74.2863693237305,23.6431846618652,79.3568115234375,81,80.6431884765625,81,80.3568115234375,81.3568115234375,413.361419677734,430.075042724609,417.577331542969,411.863708496094,426.290954589844,413.004608154297,366.849914550781,361.493103027344,360.493103027344,376.563537597656,368.136291503906,366.422668457031,257.140899658203,66.2863693237305,156.995407104492,132.422668457031,203.079635620117,69.6431884765625,2.4931711236084
97.579497737483,39.135105352667,51.1999987065792,-5.60908794403076,-14.2661600112915,-127.56111907959,961.610656738281,-1.06748187541962,-12.25315284729,11.1856708526611,4.82431793212891,-14.7505197525024,6.06537532806396,-17.8058567047119,201.059829711914,62.3761825561523,0.5,121.81713104248,142.934371948242,2.38962125778198,95.7338714599609,3.63596701622009,-0.0155363479614258,0.0285064615309238,0.11645545065403,0.233333334326744,10,2001,3754.81713867188,126.152671813965,145.524948120117,133.810531616211,140.734191894531,130.943435668945,144.867095947266,221.367614746094,157.080032348633,186.792770385742,173.291290283203,197.597595214844,152.059295654297,211.911285400391,288.602966308594,223.296661376953,253.970596313477,208.817916870117,262.54638671875,217.288543701172,207.543991088867,220.398712158203,209.113143920898,204.577819824219,220.654159545898,148.342391967773,46.4787445068359,101.98023223877,87.677619934082,124.871032714844,57.056568145752,204.110397338867,55.4118118286133,133.315948486328,93.0227432250977,138.947372436523,73.0565719604492,23.760627746582,79.8670959472656,81.2092437744141,80.3421478271484,81,80.8670959472656,81.8670959472656,409.657135009766,426.554351806641,411.949371337891,406.470642089844,420.428131103516,410.463958740234,373.054321289062,366.768737792969,367.651916503906,384.416229248047,375.203308105469,369.539733886719,253.506866455078,65.4750518798828,158.699066162109,134.493530273438,190.113372802734,69.760627746582,2.49340066567198
97.5884808903242,39.135105352667,51.3999983668327,-5.53946447372437,-14.3885850906372,-129.435684204102,963.044860839844,-1.01238882541656,-12.1303987503052,11.1180095672607,4.91306781768799,-14.6818656921387,6.16600656509399,-17.7515621185303,201.411758422852,62.3106994628906,0.53564453125,121.07398223877,142.637710571289,2.59061145782471,95.427001953125,4.23466730117798,-0.0154390655517578,0.0286942180246115,0.11645545065403,0.300000011920929,10,2001,3736.14990234375,127.377311706543,145.465560913086,134.657806396484,141.12336730957,131.596130371094,145.24674987793,229.347122192383,154.744705200195,195.382247924805,180.750991821289,199.802764892578,155.761810302734,202.041320800781,274.702758789062,213.540649414062,248.419998168945,201.549194335938,249.854064941406,221.25666809082,213.401611328125,220,207.684371948242,206.78254699707,223.008560180664,146.253936767578,43.7446975708008,101.054496765137,88.6578140258789,119.62133026123,56.4038734436035,197.894638061523,56.7194976806641,130.218811035156,97.1949768066406,135.14274597168,72.4655609130859,25.0968074798584,80,81.6578140258789,80.6578140258789,81,81,81.9383163452148,414.826232910156,429.9482421875,417.984710693359,415.116638183594,423.729431152344,419.027038574219,363.917114257812,357.588470458984,362.015289306641,377.198974609375,370.145843505859,358.183227539062,239.6416015625,65.5961227416992,146.984619140625,119.043586730957,186.527252197266,70.9734344482422,2.49363020773557
97.5974640431654,39.135105352667,55.1999993622303,-5.49404144287109,-14.4783849716187,-130.370193481445,965.216125488281,-1,-12.1073083877563,11.1073083877563,4.9832124710083,-14.6424350738525,6.26114225387573,-17.7319869995117,200.208297729492,62.2551155090332,0.546345829963684,121.837135314941,142.569732666016,2.47664570808411,95.4146118164062,3.85239481925964,-0.0153417831420898,0.0288819763809443,0.116593293845654,0.225000008940697,10,2001,3724.1552734375,127.428077697754,146.715759277344,134.428085327148,142.143844604492,130.856155395508,147.287673950195,221.130096435547,153.571914672852,186.986251831055,173.27392578125,191.561614990234,152.852722167969,182.986251831055,262.996551513672,193.414337158203,231.558166503906,180.554733276367,242,224.571914672852,208.705444335938,220,208.143844604492,209.715759277344,222.140396118164,145.284240722656,42.5719184875488,104.575355529785,88.4280776977539,117.428077697754,57.1438407897949,198.431518554688,57,129.428085327148,100,139.863037109375,73.7157592773438,25.4280796051025,80,81.4280776977539,80.4280776977539,81,81,81.4280776977539,416.712310791016,430.712310791016,420.712310791016,417.996551513672,425.284240722656,418.565032958984,358.715759277344,361.010314941406,359.287689208984,373.859588623047,365.428070068359,358.722625732422,244.441833496094,64.8561630249023,137.140396118164,105.424644470215,188.287673950195,70.2842407226562,2.49385974979915
97.6064471960066,39.135105352667,57.1000017225742,-5.47818517684937,-14.5579853057861,-130.580215454102,968.1513671875,-0.957935988903046,-12.1073083877563,11.1493721008301,5.03923559188843,-14.645393371582,6.33028984069824,-17.7446784973145,198.864715576172,62.1555824279785,0.46221786737442,122.769668579102,142.468200683594,2.16048288345337,95.4126052856445,3.46048283576965,-0.015244499206543,0.0290697328746319,0.117088630795479,0.233333334326744,10,2001,3722.46704101562,127.424362182617,146.726913452148,134,141.726913452148,130,147.302551269531,210,152.726913452148,175.424362182617,163,183.848724365234,149,194.339828491211,274.852630615234,199.247497558594,233.579544067383,186.36930847168,251.3359375,220.33203125,205.243606567383,218.302551269531,210.273086547852,208.453842163086,222.546157836914,144.424362182617,44.2730827331543,108,87.5756378173828,121.243606567383,57.1512794494629,206.092330932617,54.0294761657715,131.970520019531,99.1512756347656,148.394882202148,73.726921081543,25.8487205505371,80,81.4243621826172,80,81.4243621826172,81,81.4243621826172,425.609008789062,441.306457519531,430.033386230469,426.033386230469,431.214141845703,424.033386230469,354.058959960938,353.025573730469,352.088439941406,363.693542480469,360.33203125,352.420471191406,210.169067382812,58.058952331543,126.512786865234,101.575637817383,175.147384643555,64.33203125,2.49408929186273
97.6154303488478,39.135105352667,57.1000017225742,-5.47316980361938,-14.6071424484253,-130.969787597656,970.134704589844,-0.953654170036316,-12.1073083877563,11.1536540985107,5.07315492630005,-14.652515411377,6.38925838470459,-17.7543640136719,197.75065612793,62.1360015869141,0.448104351758957,123.544326782227,142.393661499023,1.95324623584747,95.3632049560547,3.13946557044983,-0.015147216796875,0.0292574893683195,0.117088630795479,0.300000011920929,10,2001,3720.54321289062,127.657684326172,146.026947021484,134,140.750122070312,130.553634643555,145.538803100586,207.231796264648,148.428283691406,169.567626953125,158.294052124023,178.502136230469,145.401336669922,225.71955871582,297.690399169922,228.381011962891,254.333251953125,214.731674194336,268.649139404297,213.613174438477,205.08544921875,214.601058959961,210.696228027344,206.223434448242,222.008361816406,146.595428466797,45.5266914367676,108.553642272949,88.7264175415039,123.023193359375,56.4078140258789,214.151794433594,49.351188659668,133.326965332031,94.8091430664062,151.645568847656,70.812385559082,27.1458282470703,80.2768173217773,81.6576843261719,80.2768173217773,81.9345016479492,81,81.6576843261719,438.085784912109,457.761535644531,441.082550048828,437.359344482422,439.332916259766,437.297088623047,348.301055908203,336.218505859375,344.974090576172,351.944427490234,354.443634033203,339.971374511719,155.350402832031,51.4705848693848,119.631767272949,101.895957946777,154.247329711914,57.336353302002,2.49431883392632
96.8518623573462,39.1261221998258,43.9999997615814,-6.47188138961792,-11.9021482467651,-79.5119094848633,993.143737792969,-0.152781426906586,-15.1243629455566,14.9715814590454,4.26347017288208,-16.7476062774658,5.48662948608398,-19.155345916748,181.555282592773,61.2865562438965,0.569090127944946,130.631546020508,131.913208007812,2.21253895759583,87.8179779052734,2.67814469337463,-0.0213079071044922,0.0248268358409405,0.104241751134396,0.300000011920929,10,2001,4063.0595703125,113,150.882385253906,127.514579772949,141.266098022461,119.853218078613,146.514587402344,210.566711425781,164.590423583984,162.388092041016,153.742660522461,168.329772949219,150.511795043945,203.844360351562,300.406799316406,221.533279418945,273.889556884766,210.404022216797,277.566833496094,201.190673828125,210.966979980469,213.035140991211,219.333084106445,197.516174316406,226.217163085938,250.937057495117,66.7488479614258,158.472915649414,103.913246154785,184.167907714844,81.7488479614258,302.260650634766,42.5579566955566,232.54801940918,125.099021911621,268.497589111328,72.5464172363281,56.6047401428223,73.8532180786133,78.8081436157227,76,78.6613616943359,75.6613616943359,79,432.213226318359,429.329162597656,418.154907226562,421.405090332031,430.229156494141,419.464385986328,367.302520751953,359.703857421875,368.148590087891,359.261840820312,372.916015625,354.510314941406,290.731231689453,84.6545486450195,214.694793701172,133.995513916016,220.291961669922,97.0769195556641,2.47537596142808
97.4806830562299,39.1261221998258,48.9000007510185,-7.50081014633179,-12.0118198394775,-84.9626312255859,980.334045410156,-1.5839821100235,-15.7283639907837,14.1443824768066,3.13594841957092,-17.0073261260986,4.21833610534668,-19.8695163726807,223.67839050293,70.7216720581055,0.560399949550629,125.28556060791,161.167434692383,2.5231773853302,106.681930541992,3.10599946975708,-0.0221350692749023,0.0166710317134857,0.0658157765865326,0.300000011920929,10,2001,4082.82006835938,111.695892333984,147.304107666016,126.347946166992,138.652053833008,117.695892333984,144.956161499023,242.868499755859,193.260284423828,196.432891845703,186.084945678711,197.736999511719,178.172607421875,221.002731323242,321.128784179688,236.567108154297,268.610931396484,232.871215820312,291.523284912109,210.087661743164,228.347946166992,218.523284912109,224.523284912109,212.131500244141,242.391784667969,237.780838012695,61.5205535888672,155.172607421875,137.260284423828,218.389053344727,92.043830871582,264.263000488281,38.3041114807129,207.561660766602,109.564392089844,238.780838012695,75,33.6082229614258,72.043830871582,78,74.043830871582,77.3479461669922,73.3917770385742,78,442.780822753906,413,423.824676513672,420.172607421875,437.564392089844,404.956176757812,347.131500244141,359,357.652069091797,355.304107666016,350.304107666016,352.956176757812,327.043823242188,84.956169128418,233.257553100586,193.172607421875,265.953430175781,101.564392089844,2.49144759499483
97.4986493619123,39.1261221998258,51.1000007390976,-6.9970326423645,-12.386435508728,-90.4924163818359,979.4951171875,-1.3513149023056,-15.0535326004028,13.7022171020508,3.54782247543335,-16.453441619873,4.66399240493774,-19.4245853424072,218.08935546875,68.7461700439453,0.560399949550629,124.203910827637,156.516372680664,2.47645282745361,103.733238220215,3.08405017852783,-0.0201425567626953,0.0206243824213743,0.080401785671711,0.25,10,2001,4055.9658203125,114.580253601074,146.658264160156,129.080276489258,139.422012329102,121.185768127441,143.052749633789,231.048217773438,183.046035766602,181.36474609375,172.839538574219,183.155975341797,167.759307861328,234.130722045898,319.002410888672,247.39453125,276.073547363281,235.548202514648,306.607879638672,221.346343994141,222.495452880859,227.763748168945,228.339431762695,218.447265625,243.630737304688,206.431396484375,52.8142356872559,141.337219238281,116.830368041992,185.247894287109,80.7799224853516,253.27311706543,42.820987701416,189.000045776367,103.183464050293,216.490921020508,73.5252380371094,31.6582584381104,74.7110061645508,78.7637557983398,76.7637557983398,78.0527496337891,76.7110061645508,78.0527496337891,429.366912841797,417.398986816406,416.027435302734,415.924224853516,431.552673339844,404.554962158203,349.286743164062,359.736297607422,356.208801269531,355.736358642578,350.000030517578,351.578063964844,250.761901855469,77.1558609008789,189.692825317383,177.467926025391,208.181488037109,92.2888336181641,2.49190678452531
97.5076325147535,39.1261221998258,51.5000000596046,-6.7436466217041,-12.6022729873657,-93.902702331543,978.789245605469,-1.27018344402313,-14.7035570144653,13.4333734512329,3.7704005241394,-16.1785430908203,4.91565942764282,-19.1870765686035,213.742111206055,67.2542037963867,0.550616502761841,124.59253692627,153.976150512695,2.21101641654968,102.522705078125,2.75678157806396,-0.0191463012695313,0.0226010587066412,0.107532076537609,0.275000005960464,10,2001,4022.15600585938,116.69017791748,146.436599731445,129.436599731445,140,122.56339263916,143.563400268555,226.183029174805,168.478576660156,176.056243896484,165.112503051758,182,156.168746948242,235.816970825195,307.661590576172,244.619644165039,261.351776123047,232.436599731445,298.041961669922,219.929458618164,218.87321472168,228.563400268555,229.380355834961,216.183029174805,243.563400268555,188.858932495117,51.4366073608398,136.183029174805,108.87321472168,168.985717773438,71.4928588867188,237.675888061523,53.0142860412598,185.492858886719,105.380355834961,207.492858886719,72.4366073608398,31.4366073608398,75,79.5633926391602,77.5633926391602,78.5633926391602,77,78.5633926391602,433.760711669922,427.014282226562,422.887512207031,424.450897216797,437.324096679688,413.014282226562,346.309814453125,353.675903320312,348.549102783203,346.168762207031,346.492858886719,343.985717773438,212.112503051758,86.5214309692383,175.492858886719,174,182.295532226562,106.02857208252,2.49213637929055
97.5166156675947,39.1261221998258,51.5000000596046,-6.71339988708496,-12.671932220459,-95.9769821166992,975.155029296875,-1.32079994678497,-14.5442543029785,13.2234544754028,3.76596283912659,-16.0755710601807,4.92256307601929,-19.1135501861572,212.408966064453,67.1613082885742,0.5,125.343910217285,153.608993530273,2.16039991378784,102.363540649414,2.20000004768372,-0.0181500442504883,0.0245777331292629,0.107532076537609,0.225000008940697,10,2001,4031.43115234375,117.584197998047,147.24739074707,128.584197998047,140.415802001953,123,145.663192749023,223.584197998047,157.168395996094,177.157989501953,164.405395507812,186.573791503906,147,229.684020996094,302.068572998047,238.2578125,256.652770996094,223.268218994141,298.394989013672,215.584197998047,215.921005249023,227.75260925293,229.089401245117,217.326385498047,239.842010498047,184.326385498047,51.4157981872559,135.24739074707,106.752601623535,161.168395996094,68.4158020019531,234.910598754883,55.0104103088379,191.563385009766,110.49479675293,206.910598754883,73.6631927490234,31,75.4158020019531,80,78,78.5841979980469,77.4158020019531,79,439.415802001953,440.236999511719,429.831604003906,433.494781494141,441.752593994141,424.989593505859,345,343.842010498047,342,337.831604003906,340.920989990234,335.752593994141,204.75260925293,83.6944274902344,166.594604492188,163.605026245117,182.315979003906,102.120635986328,2.49236597405579
97.5345819732771,39.1261221998258,53.5999983549118,-6.17588233947754,-13.1378011703491,-103.884643554688,973.692810058594,-1.07799315452576,-13.7322940826416,12.6543006896973,4.2345085144043,-15.5049428939819,5.42265129089355,-18.6086101531982,206.033355712891,64.698356628418,0.5,125.107246398926,149.062286376953,2.09999990463257,99.8451232910156,2.20000004768372,-0.0168242080688477,0.0269376467913389,0.107532076537609,0.300000011920929,10,2001,3910.25122070312,115.804496765137,148.341918945312,126.683822631836,138.126312255859,121.025733947754,148.120666503906,221.56315612793,151.930801391602,187.617797851562,172.482681274414,198.396560668945,144.608993530273,230.02099609375,295.316467285156,231.968719482422,251.663925170898,219.730560302734,283.615020751953,231.003082275391,232.589599609375,232.120574951172,231.230056762695,219.192230224609,243.224411010742,187.255889892578,50.8592338562012,124.28736114502,93.3733825683594,142.560073852539,61.2124290466309,245.328353881836,49.1407661437988,182.108779907227,114.592163085938,202.115219116211,72.8849716186523,30.7586612701416,77.6781845092773,80.7787551879883,79.6781845092773,78.8994293212891,79.5575180053711,80.5575180053711,425.313110351562,434.795776367188,419.614715576172,420.646087646484,428.735382080078,421.327545166016,343.683837890625,332.614624023438,347.385375976562,348.345092773438,352.193054199219,335.985443115234,260.781066894531,61.5777053833008,158.813400268555,138.832595825195,207.689178466797,88.4176483154297,2.49282516358627
97.5435651261183,39.1261221998258,54.2000010609627,-6.03169822692871,-13.3263473510742,-107.41130065918,972.410339355469,-1.03960001468658,-13.4552383422852,12.4156379699707,4.37380361557007,-15.3379688262939,5.57618093490601,-18.4480361938477,203.927703857422,64.1305313110352,0.5,125.090705871582,147.7724609375,2.09999990463257,99.1222610473633,2.20000004768372,-0.0164529647827148,0.0274204630404711,0.107532076537609,0.300000011920929,10,2001,3873.39013671875,116.893531799316,148.63117980957,127.262359619141,138.262359619141,121.893531799316,148.63117980957,221.63117980957,153.155883789062,191.787063598633,174.524719238281,202.787063598633,146.787063598633,222.482894897461,273.908752441406,224.532333374023,237.114074707031,213.638793945312,257.646392822266,240.311782836914,238.63117980957,239.574142456055,233,222.680603027344,245.36882019043,182.950576782227,49.1064643859863,113.532325744629,87.2129287719727,133.319396972656,59,235.220550537109,50.8935356140137,171.319396972656,110.950576782227,189.114074707031,72,29.7376441955566,78.6311798095703,81,80.6311798095703,79.6311798095703,80,81,415.425872802734,426.950561523438,414.475280761719,416,424.106475830078,413.057037353516,344.262359619141,334.418243408203,345.581756591797,351,353.844116210938,341.311767578125,262.433471679688,56.3193969726562,154.950576782227,144.992385864258,228.722412109375,78.3270111083984,2.49305475835151
97.5525482789594,39.1261221998258,50.9000010788441,-5.96059942245483,-13.4971590042114,-110.962280273438,969.976928710938,-1.0697557926178,-13.2417469024658,12.1719903945923,4.43940925598145,-15.2292041778564,5.65277099609375,-18.3342456817627,201.826797485352,62.5198287963867,0.5,124.183532714844,145.676956176758,2.09999990463257,98.577018737793,2.39771008491516,-0.0160817199707031,0.0279032811522484,0.114525087177753,0.300000011920929,10,2001,3843.04223632812,119.450859069824,148.516387939453,128.483612060547,139.967239379883,124.934471130371,148.516387939453,220.065521240234,153.065521240234,190.614669799805,172.614669799805,204.032760620117,146.098281860352,218.352569580078,267.287048339844,220.45085144043,235.770660400391,212.803421020508,247.385330200195,241.581909179688,240.934478759766,243.516387939453,237.352569580078,220.680191040039,249.352569580078,174.196578979492,45.5819091796875,109.450859069824,85.4836196899414,136.770660400391,58.5163803100586,218.745727539062,49.0982894897461,161.229339599609,103.647430419922,169.393157958984,72,26.5819072723389,79,81.4836196899414,81,80.4836196899414,80,81.4836196899414,406.647430419922,417.229339599609,412.032775878906,407.778472900391,421.549133300781,399.32763671875,351.770660400391,341.352569580078,344.450866699219,354.385314941406,358.287048339844,350.803436279297,247.131057739258,66.5413131713867,157.319808959961,152,229.909545898438,81.0577011108398,2.49328435311675
97.5615314318006,39.1261221998258,49.4999997317791,-5.89556789398193,-13.6518020629883,-114.837875366211,966.892761230469,-1.10000002384186,-12.9940242767334,11.8940238952637,4.50138473510742,-15.120265007019,5.71234655380249,-18.2108192443848,201.915710449219,62.4657707214355,0.5,123.944183349609,145.532165527344,2.09999990463257,98.5519332885742,2.59600043296814,-0.0157104766845703,0.0283860992640257,0.11645545065403,0.25,10,2001,3823.6220703125,122.662498474121,146.661651611328,130.00227355957,139.643768310547,127.984382629395,146.661651611328,219.032089233398,151.695999145508,188.386047363281,170.386047363281,203.68408203125,144.044006347656,219.249481201172,280.980133056641,218.621337890625,242.916519165039,214.223358154297,253.310806274414,240.710205078125,251.37809753418,248.719284057617,249.340042114258,220.10676574707,263.356506347656,163.702545166016,43.0298118591309,108.629570007324,86.3301162719727,142.236129760742,57.6698837280273,206.720428466797,46.0357780456543,149.04231262207,97.3732757568359,151.765853881836,73.3443145751953,24.3658924102783,79,81.9940338134766,81,80.9940338134766,80.3360748291016,81.657958984375,403.397979736328,407.730926513672,408.323303222656,395.740600585938,418.673583984375,386.766723632812,356.227905273438,340.233001708984,342.621337890625,354.261413574219,361.225616455078,349.870819091797,247.752792358398,76.1279525756836,157.221084594727,146.958831787109,215.804763793945,87.4452896118164,2.49351394788199
97.5705145846418,39.1261221998258,49.4999997317791,-5.82545614242554,-13.8207302093506,-118.634765625,964.041442871094,-1.10000002384186,-12.7543630599976,11.6543626785278,4.56784248352051,-15.0105152130127,5.7786283493042,-18.0938491821289,201.359130859375,62.3761825561523,0.5,123.591903686523,144.844161987305,2.09999990463257,97.9342651367188,2.62111401557922,-0.0153392333984375,0.028868917375803,0.11645545065403,0.275000005960464,10,2001,3807.5439453125,125.420921325684,144.802658081055,131.916534423828,138.179779052734,129.727981567383,144.614105224609,221.670761108398,153.070053100586,192.460006713867,174.460006713867,204.881500244141,147.424987792969,213.68879699707,293.284393310547,216.175064086914,245.639785766602,207.903610229492,258.433776855469,235.878662109375,254.356887817383,249.470672607422,249.87467956543,221.474731445312,266.199310302734,155.67594909668,43,105.074691772461,87.4121398925781,135.43083190918,56.399299621582,203.389862060547,46.3771133422852,142.05712890625,94.7676315307617,146.473327636719,74.4431076049805,24.8464736938477,79,82,81,81,80.6579132080078,81.3420867919922,410.665466308594,410.674163818359,408.187896728516,398.077545166016,420.762359619141,391.559722900391,354.11376953125,334.626861572266,341.683502197266,351.894256591797,357.951477050781,342.240966796875,252.776504516602,68.0180358886719,146.724395751953,136.474548339844,209.465866088867,76.0004806518555,2.49374354264723
97.579497737483,39.1261221998258,55.7999983429909,-5.74307298660278,-14.0227785110474,-123.066543579102,961.729614257812,-1.10000002384186,-12.4984931945801,11.3984928131104,4.65849590301514,-14.8920755386353,5.88582229614258,-17.9590835571289,200.92643737793,62.3118133544922,0.5,123.004447937012,144.001831054688,2.21113991737366,97.0066757202148,2.74674034118652,-0.0151164703369141,0.0291891265660524,0.11645545065403,0.300000011920929,10,2001,3791.97412109375,126.698928833008,144.698928833008,133.479965209961,139.178894042969,130.698928833008,144.041061401367,224.988296508789,154.192581176758,197.990280151367,180.11344909668,205.288391113281,152.61979675293,212.492645263672,299.975616455078,221.78498840332,252.538665771484,208.124145507812,263.304046630859,217.357620239258,231.737838745117,231.137664794922,224.694808959961,207.428024291992,239.775924682617,150.230667114258,42.9178924560547,103.712615966797,88.8915100097656,122.801490783691,54.2863960266113,210.25227355957,47.4389114379883,141.179901123047,94.0410537719727,152.018630981445,72.5464172363281,25.2463264465332,79.0410537719727,81.9589462280273,81,81,80.3421249389648,81.6578750610352,424.748901367188,426.805603027344,417.143798828125,416.053924560547,430.719543457031,412.589630126953,358.194549560547,340.798675537109,351.41748046875,359.251281738281,362.510314941406,347.634460449219,249.147567749023,62.4369430541992,138.764389038086,126.392913818359,197.254089355469,71.0273818969727,2.49397313741247
97.5884808903242,39.1261221998258,58.6000010371208,-5.66331052780151,-14.1465921401978,-124.978233337402,962.441589355469,-1.06954371929169,-12.3903436660767,11.3207998275757,4.75602436065674,-14.8110694885254,5.98935794830322,-17.889030456543,201.129806518555,62.253547668457,0.5,122.396690368652,143.729095458984,2.22794389724731,96.6173782348633,3.30498909950256,-0.0150417831420898,0.0293471738696098,0.11645545065403,0.275000005960464,10,2001,3767.33032226562,127,145,135.102798461914,141.102798461914,131,144.551406860352,224.242980957031,152.242980957031,192.626159667969,176.280364990234,200.485977172852,151.037384033203,218.616821289062,294.728973388672,226,253.691589355469,213.411224365234,262.140197753906,213.271041870117,217.102798461914,224.616821289062,214.168228149414,203.616821289062,226.514022827148,149.654205322266,41.8971939086914,100.140182495117,87.2429885864258,114.345794677734,54.1028060913086,211.588775634766,48.5514030456543,134.728958129883,94.551399230957,154.794387817383,71.551399230957,28.3084144592285,79.551399230957,81.448600769043,81,81,80.551399230957,81.448600769043,422.971954345703,429.177551269531,416.831756591797,416.869140625,429.177551269531,415.420562744141,363.757019042969,353.271026611328,358.551391601562,368.962615966797,367.654205322266,358.0654296875,243.794387817383,56.0373802185059,132.691589355469,120.345794677734,186.037384033203,63.2803649902344,2.49420273217771
97.5974640431654,39.1261221998258,54.0999993681908,-5.60732460021973,-14.2425174713135,-125.825637817383,964.233825683594,-1.00987195968628,-12.3306713104248,11.3207998275757,4.8347373008728,-14.7608938217163,6.0791130065918,-17.8581695556641,199.839096069336,62.1559448242188,0.5,122.342025756836,142.86442565918,2.21880006790161,95.808479309082,3.45840001106262,-0.0149670944213867,0.0295052193105221,0.116593293845654,0.300000011920929,10,2001,3760.083984375,127.40389251709,145,135.19221496582,140.788314819336,131.80778503418,145,222,152.019485473633,183.384414672852,169.19221496582,195.19221496582,148.211685180664,221.980514526367,283.557159423828,219.537673950195,240.094818115234,212.557144165039,253.749359130859,218.384414672852,212.345458984375,223.941558837891,214.345458984375,206.172729492188,226.557144165039,148.172729492188,41.8077926635742,99.4233779907227,85.4038925170898,114.615585327148,55.4038963317871,205.980514526367,50.2116889953613,131.231170654297,95,151.384414672852,73.2116851806641,28.5766258239746,80,81,81,81.4038925170898,81,81.4038925170898,423.289611816406,433.712982177734,423.520782470703,418.30908203125,431.693511962891,415.693511962891,358.729888916016,353.941558837891,352.537658691406,366.941558837891,362.133758544922,357.749359130859,246.846755981445,66.5402526855469,144.136352539062,123.038955688477,185.635055541992,71.9441452026367,2.49443232694295
97.6064471960066,39.1261221998258,57.0000000298023,-5.60775756835938,-14.3204898834229,-127.121055603027,965.290832519531,-1.05481970310211,-12.3207998275757,11.2659797668457,4.85078763961792,-14.7597904205322,6.11220026016235,-17.8689270019531,198.886566162109,62.1013946533203,0.5,123.696990966797,143.263336181641,2.02021479606628,96.3167495727539,2.71161818504333,-0.0148924072265625,0.0296632666140795,0.117088630795479,0.300000011920929,10,2001,3759.98754882812,127.914154052734,145.512817382812,133.915283203125,139.257537841797,132.05908203125,145,214.820556640625,150.981048583984,174.163940429688,162.274291992188,185.710205078125,145.383514404297,226.095855712891,283.585296630859,224.450378417969,234.266510009766,214.636566162109,254.295440673828,213.779296875,201.099304199219,213.980010986328,206.945434570312,202.857330322266,218.123809814453,145.113739013672,48.7257041931152,102.997741699219,86.6833801269531,116.656616210938,57.9654235839844,208.300994873047,50.4604187011719,135.056823730469,93.7179565429688,150.369018554688,74.2296447753906,26.0278949737549,80,81,80.7435913085938,81.6577453613281,81,81.6577453613281,434.512725830078,451.843780517578,438.569549560547,431.570678710938,442.144836425781,428.96533203125,352.622131347656,347.313323974609,347.450439453125,360.826141357422,355.254241943359,352.654449462891,246.816040039062,78.4993209838867,157.380035400391,121.474914550781,195.099151611328,83.6442489624023,2.49466192170819
97.6154303488478,39.1261221998258,55.5000007152557,-5.60032320022583,-14.3610057830811,-127.472946166992,966.802612304688,-1.05415236949921,-12.3207998275757,11.2666473388672,4.89874124526978,-14.7576351165771,6.15825510025024,-17.8690662384033,198.668167114258,62.0309295654297,0.49590390920639,123.766395568848,143.210983276367,2.00215148925781,96.3445510864258,2.5926947593689,-0.0148177185058594,0.0298213120549917,0.117088630795479,0.300000011920929,10,2001,3760.82788085938,127.891059875488,146.860107421875,133.233352661133,139.32682800293,131.026885986328,145.32682800293,200.533996582031,144.266998291016,159.751876831055,150.476150512695,169.027603149414,137.076019287109,237.734375,293.648254394531,248.227264404297,246.458648681641,228.12776184082,266.703430175781,208.442504882812,191.73371887207,207.119750976562,205.015472412109,202.439819335938,211.349044799805,147.167388916016,58.6718597412109,106.385269165039,89.0625076293945,117.544700622559,61.8063201904297,217.239395141602,48.1667861938477,135.886993408203,91.0578460693359,151.630813598633,73.139892578125,26.7511672973633,80.1089401245117,81,80.3423004150391,81.2333602905273,81,81.2333602905273,435.030944824219,460.421661376953,439.373260498047,431.388732910156,440.19775390625,432.957641601562,357.308654785156,348.393402099609,353.615936279297,363.471374511719,358.020141601562,355.035614013672,238.977722167969,68.94287109375,151.200424194336,109.285163879395,204.041046142578,72.5340042114258,2.49489151647342
96.8518623573462,39.1171390469846,49.8000010848045,-7.48164463043213,-11.4075241088867,-74.5601425170898,989.284118652344,-0.914296448230743,-16.2312679290771,15.3169717788696,3.3192183971405,-17.0141792297363,4.48637914657593,-20.0110626220703,197.414764404297,66.1557159423828,0.671872675418854,130.778854370117,143.155258178711,2.70760154724121,94.3901443481445,3.31611609458923,-0.0212475646972656,0.0240703765302896,0.104241751134396,0.333333343267441,10,2001,4222.853515625,113.366317749023,151.09895324707,127.366317749023,143.09895324707,120,148.09895324707,217.861114501953,161.960067749023,164.256942749023,153.890625,178.157989501953,149.227432250977,212.296875,313.673614501953,236.19792175293,280.40625,221.128479003906,282.574645996094,228.930557250977,239.39582824707,230.09895324707,238.09895324707,210.663192749023,250.366317749023,240.960067749023,63.9010429382324,159.633682250977,101.534721374512,175.663192749023,77.2673645019531,293.831604003906,49.1684036254883,234.59375,118.633682250977,275.901031494141,80.4357604980469,60.0989570617676,74,79,75.6336822509766,79,75,79,428.098968505859,421,410.633666992188,415.267364501953,420.831604003906,411.098968505859,343.604156494141,338.970489501953,359,347.633666992188,368.505218505859,338.168395996094,317.444458007812,80.6336822509766,231.703125,151.39582824707,238.97917175293,116.157989501953,2.47594442530715
